Ruta_Archivo,Frame_Inicio,Frame_Fin,label
dmd/gF/25/s3/gF_25_s3_2019-03-14T14;42;40+01;00_rgb_ann_distraction.json,8,97,safe
dmd/gF/25/s3/gF_25_s3_2019-03-14T14;42;40+01;00_rgb_ann_distraction.json,133,724,safe
dmd/gF/25/s3/gF_25_s3_2019-03-14T14;42;40+01;00_rgb_ann_distraction.json,985,1324,safe
dmd/gF/25/s3/gF_25_s3_2019-03-14T14;42;40+01;00_rgb_ann_distraction.json,1591,1875,safe
dmd/gF/25/s3/gF_25_s3_2019-03-14T14;42;40+01;00_rgb_ann_distraction.json,871,984,reaching
dmd/gF/25/s3/gF_25_s3_2019-03-14T14;42;40+01;00_rgb_ann_distraction.json,1515,1590,reaching
dmd/gF/25/s3/gF_25_s3_2019-03-14T14;42;40+01;00_rgb_ann_distraction.json,725,870,reaching
dmd/gF/25/s3/gF_25_s3_2019-03-14T14;42;40+01;00_rgb_ann_distraction.json,1325,1514,reaching
dmd/gF/25/s3/gF_25_s3_2019-03-11T10;11;14+01;00_rgb_ann_distraction.json,123,658,safe
dmd/gF/25/s3/gF_25_s3_2019-03-11T10;11;14+01;00_rgb_ann_distraction.json,897,1309,safe
dmd/gF/25/s3/gF_25_s3_2019-03-11T10;11;14+01;00_rgb_ann_distraction.json,1503,1712,safe
dmd/gF/25/s3/gF_25_s3_2019-03-11T10;11;14+01;00_rgb_ann_distraction.json,809,896,reaching
dmd/gF/25/s3/gF_25_s3_2019-03-11T10;11;14+01;00_rgb_ann_distraction.json,1441,1502,reaching
dmd/gF/25/s3/gF_25_s3_2019-03-11T10;11;14+01;00_rgb_ann_distraction.json,659,808,reaching
dmd/gF/25/s3/gF_25_s3_2019-03-11T10;11;14+01;00_rgb_ann_distraction.json,1310,1440,reaching
dmd/gF/25/s4/gF_25_s4_2019-03-20T10;29;08+01;00_rgb_ann_distraction.json,5,163,safe
dmd/gF/25/s4/gF_25_s4_2019-03-20T10;29;08+01;00_rgb_ann_distraction.json,189,517,safe
dmd/gF/25/s4/gF_25_s4_2019-03-20T10;29;08+01;00_rgb_ann_distraction.json,1127,1521,safe
dmd/gF/25/s4/gF_25_s4_2019-03-20T10;29;08+01;00_rgb_ann_distraction.json,2668,2877,safe
dmd/gF/25/s4/gF_25_s4_2019-03-20T10;29;08+01;00_rgb_ann_distraction.json,2895,3011,safe
dmd/gF/25/s4/gF_25_s4_2019-03-20T10;29;08+01;00_rgb_ann_distraction.json,3805,3920,safe
dmd/gF/25/s4/gF_25_s4_2019-03-20T10;29;08+01;00_rgb_ann_distraction.json,4502,4782,safe
dmd/gF/25/s4/gF_25_s4_2019-03-20T10;29;08+01;00_rgb_ann_distraction.json,5793,5906,safe
dmd/gF/25/s4/gF_25_s4_2019-03-20T10;29;08+01;00_rgb_ann_distraction.json,5983,6025,safe
dmd/gF/25/s4/gF_25_s4_2019-03-20T10;29;08+01;00_rgb_ann_distraction.json,6064,6104,safe
dmd/gF/25/s4/gF_25_s4_2019-03-20T10;29;08+01;00_rgb_ann_distraction.json,6126,6290,safe
dmd/gF/25/s4/gF_25_s4_2019-03-20T10;29;08+01;00_rgb_ann_distraction.json,6328,6365,safe
dmd/gF/25/s4/gF_25_s4_2019-03-20T10;29;08+01;00_rgb_ann_distraction.json,7055,7071,safe
dmd/gF/25/s4/gF_25_s4_2019-03-20T10;29;08+01;00_rgb_ann_distraction.json,7094,7437,safe
dmd/gF/25/s4/gF_25_s4_2019-03-20T10;29;08+01;00_rgb_ann_distraction.json,7945,8226,safe
dmd/gF/25/s4/gF_25_s4_2019-03-20T10;29;08+01;00_rgb_ann_distraction.json,8771,9048,safe
dmd/gF/25/s4/gF_25_s4_2019-03-20T10;29;08+01;00_rgb_ann_distraction.json,9932,10151,safe
dmd/gF/25/s4/gF_25_s4_2019-03-20T10;29;08+01;00_rgb_ann_distraction.json,10821,11045,safe
dmd/gF/25/s4/gF_25_s4_2019-03-20T10;29;08+01;00_rgb_ann_distraction.json,11597,11874,safe
dmd/gF/25/s4/gF_25_s4_2019-03-20T10;29;08+01;00_rgb_ann_distraction.json,12547,12763,safe
dmd/gF/25/s4/gF_25_s4_2019-03-20T10;29;08+01;00_rgb_ann_distraction.json,13331,13623,safe
dmd/gF/25/s4/gF_25_s4_2019-03-20T10;29;08+01;00_rgb_ann_distraction.json,14161,14435,safe
dmd/gF/25/s4/gF_25_s4_2019-03-20T10;29;08+01;00_rgb_ann_distraction.json,14902,15011,safe
dmd/gF/25/s4/gF_25_s4_2019-03-20T10;29;08+01;00_rgb_ann_distraction.json,3067,3683,unsafe
dmd/gF/25/s4/gF_25_s4_2019-03-20T10;29;08+01;00_rgb_ann_distraction.json,6496,6968,unsafe
dmd/gF/25/s4/gF_25_s4_2019-03-20T10;29;08+01;00_rgb_ann_distraction.json,1686,1827,unsafe
dmd/gF/25/s4/gF_25_s4_2019-03-20T10;29;08+01;00_rgb_ann_distraction.json,1870,1982,unsafe
dmd/gF/25/s4/gF_25_s4_2019-03-20T10;29;08+01;00_rgb_ann_distraction.json,2032,2516,unsafe
dmd/gF/25/s4/gF_25_s4_2019-03-20T10;29;08+01;00_rgb_ann_distraction.json,2541,2588,unsafe
dmd/gF/25/s4/gF_25_s4_2019-03-20T10;29;08+01;00_rgb_ann_distraction.json,4846,5721,unsafe
dmd/gF/25/s4/gF_25_s4_2019-03-20T10;29;08+01;00_rgb_ann_distraction.json,6475,6495,unsafe
dmd/gF/25/s4/gF_25_s4_2019-03-20T10;29;08+01;00_rgb_ann_distraction.json,10299,10743,unsafe
dmd/gF/25/s4/gF_25_s4_2019-03-20T10;29;08+01;00_rgb_ann_distraction.json,12844,13269,unsafe
dmd/gF/25/s4/gF_25_s4_2019-03-20T10;29;08+01;00_rgb_ann_distraction.json,9137,9852,unsafe
dmd/gF/25/s4/gF_25_s4_2019-03-20T10;29;08+01;00_rgb_ann_distraction.json,12001,12488,unsafe
dmd/gF/25/s4/gF_25_s4_2019-03-20T10;29;08+01;00_rgb_ann_distraction.json,518,628,reaching
dmd/gF/25/s4/gF_25_s4_2019-03-20T10;29;08+01;00_rgb_ann_distraction.json,1042,1126,reaching
dmd/gF/25/s4/gF_25_s4_2019-03-20T10;29;08+01;00_rgb_ann_distraction.json,1522,1685,reaching
dmd/gF/25/s4/gF_25_s4_2019-03-20T10;29;08+01;00_rgb_ann_distraction.json,2589,2667,reaching
dmd/gF/25/s4/gF_25_s4_2019-03-20T10;29;08+01;00_rgb_ann_distraction.json,3012,3066,reaching
dmd/gF/25/s4/gF_25_s4_2019-03-20T10;29;08+01;00_rgb_ann_distraction.json,3684,3804,reaching
dmd/gF/25/s4/gF_25_s4_2019-03-20T10;29;08+01;00_rgb_ann_distraction.json,3921,4013,reaching
dmd/gF/25/s4/gF_25_s4_2019-03-20T10;29;08+01;00_rgb_ann_distraction.json,4431,4501,reaching
dmd/gF/25/s4/gF_25_s4_2019-03-20T10;29;08+01;00_rgb_ann_distraction.json,4783,4845,reaching
dmd/gF/25/s4/gF_25_s4_2019-03-20T10;29;08+01;00_rgb_ann_distraction.json,5722,5792,reaching
dmd/gF/25/s4/gF_25_s4_2019-03-20T10;29;08+01;00_rgb_ann_distraction.json,6366,6474,reaching
dmd/gF/25/s4/gF_25_s4_2019-03-20T10;29;08+01;00_rgb_ann_distraction.json,6969,7054,reaching
dmd/gF/25/s4/gF_25_s4_2019-03-20T10;29;08+01;00_rgb_ann_distraction.json,7438,7524,reaching
dmd/gF/25/s4/gF_25_s4_2019-03-20T10;29;08+01;00_rgb_ann_distraction.json,7860,7944,reaching
dmd/gF/25/s4/gF_25_s4_2019-03-20T10;29;08+01;00_rgb_ann_distraction.json,8227,8309,reaching
dmd/gF/25/s4/gF_25_s4_2019-03-20T10;29;08+01;00_rgb_ann_distraction.json,8642,8770,reaching
dmd/gF/25/s4/gF_25_s4_2019-03-20T10;29;08+01;00_rgb_ann_distraction.json,9049,9136,reaching
dmd/gF/25/s4/gF_25_s4_2019-03-20T10;29;08+01;00_rgb_ann_distraction.json,9853,9931,reaching
dmd/gF/25/s4/gF_25_s4_2019-03-20T10;29;08+01;00_rgb_ann_distraction.json,10152,10223,reaching
dmd/gF/25/s4/gF_25_s4_2019-03-20T10;29;08+01;00_rgb_ann_distraction.json,10744,10820,reaching
dmd/gF/25/s4/gF_25_s4_2019-03-20T10;29;08+01;00_rgb_ann_distraction.json,11046,11107,reaching
dmd/gF/25/s4/gF_25_s4_2019-03-20T10;29;08+01;00_rgb_ann_distraction.json,11549,11596,reaching
dmd/gF/25/s4/gF_25_s4_2019-03-20T10;29;08+01;00_rgb_ann_distraction.json,11875,11956,reaching
dmd/gF/25/s4/gF_25_s4_2019-03-20T10;29;08+01;00_rgb_ann_distraction.json,12489,12546,reaching
dmd/gF/25/s4/gF_25_s4_2019-03-20T10;29;08+01;00_rgb_ann_distraction.json,12764,12843,reaching
dmd/gF/25/s4/gF_25_s4_2019-03-20T10;29;08+01;00_rgb_ann_distraction.json,13270,13330,reaching
dmd/gF/25/s4/gF_25_s4_2019-03-20T10;29;08+01;00_rgb_ann_distraction.json,13624,13735,reaching
dmd/gF/25/s4/gF_25_s4_2019-03-20T10;29;08+01;00_rgb_ann_distraction.json,14095,14160,reaching
dmd/gF/25/s4/gF_25_s4_2019-03-20T10;29;08+01;00_rgb_ann_distraction.json,14436,14478,reaching
dmd/gF/25/s4/gF_25_s4_2019-03-20T10;29;08+01;00_rgb_ann_distraction.json,14806,14901,reaching
dmd/gF/25/s4/gF_25_s4_2019-03-25T15;15;22+01;00_rgb_ann_distraction.json,3,317,safe
dmd/gF/25/s4/gF_25_s4_2019-03-25T15;15;22+01;00_rgb_ann_distraction.json,354,574,safe
dmd/gF/25/s4/gF_25_s4_2019-03-25T15;15;22+01;00_rgb_ann_distraction.json,1097,1364,safe
dmd/gF/25/s4/gF_25_s4_2019-03-25T15;15;22+01;00_rgb_ann_distraction.json,2389,2532,safe
dmd/gF/25/s4/gF_25_s4_2019-03-25T15;15;22+01;00_rgb_ann_distraction.json,3278,3411,safe
dmd/gF/25/s4/gF_25_s4_2019-03-25T15;15;22+01;00_rgb_ann_distraction.json,3441,3457,safe
dmd/gF/25/s4/gF_25_s4_2019-03-25T15;15;22+01;00_rgb_ann_distraction.json,4053,4200,safe
dmd/gF/25/s4/gF_25_s4_2019-03-25T15;15;22+01;00_rgb_ann_distraction.json,4231,4377,safe
dmd/gF/25/s4/gF_25_s4_2019-03-25T15;15;22+01;00_rgb_ann_distraction.json,4442,4512,safe
dmd/gF/25/s4/gF_25_s4_2019-03-25T15;15;22+01;00_rgb_ann_distraction.json,5589,5773,safe
dmd/gF/25/s4/gF_25_s4_2019-03-25T15;15;22+01;00_rgb_ann_distraction.json,5800,5960,safe
dmd/gF/25/s4/gF_25_s4_2019-03-25T15;15;22+01;00_rgb_ann_distraction.json,6719,6772,safe
dmd/gF/25/s4/gF_25_s4_2019-03-25T15;15;22+01;00_rgb_ann_distraction.json,6793,7043,safe
dmd/gF/25/s4/gF_25_s4_2019-03-25T15;15;22+01;00_rgb_ann_distraction.json,7634,7829,safe
dmd/gF/25/s4/gF_25_s4_2019-03-25T15;15;22+01;00_rgb_ann_distraction.json,7854,7923,safe
dmd/gF/25/s4/gF_25_s4_2019-03-25T15;15;22+01;00_rgb_ann_distraction.json,8407,8762,safe
dmd/gF/25/s4/gF_25_s4_2019-03-25T15;15;22+01;00_rgb_ann_distraction.json,10644,10663,safe
dmd/gF/25/s4/gF_25_s4_2019-03-25T15;15;22+01;00_rgb_ann_distraction.json,10719,10740,safe
dmd/gF/25/s4/gF_25_s4_2019-03-25T15;15;22+01;00_rgb_ann_distraction.json,11430,11606,safe
dmd/gF/25/s4/gF_25_s4_2019-03-25T15;15;22+01;00_rgb_ann_distraction.json,12096,12403,safe
dmd/gF/25/s4/gF_25_s4_2019-03-25T15;15;22+01;00_rgb_ann_distraction.json,13824,14066,safe
dmd/gF/25/s4/gF_25_s4_2019-03-25T15;15;22+01;00_rgb_ann_distraction.json,14752,14821,safe
dmd/gF/25/s4/gF_25_s4_2019-03-25T15;15;22+01;00_rgb_ann_distraction.json,14868,14919,safe
dmd/gF/25/s4/gF_25_s4_2019-03-25T15;15;22+01;00_rgb_ann_distraction.json,15560,15727,safe
dmd/gF/25/s4/gF_25_s4_2019-03-25T15;15;22+01;00_rgb_ann_distraction.json,16182,16256,safe
dmd/gF/25/s4/gF_25_s4_2019-03-25T15;15;22+01;00_rgb_ann_distraction.json,2640,3119,unsafe
dmd/gF/25/s4/gF_25_s4_2019-03-25T15;15;22+01;00_rgb_ann_distraction.json,3172,3212,unsafe
dmd/gF/25/s4/gF_25_s4_2019-03-25T15;15;22+01;00_rgb_ann_distraction.json,6041,6664,unsafe
dmd/gF/25/s4/gF_25_s4_2019-03-25T15;15;22+01;00_rgb_ann_distraction.json,1454,2283,unsafe
dmd/gF/25/s4/gF_25_s4_2019-03-25T15;15;22+01;00_rgb_ann_distraction.json,4590,4652,unsafe
dmd/gF/25/s4/gF_25_s4_2019-03-25T15;15;22+01;00_rgb_ann_distraction.json,4676,5529,unsafe
dmd/gF/25/s4/gF_25_s4_2019-03-25T15;15;22+01;00_rgb_ann_distraction.json,10847,11356,unsafe
dmd/gF/25/s4/gF_25_s4_2019-03-25T15;15;22+01;00_rgb_ann_distraction.json,14154,14672,unsafe
dmd/gF/25/s4/gF_25_s4_2019-03-25T15;15;22+01;00_rgb_ann_distraction.json,8861,10187,unsafe
dmd/gF/25/s4/gF_25_s4_2019-03-25T15;15;22+01;00_rgb_ann_distraction.json,12496,13752,unsafe
dmd/gF/25/s4/gF_25_s4_2019-03-25T15;15;22+01;00_rgb_ann_distraction.json,575,653,reaching
dmd/gF/25/s4/gF_25_s4_2019-03-25T15;15;22+01;00_rgb_ann_distraction.json,1041,1096,reaching
dmd/gF/25/s4/gF_25_s4_2019-03-25T15;15;22+01;00_rgb_ann_distraction.json,1365,1453,reaching
dmd/gF/25/s4/gF_25_s4_2019-03-25T15;15;22+01;00_rgb_ann_distraction.json,2284,2350,reaching
dmd/gF/25/s4/gF_25_s4_2019-03-25T15;15;22+01;00_rgb_ann_distraction.json,2555,2639,reaching
dmd/gF/25/s4/gF_25_s4_2019-03-25T15;15;22+01;00_rgb_ann_distraction.json,3213,3277,reaching
dmd/gF/25/s4/gF_25_s4_2019-03-25T15;15;22+01;00_rgb_ann_distraction.json,3458,3515,reaching
dmd/gF/25/s4/gF_25_s4_2019-03-25T15;15;22+01;00_rgb_ann_distraction.json,3879,3935,reaching
dmd/gF/25/s4/gF_25_s4_2019-03-25T15;15;22+01;00_rgb_ann_distraction.json,4513,4589,reaching
dmd/gF/25/s4/gF_25_s4_2019-03-25T15;15;22+01;00_rgb_ann_distraction.json,5530,5588,reaching
dmd/gF/25/s4/gF_25_s4_2019-03-25T15;15;22+01;00_rgb_ann_distraction.json,5961,6040,reaching
dmd/gF/25/s4/gF_25_s4_2019-03-25T15;15;22+01;00_rgb_ann_distraction.json,6665,6718,reaching
dmd/gF/25/s4/gF_25_s4_2019-03-25T15;15;22+01;00_rgb_ann_distraction.json,7044,7130,reaching
dmd/gF/25/s4/gF_25_s4_2019-03-25T15;15;22+01;00_rgb_ann_distraction.json,7551,7633,reaching
dmd/gF/25/s4/gF_25_s4_2019-03-25T15;15;22+01;00_rgb_ann_distraction.json,7924,8010,reaching
dmd/gF/25/s4/gF_25_s4_2019-03-25T15;15;22+01;00_rgb_ann_distraction.json,8323,8406,reaching
dmd/gF/25/s4/gF_25_s4_2019-03-25T15;15;22+01;00_rgb_ann_distraction.json,8763,8860,reaching
dmd/gF/25/s4/gF_25_s4_2019-03-25T15;15;22+01;00_rgb_ann_distraction.json,10188,10314,reaching
dmd/gF/25/s4/gF_25_s4_2019-03-25T15;15;22+01;00_rgb_ann_distraction.json,10694,10718,reaching
dmd/gF/25/s4/gF_25_s4_2019-03-25T15;15;22+01;00_rgb_ann_distraction.json,10741,10846,reaching
dmd/gF/25/s4/gF_25_s4_2019-03-25T15;15;22+01;00_rgb_ann_distraction.json,11357,11429,reaching
dmd/gF/25/s4/gF_25_s4_2019-03-25T15;15;22+01;00_rgb_ann_distraction.json,11607,11672,reaching
dmd/gF/25/s4/gF_25_s4_2019-03-25T15;15;22+01;00_rgb_ann_distraction.json,12049,12095,reaching
dmd/gF/25/s4/gF_25_s4_2019-03-25T15;15;22+01;00_rgb_ann_distraction.json,12404,12495,reaching
dmd/gF/25/s4/gF_25_s4_2019-03-25T15;15;22+01;00_rgb_ann_distraction.json,13753,13823,reaching
dmd/gF/25/s4/gF_25_s4_2019-03-25T15;15;22+01;00_rgb_ann_distraction.json,14067,14153,reaching
dmd/gF/25/s4/gF_25_s4_2019-03-25T15;15;22+01;00_rgb_ann_distraction.json,14673,14751,reaching
dmd/gF/25/s4/gF_25_s4_2019-03-25T15;15;22+01;00_rgb_ann_distraction.json,14920,15013,reaching
dmd/gF/25/s4/gF_25_s4_2019-03-25T15;15;22+01;00_rgb_ann_distraction.json,15477,15559,reaching
dmd/gF/25/s4/gF_25_s4_2019-03-25T15;15;22+01;00_rgb_ann_distraction.json,15728,15792,reaching
dmd/gF/25/s4/gF_25_s4_2019-03-25T15;15;22+01;00_rgb_ann_distraction.json,16128,16181,reaching
dmd/gF/25/s2/gF_25_s2_2019-03-05T11;00;55+01;00_rgb_ann_distraction.json,15,458,safe
dmd/gF/25/s2/gF_25_s2_2019-03-05T11;00;55+01;00_rgb_ann_distraction.json,1070,1389,safe
dmd/gF/25/s2/gF_25_s2_2019-03-05T11;00;55+01;00_rgb_ann_distraction.json,2401,2686,safe
dmd/gF/25/s2/gF_25_s2_2019-03-05T11;00;55+01;00_rgb_ann_distraction.json,3215,3556,safe
dmd/gF/25/s2/gF_25_s2_2019-03-05T11;00;55+01;00_rgb_ann_distraction.json,4801,4990,safe
dmd/gF/25/s2/gF_25_s2_2019-03-05T11;00;55+01;00_rgb_ann_distraction.json,5515,5800,safe
dmd/gF/25/s2/gF_25_s2_2019-03-05T11;00;55+01;00_rgb_ann_distraction.json,6379,6670,safe
dmd/gF/25/s2/gF_25_s2_2019-03-05T11;00;55+01;00_rgb_ann_distraction.json,8095,8227,safe
dmd/gF/25/s2/gF_25_s2_2019-03-05T11;00;55+01;00_rgb_ann_distraction.json,8804,9149,safe
dmd/gF/25/s2/gF_25_s2_2019-03-05T11;00;55+01;00_rgb_ann_distraction.json,9752,9987,safe
dmd/gF/25/s2/gF_25_s2_2019-03-05T11;00;55+01;00_rgb_ann_distraction.json,11073,11282,safe
dmd/gF/25/s2/gF_25_s2_2019-03-05T11;00;55+01;00_rgb_ann_distraction.json,11949,12129,safe
dmd/gF/25/s2/gF_25_s2_2019-03-05T11;00;55+01;00_rgb_ann_distraction.json,1456,1464,unsafe
dmd/gF/25/s2/gF_25_s2_2019-03-05T11;00;55+01;00_rgb_ann_distraction.json,2330,2341,unsafe
dmd/gF/25/s2/gF_25_s2_2019-03-05T11;00;55+01;00_rgb_ann_distraction.json,2747,3162,unsafe
dmd/gF/25/s2/gF_25_s2_2019-03-05T11;00;55+01;00_rgb_ann_distraction.json,3622,3638,unsafe
dmd/gF/25/s2/gF_25_s2_2019-03-05T11;00;55+01;00_rgb_ann_distraction.json,5052,5457,unsafe
dmd/gF/25/s2/gF_25_s2_2019-03-05T11;00;55+01;00_rgb_ann_distraction.json,1465,2329,unsafe
dmd/gF/25/s2/gF_25_s2_2019-03-05T11;00;55+01;00_rgb_ann_distraction.json,3639,4748,unsafe
dmd/gF/25/s2/gF_25_s2_2019-03-05T11;00;55+01;00_rgb_ann_distraction.json,7994,8032,unsafe
dmd/gF/25/s2/gF_25_s2_2019-03-05T11;00;55+01;00_rgb_ann_distraction.json,8299,8743,unsafe
dmd/gF/25/s2/gF_25_s2_2019-03-05T11;00;55+01;00_rgb_ann_distraction.json,9225,9690,unsafe
dmd/gF/25/s2/gF_25_s2_2019-03-05T11;00;55+01;00_rgb_ann_distraction.json,10044,10074,unsafe
dmd/gF/25/s2/gF_25_s2_2019-03-05T11;00;55+01;00_rgb_ann_distraction.json,10994,11013,unsafe
dmd/gF/25/s2/gF_25_s2_2019-03-05T11;00;55+01;00_rgb_ann_distraction.json,6755,7993,unsafe
dmd/gF/25/s2/gF_25_s2_2019-03-05T11;00;55+01;00_rgb_ann_distraction.json,10075,10993,unsafe
dmd/gF/25/s2/gF_25_s2_2019-03-05T11;00;55+01;00_rgb_ann_distraction.json,459,610,reaching
dmd/gF/25/s2/gF_25_s2_2019-03-05T11;00;55+01;00_rgb_ann_distraction.json,939,1069,reaching
dmd/gF/25/s2/gF_25_s2_2019-03-05T11;00;55+01;00_rgb_ann_distraction.json,1390,1455,reaching
dmd/gF/25/s2/gF_25_s2_2019-03-05T11;00;55+01;00_rgb_ann_distraction.json,2342,2400,reaching
dmd/gF/25/s2/gF_25_s2_2019-03-05T11;00;55+01;00_rgb_ann_distraction.json,2687,2746,reaching
dmd/gF/25/s2/gF_25_s2_2019-03-05T11;00;55+01;00_rgb_ann_distraction.json,3163,3214,reaching
dmd/gF/25/s2/gF_25_s2_2019-03-05T11;00;55+01;00_rgb_ann_distraction.json,3557,3621,reaching
dmd/gF/25/s2/gF_25_s2_2019-03-05T11;00;55+01;00_rgb_ann_distraction.json,4749,4800,reaching
dmd/gF/25/s2/gF_25_s2_2019-03-05T11;00;55+01;00_rgb_ann_distraction.json,4991,5051,reaching
dmd/gF/25/s2/gF_25_s2_2019-03-05T11;00;55+01;00_rgb_ann_distraction.json,5458,5514,reaching
dmd/gF/25/s2/gF_25_s2_2019-03-05T11;00;55+01;00_rgb_ann_distraction.json,5801,5952,reaching
dmd/gF/25/s2/gF_25_s2_2019-03-05T11;00;55+01;00_rgb_ann_distraction.json,6275,6378,reaching
dmd/gF/25/s2/gF_25_s2_2019-03-05T11;00;55+01;00_rgb_ann_distraction.json,6671,6754,reaching
dmd/gF/25/s2/gF_25_s2_2019-03-05T11;00;55+01;00_rgb_ann_distraction.json,8033,8094,reaching
dmd/gF/25/s2/gF_25_s2_2019-03-05T11;00;55+01;00_rgb_ann_distraction.json,8228,8298,reaching
dmd/gF/25/s2/gF_25_s2_2019-03-05T11;00;55+01;00_rgb_ann_distraction.json,8744,8803,reaching
dmd/gF/25/s2/gF_25_s2_2019-03-05T11;00;55+01;00_rgb_ann_distraction.json,9150,9224,reaching
dmd/gF/25/s2/gF_25_s2_2019-03-05T11;00;55+01;00_rgb_ann_distraction.json,9691,9751,reaching
dmd/gF/25/s2/gF_25_s2_2019-03-05T11;00;55+01;00_rgb_ann_distraction.json,9988,10043,reaching
dmd/gF/25/s2/gF_25_s2_2019-03-05T11;00;55+01;00_rgb_ann_distraction.json,11014,11072,reaching
dmd/gF/25/s2/gF_25_s2_2019-03-05T11;00;55+01;00_rgb_ann_distraction.json,11283,11486,reaching
dmd/gF/25/s2/gF_25_s2_2019-03-05T11;00;55+01;00_rgb_ann_distraction.json,11864,11948,reaching
dmd/gF/25/s2/gF_25_s2_2019-03-04T15;44;45+01;00_rgb_ann_distraction.json,2,421,safe
dmd/gF/25/s2/gF_25_s2_2019-03-04T15;44;45+01;00_rgb_ann_distraction.json,841,1129,safe
dmd/gF/25/s2/gF_25_s2_2019-03-04T15;44;45+01;00_rgb_ann_distraction.json,2137,2466,safe
dmd/gF/25/s2/gF_25_s2_2019-03-04T15;44;45+01;00_rgb_ann_distraction.json,3099,3401,safe
dmd/gF/25/s2/gF_25_s2_2019-03-04T15;44;45+01;00_rgb_ann_distraction.json,4359,4737,safe
dmd/gF/25/s2/gF_25_s2_2019-03-04T15;44;45+01;00_rgb_ann_distraction.json,5296,5597,safe
dmd/gF/25/s2/gF_25_s2_2019-03-04T15;44;45+01;00_rgb_ann_distraction.json,6075,6349,safe
dmd/gF/25/s2/gF_25_s2_2019-03-04T15;44;45+01;00_rgb_ann_distraction.json,7733,8011,safe
dmd/gF/25/s2/gF_25_s2_2019-03-04T15;44;45+01;00_rgb_ann_distraction.json,8592,8893,safe
dmd/gF/25/s2/gF_25_s2_2019-03-04T15;44;45+01;00_rgb_ann_distraction.json,10023,10258,safe
dmd/gF/25/s2/gF_25_s2_2019-03-04T15;44;45+01;00_rgb_ann_distraction.json,10837,11168,safe
dmd/gF/25/s2/gF_25_s2_2019-03-04T15;44;45+01;00_rgb_ann_distraction.json,11651,11883,safe
dmd/gF/25/s2/gF_25_s2_2019-03-04T15;44;45+01;00_rgb_ann_distraction.json,1198,1335,unsafe
dmd/gF/25/s2/gF_25_s2_2019-03-04T15;44;45+01;00_rgb_ann_distraction.json,2544,3034,unsafe
dmd/gF/25/s2/gF_25_s2_2019-03-04T15;44;45+01;00_rgb_ann_distraction.json,4828,5242,unsafe
dmd/gF/25/s2/gF_25_s2_2019-03-04T15;44;45+01;00_rgb_ann_distraction.json,1336,2041,unsafe
dmd/gF/25/s2/gF_25_s2_2019-03-04T15;44;45+01;00_rgb_ann_distraction.json,3467,4287,unsafe
dmd/gF/25/s2/gF_25_s2_2019-03-04T15;44;45+01;00_rgb_ann_distraction.json,8098,8521,unsafe
dmd/gF/25/s2/gF_25_s2_2019-03-04T15;44;45+01;00_rgb_ann_distraction.json,8980,8996,unsafe
dmd/gF/25/s2/gF_25_s2_2019-03-04T15;44;45+01;00_rgb_ann_distraction.json,10335,10771,unsafe
dmd/gF/25/s2/gF_25_s2_2019-03-04T15;44;45+01;00_rgb_ann_distraction.json,6454,7659,unsafe
dmd/gF/25/s2/gF_25_s2_2019-03-04T15;44;45+01;00_rgb_ann_distraction.json,8997,9925,unsafe
dmd/gF/25/s2/gF_25_s2_2019-03-04T15;44;45+01;00_rgb_ann_distraction.json,422,489,reaching
dmd/gF/25/s2/gF_25_s2_2019-03-04T15;44;45+01;00_rgb_ann_distraction.json,797,840,reaching
dmd/gF/25/s2/gF_25_s2_2019-03-04T15;44;45+01;00_rgb_ann_distraction.json,1130,1197,reaching
dmd/gF/25/s2/gF_25_s2_2019-03-04T15;44;45+01;00_rgb_ann_distraction.json,2042,2136,reaching
dmd/gF/25/s2/gF_25_s2_2019-03-04T15;44;45+01;00_rgb_ann_distraction.json,2467,2543,reaching
dmd/gF/25/s2/gF_25_s2_2019-03-04T15;44;45+01;00_rgb_ann_distraction.json,3035,3098,reaching
dmd/gF/25/s2/gF_25_s2_2019-03-04T15;44;45+01;00_rgb_ann_distraction.json,3402,3466,reaching
dmd/gF/25/s2/gF_25_s2_2019-03-04T15;44;45+01;00_rgb_ann_distraction.json,4288,4358,reaching
dmd/gF/25/s2/gF_25_s2_2019-03-04T15;44;45+01;00_rgb_ann_distraction.json,4738,4827,reaching
dmd/gF/25/s2/gF_25_s2_2019-03-04T15;44;45+01;00_rgb_ann_distraction.json,5243,5295,reaching
dmd/gF/25/s2/gF_25_s2_2019-03-04T15;44;45+01;00_rgb_ann_distraction.json,5598,5677,reaching
dmd/gF/25/s2/gF_25_s2_2019-03-04T15;44;45+01;00_rgb_ann_distraction.json,6027,6074,reaching
dmd/gF/25/s2/gF_25_s2_2019-03-04T15;44;45+01;00_rgb_ann_distraction.json,6350,6453,reaching
dmd/gF/25/s2/gF_25_s2_2019-03-04T15;44;45+01;00_rgb_ann_distraction.json,7660,7732,reaching
dmd/gF/25/s2/gF_25_s2_2019-03-04T15;44;45+01;00_rgb_ann_distraction.json,8012,8097,reaching
dmd/gF/25/s2/gF_25_s2_2019-03-04T15;44;45+01;00_rgb_ann_distraction.json,8522,8591,reaching
dmd/gF/25/s2/gF_25_s2_2019-03-04T15;44;45+01;00_rgb_ann_distraction.json,8894,8979,reaching
dmd/gF/25/s2/gF_25_s2_2019-03-04T15;44;45+01;00_rgb_ann_distraction.json,9926,10022,reaching
dmd/gF/25/s2/gF_25_s2_2019-03-04T15;44;45+01;00_rgb_ann_distraction.json,10259,10334,reaching
dmd/gF/25/s2/gF_25_s2_2019-03-04T15;44;45+01;00_rgb_ann_distraction.json,10772,10836,reaching
dmd/gF/25/s2/gF_25_s2_2019-03-04T15;44;45+01;00_rgb_ann_distraction.json,11169,11222,reaching
dmd/gF/25/s2/gF_25_s2_2019-03-04T15;44;45+01;00_rgb_ann_distraction.json,11604,11650,reaching
dmd/gF/25/s1/gF_25_s1_2019-03-05T11;09;25+01;00_rgb_ann_distraction.json,13,219,safe
dmd/gF/25/s1/gF_25_s1_2019-03-05T11;09;25+01;00_rgb_ann_distraction.json,251,284,safe
dmd/gF/25/s1/gF_25_s1_2019-03-05T11;09;25+01;00_rgb_ann_distraction.json,645,1000,safe
dmd/gF/25/s1/gF_25_s1_2019-03-05T11;09;25+01;00_rgb_ann_distraction.json,1421,1614,safe
dmd/gF/25/s1/gF_25_s1_2019-03-05T11;09;25+01;00_rgb_ann_distraction.json,1644,1663,safe
dmd/gF/25/s1/gF_25_s1_2019-03-05T11;09;25+01;00_rgb_ann_distraction.json,1695,1798,safe
dmd/gF/25/s1/gF_25_s1_2019-03-05T11;09;25+01;00_rgb_ann_distraction.json,1847,1856,safe
dmd/gF/25/s1/gF_25_s1_2019-03-05T11;09;25+01;00_rgb_ann_distraction.json,1882,1899,safe
dmd/gF/25/s1/gF_25_s1_2019-03-05T11;09;25+01;00_rgb_ann_distraction.json,1935,1952,safe
dmd/gF/25/s1/gF_25_s1_2019-03-05T11;09;25+01;00_rgb_ann_distraction.json,1992,2013,safe
dmd/gF/25/s1/gF_25_s1_2019-03-05T11;09;25+01;00_rgb_ann_distraction.json,2048,2052,safe
dmd/gF/25/s1/gF_25_s1_2019-03-05T11;09;25+01;00_rgb_ann_distraction.json,2089,2092,safe
dmd/gF/25/s1/gF_25_s1_2019-03-05T11;09;25+01;00_rgb_ann_distraction.json,2118,2221,safe
dmd/gF/25/s1/gF_25_s1_2019-03-05T11;09;25+01;00_rgb_ann_distraction.json,2247,2264,safe
dmd/gF/25/s1/gF_25_s1_2019-03-05T11;09;25+01;00_rgb_ann_distraction.json,2286,2368,safe
dmd/gF/25/s1/gF_25_s1_2019-03-05T11;09;25+01;00_rgb_ann_distraction.json,2387,2413,safe
dmd/gF/25/s1/gF_25_s1_2019-03-05T11;09;25+01;00_rgb_ann_distraction.json,2438,2475,safe
dmd/gF/25/s1/gF_25_s1_2019-03-05T11;09;25+01;00_rgb_ann_distraction.json,2515,2527,safe
dmd/gF/25/s1/gF_25_s1_2019-03-05T11;09;25+01;00_rgb_ann_distraction.json,2562,2716,safe
dmd/gF/25/s1/gF_25_s1_2019-03-05T11;09;25+01;00_rgb_ann_distraction.json,3127,3159,safe
dmd/gF/25/s1/gF_25_s1_2019-03-05T11;09;25+01;00_rgb_ann_distraction.json,3197,3388,safe
dmd/gF/25/s1/gF_25_s1_2019-03-05T11;09;25+01;00_rgb_ann_distraction.json,4286,4513,safe
dmd/gF/25/s1/gF_25_s1_2019-03-05T11;09;25+01;00_rgb_ann_distraction.json,4530,4543,safe
dmd/gF/25/s1/gF_25_s1_2019-03-05T11;09;25+01;00_rgb_ann_distraction.json,4563,4584,safe
dmd/gF/25/s1/gF_25_s1_2019-03-05T11;09;25+01;00_rgb_ann_distraction.json,4605,4643,safe
dmd/gF/25/s1/gF_25_s1_2019-03-05T11;09;25+01;00_rgb_ann_distraction.json,4670,4699,safe
dmd/gF/25/s1/gF_25_s1_2019-03-05T11;09;25+01;00_rgb_ann_distraction.json,4733,4772,safe
dmd/gF/25/s1/gF_25_s1_2019-03-05T11;09;25+01;00_rgb_ann_distraction.json,4795,4809,safe
dmd/gF/25/s1/gF_25_s1_2019-03-05T11;09;25+01;00_rgb_ann_distraction.json,4873,4896,safe
dmd/gF/25/s1/gF_25_s1_2019-03-05T11;09;25+01;00_rgb_ann_distraction.json,4916,4939,safe
dmd/gF/25/s1/gF_25_s1_2019-03-05T11;09;25+01;00_rgb_ann_distraction.json,4964,4991,safe
dmd/gF/25/s1/gF_25_s1_2019-03-05T11;09;25+01;00_rgb_ann_distraction.json,5017,5326,safe
dmd/gF/25/s1/gF_25_s1_2019-03-05T11;09;25+01;00_rgb_ann_distraction.json,5348,5383,safe
dmd/gF/25/s1/gF_25_s1_2019-03-05T11;09;25+01;00_rgb_ann_distraction.json,5914,6133,safe
dmd/gF/25/s1/gF_25_s1_2019-03-05T11;09;25+01;00_rgb_ann_distraction.json,6166,6358,safe
dmd/gF/25/s1/gF_25_s1_2019-03-05T11;09;25+01;00_rgb_ann_distraction.json,285,644,unsafe
dmd/gF/25/s1/gF_25_s1_2019-03-05T11;09;25+01;00_rgb_ann_distraction.json,3389,3841,unsafe
dmd/gF/25/s1/gF_25_s1_2019-03-05T11;09;25+01;00_rgb_ann_distraction.json,1001,1049,reaching
dmd/gF/25/s1/gF_25_s1_2019-03-05T11;09;25+01;00_rgb_ann_distraction.json,1351,1420,reaching
dmd/gF/25/s1/gF_25_s1_2019-03-05T11;09;25+01;00_rgb_ann_distraction.json,2717,2776,reaching
dmd/gF/25/s1/gF_25_s1_2019-03-05T11;09;25+01;00_rgb_ann_distraction.json,3023,3102,reaching
dmd/gF/25/s1/gF_25_s1_2019-03-05T11;09;25+01;00_rgb_ann_distraction.json,3842,3887,reaching
dmd/gF/25/s1/gF_25_s1_2019-03-05T11;09;25+01;00_rgb_ann_distraction.json,4169,4243,reaching
dmd/gF/25/s1/gF_25_s1_2019-03-05T11;09;25+01;00_rgb_ann_distraction.json,5403,5453,reaching
dmd/gF/25/s1/gF_25_s1_2019-03-05T11;09;25+01;00_rgb_ann_distraction.json,5773,5913,reaching
dmd/gF/25/s1/gF_25_s1_2019-03-05T11;09;25+01;00_rgb_ann_distraction.json,1615,1643,unsafe
dmd/gF/25/s1/gF_25_s1_2019-03-05T11;09;25+01;00_rgb_ann_distraction.json,1664,1694,unsafe
dmd/gF/25/s1/gF_25_s1_2019-03-05T11;09;25+01;00_rgb_ann_distraction.json,1799,1846,unsafe
dmd/gF/25/s1/gF_25_s1_2019-03-05T11;09;25+01;00_rgb_ann_distraction.json,1857,1881,unsafe
dmd/gF/25/s1/gF_25_s1_2019-03-05T11;09;25+01;00_rgb_ann_distraction.json,1900,1934,unsafe
dmd/gF/25/s1/gF_25_s1_2019-03-05T11;09;25+01;00_rgb_ann_distraction.json,1953,1991,unsafe
dmd/gF/25/s1/gF_25_s1_2019-03-05T11;09;25+01;00_rgb_ann_distraction.json,2014,2047,unsafe
dmd/gF/25/s1/gF_25_s1_2019-03-05T11;09;25+01;00_rgb_ann_distraction.json,2053,2088,unsafe
dmd/gF/25/s1/gF_25_s1_2019-03-05T11;09;25+01;00_rgb_ann_distraction.json,2093,2117,unsafe
dmd/gF/25/s1/gF_25_s1_2019-03-05T11;09;25+01;00_rgb_ann_distraction.json,2222,2246,unsafe
dmd/gF/25/s1/gF_25_s1_2019-03-05T11;09;25+01;00_rgb_ann_distraction.json,2265,2285,unsafe
dmd/gF/25/s1/gF_25_s1_2019-03-05T11;09;25+01;00_rgb_ann_distraction.json,2369,2386,unsafe
dmd/gF/25/s1/gF_25_s1_2019-03-05T11;09;25+01;00_rgb_ann_distraction.json,2414,2437,unsafe
dmd/gF/25/s1/gF_25_s1_2019-03-05T11;09;25+01;00_rgb_ann_distraction.json,2476,2514,unsafe
dmd/gF/25/s1/gF_25_s1_2019-03-05T11;09;25+01;00_rgb_ann_distraction.json,2528,2561,unsafe
dmd/gF/25/s1/gF_25_s1_2019-03-05T11;09;25+01;00_rgb_ann_distraction.json,4514,4529,unsafe
dmd/gF/25/s1/gF_25_s1_2019-03-05T11;09;25+01;00_rgb_ann_distraction.json,4544,4562,unsafe
dmd/gF/25/s1/gF_25_s1_2019-03-05T11;09;25+01;00_rgb_ann_distraction.json,4585,4604,unsafe
dmd/gF/25/s1/gF_25_s1_2019-03-05T11;09;25+01;00_rgb_ann_distraction.json,4644,4669,unsafe
dmd/gF/25/s1/gF_25_s1_2019-03-05T11;09;25+01;00_rgb_ann_distraction.json,4700,4732,unsafe
dmd/gF/25/s1/gF_25_s1_2019-03-05T11;09;25+01;00_rgb_ann_distraction.json,4773,4794,unsafe
dmd/gF/25/s1/gF_25_s1_2019-03-05T11;09;25+01;00_rgb_ann_distraction.json,4810,4835,unsafe
dmd/gF/25/s1/gF_25_s1_2019-03-05T11;09;25+01;00_rgb_ann_distraction.json,4897,4915,unsafe
dmd/gF/25/s1/gF_25_s1_2019-03-05T11;09;25+01;00_rgb_ann_distraction.json,4940,4963,unsafe
dmd/gF/25/s1/gF_25_s1_2019-03-05T11;09;25+01;00_rgb_ann_distraction.json,4992,5016,unsafe
dmd/gF/25/s1/gF_25_s1_2019-03-05T11;09;25+01;00_rgb_ann_distraction.json,5327,5347,unsafe
dmd/gF/25/s1/gF_25_s1_2019-03-05T11;09;25+01;00_rgb_ann_distraction.json,5384,5402,unsafe
dmd/gF/25/s1/gF_25_s1_2019-03-04T15;53;22+01;00_rgb_ann_distraction.json,79,424,safe
dmd/gF/25/s1/gF_25_s1_2019-03-04T15;53;22+01;00_rgb_ann_distraction.json,708,729,safe
dmd/gF/25/s1/gF_25_s1_2019-03-04T15;53;22+01;00_rgb_ann_distraction.json,761,788,safe
dmd/gF/25/s1/gF_25_s1_2019-03-04T15;53;22+01;00_rgb_ann_distraction.json,823,917,safe
dmd/gF/25/s1/gF_25_s1_2019-03-04T15;53;22+01;00_rgb_ann_distraction.json,977,1166,safe
dmd/gF/25/s1/gF_25_s1_2019-03-04T15;53;22+01;00_rgb_ann_distraction.json,1674,2713,safe
dmd/gF/25/s1/gF_25_s1_2019-03-04T15;53;22+01;00_rgb_ann_distraction.json,2746,2858,safe
dmd/gF/25/s1/gF_25_s1_2019-03-04T15;53;22+01;00_rgb_ann_distraction.json,3675,3974,safe
dmd/gF/25/s1/gF_25_s1_2019-03-04T15;53;22+01;00_rgb_ann_distraction.json,4407,4799,safe
dmd/gF/25/s1/gF_25_s1_2019-03-04T15;53;22+01;00_rgb_ann_distraction.json,4835,4836,safe
dmd/gF/25/s1/gF_25_s1_2019-03-04T15;53;22+01;00_rgb_ann_distraction.json,4872,4890,safe
dmd/gF/25/s1/gF_25_s1_2019-03-04T15;53;22+01;00_rgb_ann_distraction.json,4923,4931,safe
dmd/gF/25/s1/gF_25_s1_2019-03-04T15;53;22+01;00_rgb_ann_distraction.json,4966,4970,safe
dmd/gF/25/s1/gF_25_s1_2019-03-04T15;53;22+01;00_rgb_ann_distraction.json,5013,5017,safe
dmd/gF/25/s1/gF_25_s1_2019-03-04T15;53;22+01;00_rgb_ann_distraction.json,5052,5114,safe
dmd/gF/25/s1/gF_25_s1_2019-03-04T15;53;22+01;00_rgb_ann_distraction.json,5145,5149,safe
dmd/gF/25/s1/gF_25_s1_2019-03-04T15;53;22+01;00_rgb_ann_distraction.json,5177,5191,safe
dmd/gF/25/s1/gF_25_s1_2019-03-04T15;53;22+01;00_rgb_ann_distraction.json,5213,5245,safe
dmd/gF/25/s1/gF_25_s1_2019-03-04T15;53;22+01;00_rgb_ann_distraction.json,5273,5290,safe
dmd/gF/25/s1/gF_25_s1_2019-03-04T15;53;22+01;00_rgb_ann_distraction.json,5308,5329,safe
dmd/gF/25/s1/gF_25_s1_2019-03-04T15;53;22+01;00_rgb_ann_distraction.json,5372,5393,safe
dmd/gF/25/s1/gF_25_s1_2019-03-04T15;53;22+01;00_rgb_ann_distraction.json,5436,5441,safe
dmd/gF/25/s1/gF_25_s1_2019-03-04T15;53;22+01;00_rgb_ann_distraction.json,5475,5512,safe
dmd/gF/25/s1/gF_25_s1_2019-03-04T15;53;22+01;00_rgb_ann_distraction.json,5557,5574,safe
dmd/gF/25/s1/gF_25_s1_2019-03-04T15;53;22+01;00_rgb_ann_distraction.json,5595,5647,safe
dmd/gF/25/s1/gF_25_s1_2019-03-04T15;53;22+01;00_rgb_ann_distraction.json,5666,5699,safe
dmd/gF/25/s1/gF_25_s1_2019-03-04T15;53;22+01;00_rgb_ann_distraction.json,5717,6168,safe
dmd/gF/25/s1/gF_25_s1_2019-03-04T15;53;22+01;00_rgb_ann_distraction.json,6532,6839,safe
dmd/gF/25/s1/gF_25_s1_2019-03-04T15;53;22+01;00_rgb_ann_distraction.json,425,707,unsafe
dmd/gF/25/s1/gF_25_s1_2019-03-04T15;53;22+01;00_rgb_ann_distraction.json,730,760,unsafe
dmd/gF/25/s1/gF_25_s1_2019-03-04T15;53;22+01;00_rgb_ann_distraction.json,789,822,unsafe
dmd/gF/25/s1/gF_25_s1_2019-03-04T15;53;22+01;00_rgb_ann_distraction.json,3318,3674,unsafe
dmd/gF/25/s1/gF_25_s1_2019-03-04T15;53;22+01;00_rgb_ann_distraction.json,1167,1238,reaching
dmd/gF/25/s1/gF_25_s1_2019-03-04T15;53;22+01;00_rgb_ann_distraction.json,1564,1639,reaching
dmd/gF/25/s1/gF_25_s1_2019-03-04T15;53;22+01;00_rgb_ann_distraction.json,2992,3052,reaching
dmd/gF/25/s1/gF_25_s1_2019-03-04T15;53;22+01;00_rgb_ann_distraction.json,3248,3317,reaching
dmd/gF/25/s1/gF_25_s1_2019-03-04T15;53;22+01;00_rgb_ann_distraction.json,3975,4059,reaching
dmd/gF/25/s1/gF_25_s1_2019-03-04T15;53;22+01;00_rgb_ann_distraction.json,4339,4406,reaching
dmd/gF/25/s1/gF_25_s1_2019-03-04T15;53;22+01;00_rgb_ann_distraction.json,6169,6217,reaching
dmd/gF/25/s1/gF_25_s1_2019-03-04T15;53;22+01;00_rgb_ann_distraction.json,6483,6531,reaching
dmd/gF/25/s1/gF_25_s1_2019-03-04T15;53;22+01;00_rgb_ann_distraction.json,2714,2745,unsafe
dmd/gF/25/s1/gF_25_s1_2019-03-04T15;53;22+01;00_rgb_ann_distraction.json,4800,4834,unsafe
dmd/gF/25/s1/gF_25_s1_2019-03-04T15;53;22+01;00_rgb_ann_distraction.json,4837,4871,unsafe
dmd/gF/25/s1/gF_25_s1_2019-03-04T15;53;22+01;00_rgb_ann_distraction.json,4891,4922,unsafe
dmd/gF/25/s1/gF_25_s1_2019-03-04T15;53;22+01;00_rgb_ann_distraction.json,4932,4965,unsafe
dmd/gF/25/s1/gF_25_s1_2019-03-04T15;53;22+01;00_rgb_ann_distraction.json,4971,5012,unsafe
dmd/gF/25/s1/gF_25_s1_2019-03-04T15;53;22+01;00_rgb_ann_distraction.json,5018,5051,unsafe
dmd/gF/25/s1/gF_25_s1_2019-03-04T15;53;22+01;00_rgb_ann_distraction.json,5115,5144,unsafe
dmd/gF/25/s1/gF_25_s1_2019-03-04T15;53;22+01;00_rgb_ann_distraction.json,5150,5176,unsafe
dmd/gF/25/s1/gF_25_s1_2019-03-04T15;53;22+01;00_rgb_ann_distraction.json,5192,5212,unsafe
dmd/gF/25/s1/gF_25_s1_2019-03-04T15;53;22+01;00_rgb_ann_distraction.json,5246,5272,unsafe
dmd/gF/25/s1/gF_25_s1_2019-03-04T15;53;22+01;00_rgb_ann_distraction.json,5291,5307,unsafe
dmd/gF/25/s1/gF_25_s1_2019-03-04T15;53;22+01;00_rgb_ann_distraction.json,5330,5371,unsafe
dmd/gF/25/s1/gF_25_s1_2019-03-04T15;53;22+01;00_rgb_ann_distraction.json,5394,5435,unsafe
dmd/gF/25/s1/gF_25_s1_2019-03-04T15;53;22+01;00_rgb_ann_distraction.json,5442,5474,unsafe
dmd/gF/25/s1/gF_25_s1_2019-03-04T15;53;22+01;00_rgb_ann_distraction.json,5513,5556,unsafe
dmd/gF/25/s1/gF_25_s1_2019-03-04T15;53;22+01;00_rgb_ann_distraction.json,5575,5594,unsafe
dmd/gF/25/s1/gF_25_s1_2019-03-04T15;53;22+01;00_rgb_ann_distraction.json,5648,5665,unsafe
dmd/gF/25/s1/gF_25_s1_2019-03-04T15;53;22+01;00_rgb_ann_distraction.json,5700,5716,unsafe
dmd/gF/24/s3/gF_24_s3_2019-03-11T09;59;10+01;00_rgb_ann_distraction.json,11,63,safe
dmd/gF/24/s3/gF_24_s3_2019-03-11T09;59;10+01;00_rgb_ann_distraction.json,104,741,safe
dmd/gF/24/s3/gF_24_s3_2019-03-11T09;59;10+01;00_rgb_ann_distraction.json,748,761,safe
dmd/gF/24/s3/gF_24_s3_2019-03-11T09;59;10+01;00_rgb_ann_distraction.json,1066,1320,safe
dmd/gF/24/s3/gF_24_s3_2019-03-11T09;59;10+01;00_rgb_ann_distraction.json,1756,1892,safe
dmd/gF/24/s3/gF_24_s3_2019-03-11T09;59;10+01;00_rgb_ann_distraction.json,742,747,unsafe
dmd/gF/24/s3/gF_24_s3_2019-03-11T09;59;10+01;00_rgb_ann_distraction.json,762,978,reaching
dmd/gF/24/s3/gF_24_s3_2019-03-11T09;59;10+01;00_rgb_ann_distraction.json,1321,1523,reaching
dmd/gF/24/s3/gF_24_s3_2019-03-11T09;59;10+01;00_rgb_ann_distraction.json,979,1065,reaching
dmd/gF/24/s3/gF_24_s3_2019-03-11T09;59;10+01;00_rgb_ann_distraction.json,1524,1755,reaching
dmd/gF/24/s3/gF_24_s3_2019-03-14T14;16;50+01;00_rgb_ann_distraction.json,11,53,unsafe
dmd/gF/24/s3/gF_24_s3_2019-03-14T14;16;50+01;00_rgb_ann_distraction.json,1735,1760,unsafe
dmd/gF/24/s3/gF_24_s3_2019-03-14T14;16;50+01;00_rgb_ann_distraction.json,184,699,safe
dmd/gF/24/s3/gF_24_s3_2019-03-14T14;16;50+01;00_rgb_ann_distraction.json,971,1240,safe
dmd/gF/24/s3/gF_24_s3_2019-03-14T14;16;50+01;00_rgb_ann_distraction.json,1485,1729,safe
dmd/gF/24/s3/gF_24_s3_2019-03-14T14;16;50+01;00_rgb_ann_distraction.json,1767,1845,safe
dmd/gF/24/s3/gF_24_s3_2019-03-14T14;16;50+01;00_rgb_ann_distraction.json,700,885,reaching
dmd/gF/24/s3/gF_24_s3_2019-03-14T14;16;50+01;00_rgb_ann_distraction.json,1241,1399,reaching
dmd/gF/24/s3/gF_24_s3_2019-03-14T14;16;50+01;00_rgb_ann_distraction.json,886,970,reaching
dmd/gF/24/s3/gF_24_s3_2019-03-14T14;16;50+01;00_rgb_ann_distraction.json,1400,1474,reaching
dmd/gF/24/s3/gF_24_s3_2019-03-14T14;16;50+01;00_rgb_ann_distraction.json,1761,1766,unsafe
dmd/gF/24/s2/gF_24_s2_2019-03-04T15;18;34+01;00_rgb_ann_distraction.json,2,169,safe
dmd/gF/24/s2/gF_24_s2_2019-03-04T15;18;34+01;00_rgb_ann_distraction.json,389,745,safe
dmd/gF/24/s2/gF_24_s2_2019-03-04T15;18;34+01;00_rgb_ann_distraction.json,2088,2381,safe
dmd/gF/24/s2/gF_24_s2_2019-03-04T15;18;34+01;00_rgb_ann_distraction.json,2834,3170,safe
dmd/gF/24/s2/gF_24_s2_2019-03-04T15;18;34+01;00_rgb_ann_distraction.json,4423,4731,safe
dmd/gF/24/s2/gF_24_s2_2019-03-04T15;18;34+01;00_rgb_ann_distraction.json,5097,5281,safe
dmd/gF/24/s2/gF_24_s2_2019-03-04T15;18;34+01;00_rgb_ann_distraction.json,5510,5841,safe
dmd/gF/24/s2/gF_24_s2_2019-03-04T15;18;34+01;00_rgb_ann_distraction.json,7364,7661,safe
dmd/gF/24/s2/gF_24_s2_2019-03-04T15;18;34+01;00_rgb_ann_distraction.json,8022,8162,safe
dmd/gF/24/s2/gF_24_s2_2019-03-04T15;18;34+01;00_rgb_ann_distraction.json,9401,9780,safe
dmd/gF/24/s2/gF_24_s2_2019-03-04T15;18;34+01;00_rgb_ann_distraction.json,10128,10323,safe
dmd/gF/24/s2/gF_24_s2_2019-03-04T15;18;34+01;00_rgb_ann_distraction.json,10525,10791,safe
dmd/gF/24/s2/gF_24_s2_2019-03-04T15;18;34+01;00_rgb_ann_distraction.json,795,836,unsafe
dmd/gF/24/s2/gF_24_s2_2019-03-04T15;18;34+01;00_rgb_ann_distraction.json,2006,2036,unsafe
dmd/gF/24/s2/gF_24_s2_2019-03-04T15;18;34+01;00_rgb_ann_distraction.json,2420,2779,unsafe
dmd/gF/24/s2/gF_24_s2_2019-03-04T15;18;34+01;00_rgb_ann_distraction.json,3202,3235,unsafe
dmd/gF/24/s2/gF_24_s2_2019-03-04T15;18;34+01;00_rgb_ann_distraction.json,4341,4373,unsafe
dmd/gF/24/s2/gF_24_s2_2019-03-04T15;18;34+01;00_rgb_ann_distraction.json,4772,5037,unsafe
dmd/gF/24/s2/gF_24_s2_2019-03-04T15;18;34+01;00_rgb_ann_distraction.json,837,2005,unsafe
dmd/gF/24/s2/gF_24_s2_2019-03-04T15;18;34+01;00_rgb_ann_distraction.json,3236,4340,unsafe
dmd/gF/24/s2/gF_24_s2_2019-03-04T15;18;34+01;00_rgb_ann_distraction.json,5892,5914,unsafe
dmd/gF/24/s2/gF_24_s2_2019-03-04T15;18;34+01;00_rgb_ann_distraction.json,7723,7965,unsafe
dmd/gF/24/s2/gF_24_s2_2019-03-04T15;18;34+01;00_rgb_ann_distraction.json,8199,8226,unsafe
dmd/gF/24/s2/gF_24_s2_2019-03-04T15;18;34+01;00_rgb_ann_distraction.json,9300,9340,unsafe
dmd/gF/24/s2/gF_24_s2_2019-03-04T15;18;34+01;00_rgb_ann_distraction.json,9817,10071,unsafe
dmd/gF/24/s2/gF_24_s2_2019-03-04T15;18;34+01;00_rgb_ann_distraction.json,5915,7319,unsafe
dmd/gF/24/s2/gF_24_s2_2019-03-04T15;18;34+01;00_rgb_ann_distraction.json,8227,9299,unsafe
dmd/gF/24/s2/gF_24_s2_2019-03-04T15;18;34+01;00_rgb_ann_distraction.json,170,228,reaching
dmd/gF/24/s2/gF_24_s2_2019-03-04T15;18;34+01;00_rgb_ann_distraction.json,338,388,reaching
dmd/gF/24/s2/gF_24_s2_2019-03-04T15;18;34+01;00_rgb_ann_distraction.json,746,794,reaching
dmd/gF/24/s2/gF_24_s2_2019-03-04T15;18;34+01;00_rgb_ann_distraction.json,2037,2087,reaching
dmd/gF/24/s2/gF_24_s2_2019-03-04T15;18;34+01;00_rgb_ann_distraction.json,2382,2419,reaching
dmd/gF/24/s2/gF_24_s2_2019-03-04T15;18;34+01;00_rgb_ann_distraction.json,2780,2833,reaching
dmd/gF/24/s2/gF_24_s2_2019-03-04T15;18;34+01;00_rgb_ann_distraction.json,3171,3201,reaching
dmd/gF/24/s2/gF_24_s2_2019-03-04T15;18;34+01;00_rgb_ann_distraction.json,4374,4422,reaching
dmd/gF/24/s2/gF_24_s2_2019-03-04T15;18;34+01;00_rgb_ann_distraction.json,4732,4771,reaching
dmd/gF/24/s2/gF_24_s2_2019-03-04T15;18;34+01;00_rgb_ann_distraction.json,5038,5096,reaching
dmd/gF/24/s2/gF_24_s2_2019-03-04T15;18;34+01;00_rgb_ann_distraction.json,5282,5359,reaching
dmd/gF/24/s2/gF_24_s2_2019-03-04T15;18;34+01;00_rgb_ann_distraction.json,5477,5509,reaching
dmd/gF/24/s2/gF_24_s2_2019-03-04T15;18;34+01;00_rgb_ann_distraction.json,5842,5891,reaching
dmd/gF/24/s2/gF_24_s2_2019-03-04T15;18;34+01;00_rgb_ann_distraction.json,7320,7363,reaching
dmd/gF/24/s2/gF_24_s2_2019-03-04T15;18;34+01;00_rgb_ann_distraction.json,7662,7722,reaching
dmd/gF/24/s2/gF_24_s2_2019-03-04T15;18;34+01;00_rgb_ann_distraction.json,7966,8021,reaching
dmd/gF/24/s2/gF_24_s2_2019-03-04T15;18;34+01;00_rgb_ann_distraction.json,8163,8198,reaching
dmd/gF/24/s2/gF_24_s2_2019-03-04T15;18;34+01;00_rgb_ann_distraction.json,9341,9400,reaching
dmd/gF/24/s2/gF_24_s2_2019-03-04T15;18;34+01;00_rgb_ann_distraction.json,9781,9816,reaching
dmd/gF/24/s2/gF_24_s2_2019-03-04T15;18;34+01;00_rgb_ann_distraction.json,10072,10127,reaching
dmd/gF/24/s2/gF_24_s2_2019-03-04T15;18;34+01;00_rgb_ann_distraction.json,10324,10385,reaching
dmd/gF/24/s2/gF_24_s2_2019-03-04T15;18;34+01;00_rgb_ann_distraction.json,10479,10524,reaching
dmd/gF/24/s2/gF_24_s2_2019-03-05T10;38;25+01;00_rgb_ann_distraction.json,13,593,safe
dmd/gF/24/s2/gF_24_s2_2019-03-05T10;38;25+01;00_rgb_ann_distraction.json,1026,1509,safe
dmd/gF/24/s2/gF_24_s2_2019-03-05T10;38;25+01;00_rgb_ann_distraction.json,2779,3055,safe
dmd/gF/24/s2/gF_24_s2_2019-03-05T10;38;25+01;00_rgb_ann_distraction.json,3670,3904,safe
dmd/gF/24/s2/gF_24_s2_2019-03-05T10;38;25+01;00_rgb_ann_distraction.json,5094,5440,safe
dmd/gF/24/s2/gF_24_s2_2019-03-05T10;38;25+01;00_rgb_ann_distraction.json,5810,6025,safe
dmd/gF/24/s2/gF_24_s2_2019-03-05T10;38;25+01;00_rgb_ann_distraction.json,6306,6669,safe
dmd/gF/24/s2/gF_24_s2_2019-03-05T10;38;25+01;00_rgb_ann_distraction.json,8224,8538,safe
dmd/gF/24/s2/gF_24_s2_2019-03-05T10;38;25+01;00_rgb_ann_distraction.json,8985,9284,safe
dmd/gF/24/s2/gF_24_s2_2019-03-05T10;38;25+01;00_rgb_ann_distraction.json,10958,11068,safe
dmd/gF/24/s2/gF_24_s2_2019-03-05T10;38;25+01;00_rgb_ann_distraction.json,11378,11468,safe
dmd/gF/24/s2/gF_24_s2_2019-03-05T10;38;25+01;00_rgb_ann_distraction.json,11710,11881,safe
dmd/gF/24/s2/gF_24_s2_2019-03-05T10;38;25+01;00_rgb_ann_distraction.json,1558,1570,unsafe
dmd/gF/24/s2/gF_24_s2_2019-03-05T10;38;25+01;00_rgb_ann_distraction.json,2702,2723,unsafe
dmd/gF/24/s2/gF_24_s2_2019-03-05T10;38;25+01;00_rgb_ann_distraction.json,3119,3609,unsafe
dmd/gF/24/s2/gF_24_s2_2019-03-05T10;38;25+01;00_rgb_ann_distraction.json,3948,3967,unsafe
dmd/gF/24/s2/gF_24_s2_2019-03-05T10;38;25+01;00_rgb_ann_distraction.json,5037,5052,unsafe
dmd/gF/24/s2/gF_24_s2_2019-03-05T10;38;25+01;00_rgb_ann_distraction.json,5474,5752,unsafe
dmd/gF/24/s2/gF_24_s2_2019-03-05T10;38;25+01;00_rgb_ann_distraction.json,1571,2701,unsafe
dmd/gF/24/s2/gF_24_s2_2019-03-05T10;38;25+01;00_rgb_ann_distraction.json,3968,5036,unsafe
dmd/gF/24/s2/gF_24_s2_2019-03-05T10;38;25+01;00_rgb_ann_distraction.json,6710,6743,unsafe
dmd/gF/24/s2/gF_24_s2_2019-03-05T10;38;25+01;00_rgb_ann_distraction.json,8128,8161,unsafe
dmd/gF/24/s2/gF_24_s2_2019-03-05T10;38;25+01;00_rgb_ann_distraction.json,8594,8924,unsafe
dmd/gF/24/s2/gF_24_s2_2019-03-05T10;38;25+01;00_rgb_ann_distraction.json,9334,9352,unsafe
dmd/gF/24/s2/gF_24_s2_2019-03-05T10;38;25+01;00_rgb_ann_distraction.json,10850,10881,unsafe
dmd/gF/24/s2/gF_24_s2_2019-03-05T10;38;25+01;00_rgb_ann_distraction.json,11125,11319,unsafe
dmd/gF/24/s2/gF_24_s2_2019-03-05T10;38;25+01;00_rgb_ann_distraction.json,6744,8127,unsafe
dmd/gF/24/s2/gF_24_s2_2019-03-05T10;38;25+01;00_rgb_ann_distraction.json,9353,10849,unsafe
dmd/gF/24/s2/gF_24_s2_2019-03-05T10;38;25+01;00_rgb_ann_distraction.json,594,764,reaching
dmd/gF/24/s2/gF_24_s2_2019-03-05T10;38;25+01;00_rgb_ann_distraction.json,883,1025,reaching
dmd/gF/24/s2/gF_24_s2_2019-03-05T10;38;25+01;00_rgb_ann_distraction.json,1510,1557,reaching
dmd/gF/24/s2/gF_24_s2_2019-03-05T10;38;25+01;00_rgb_ann_distraction.json,2724,2778,reaching
dmd/gF/24/s2/gF_24_s2_2019-03-05T10;38;25+01;00_rgb_ann_distraction.json,3056,3118,reaching
dmd/gF/24/s2/gF_24_s2_2019-03-05T10;38;25+01;00_rgb_ann_distraction.json,3610,3669,reaching
dmd/gF/24/s2/gF_24_s2_2019-03-05T10;38;25+01;00_rgb_ann_distraction.json,3905,3947,reaching
dmd/gF/24/s2/gF_24_s2_2019-03-05T10;38;25+01;00_rgb_ann_distraction.json,5053,5093,reaching
dmd/gF/24/s2/gF_24_s2_2019-03-05T10;38;25+01;00_rgb_ann_distraction.json,5441,5473,reaching
dmd/gF/24/s2/gF_24_s2_2019-03-05T10;38;25+01;00_rgb_ann_distraction.json,5753,5809,reaching
dmd/gF/24/s2/gF_24_s2_2019-03-05T10;38;25+01;00_rgb_ann_distraction.json,6026,6111,reaching
dmd/gF/24/s2/gF_24_s2_2019-03-05T10;38;25+01;00_rgb_ann_distraction.json,6224,6305,reaching
dmd/gF/24/s2/gF_24_s2_2019-03-05T10;38;25+01;00_rgb_ann_distraction.json,6670,6709,reaching
dmd/gF/24/s2/gF_24_s2_2019-03-05T10;38;25+01;00_rgb_ann_distraction.json,8162,8223,reaching
dmd/gF/24/s2/gF_24_s2_2019-03-05T10;38;25+01;00_rgb_ann_distraction.json,8539,8593,reaching
dmd/gF/24/s2/gF_24_s2_2019-03-05T10;38;25+01;00_rgb_ann_distraction.json,8925,8984,reaching
dmd/gF/24/s2/gF_24_s2_2019-03-05T10;38;25+01;00_rgb_ann_distraction.json,9285,9333,reaching
dmd/gF/24/s2/gF_24_s2_2019-03-05T10;38;25+01;00_rgb_ann_distraction.json,10882,10957,reaching
dmd/gF/24/s2/gF_24_s2_2019-03-05T10;38;25+01;00_rgb_ann_distraction.json,11069,11110,reaching
dmd/gF/24/s2/gF_24_s2_2019-03-05T10;38;25+01;00_rgb_ann_distraction.json,11320,11377,reaching
dmd/gF/24/s2/gF_24_s2_2019-03-05T10;38;25+01;00_rgb_ann_distraction.json,11469,11540,reaching
dmd/gF/24/s2/gF_24_s2_2019-03-05T10;38;25+01;00_rgb_ann_distraction.json,11624,11709,reaching
dmd/gF/24/s1/gF_24_s1_2019-03-05T10;45;51+01;00_rgb_ann_distraction.json,7,509,safe
dmd/gF/24/s1/gF_24_s1_2019-03-05T10;45;51+01;00_rgb_ann_distraction.json,663,976,safe
dmd/gF/24/s1/gF_24_s1_2019-03-05T10;45;51+01;00_rgb_ann_distraction.json,1182,1424,safe
dmd/gF/24/s1/gF_24_s1_2019-03-05T10;45;51+01;00_rgb_ann_distraction.json,1530,1566,safe
dmd/gF/24/s1/gF_24_s1_2019-03-05T10;45;51+01;00_rgb_ann_distraction.json,1611,1672,safe
dmd/gF/24/s1/gF_24_s1_2019-03-05T10;45;51+01;00_rgb_ann_distraction.json,1705,1784,safe
dmd/gF/24/s1/gF_24_s1_2019-03-05T10;45;51+01;00_rgb_ann_distraction.json,1819,1928,safe
dmd/gF/24/s1/gF_24_s1_2019-03-05T10;45;51+01;00_rgb_ann_distraction.json,1973,2396,safe
dmd/gF/24/s1/gF_24_s1_2019-03-05T10;45;51+01;00_rgb_ann_distraction.json,2600,2717,safe
dmd/gF/24/s1/gF_24_s1_2019-03-05T10;45;51+01;00_rgb_ann_distraction.json,2792,2823,safe
dmd/gF/24/s1/gF_24_s1_2019-03-05T10;45;51+01;00_rgb_ann_distraction.json,2860,2896,safe
dmd/gF/24/s1/gF_24_s1_2019-03-05T10;45;51+01;00_rgb_ann_distraction.json,3131,3496,safe
dmd/gF/24/s1/gF_24_s1_2019-03-05T10;45;51+01;00_rgb_ann_distraction.json,3744,4054,safe
dmd/gF/24/s1/gF_24_s1_2019-03-05T10;45;51+01;00_rgb_ann_distraction.json,4085,4091,safe
dmd/gF/24/s1/gF_24_s1_2019-03-05T10;45;51+01;00_rgb_ann_distraction.json,4131,4169,safe
dmd/gF/24/s1/gF_24_s1_2019-03-05T10;45;51+01;00_rgb_ann_distraction.json,4207,4614,safe
dmd/gF/24/s1/gF_24_s1_2019-03-05T10;45;51+01;00_rgb_ann_distraction.json,4650,4689,safe
dmd/gF/24/s1/gF_24_s1_2019-03-05T10;45;51+01;00_rgb_ann_distraction.json,4725,5015,safe
dmd/gF/24/s1/gF_24_s1_2019-03-05T10;45;51+01;00_rgb_ann_distraction.json,5199,6298,safe
dmd/gF/24/s1/gF_24_s1_2019-03-05T10;45;51+01;00_rgb_ann_distraction.json,510,662,unsafe
dmd/gF/24/s1/gF_24_s1_2019-03-05T10;45;51+01;00_rgb_ann_distraction.json,2718,2791,unsafe
dmd/gF/24/s1/gF_24_s1_2019-03-05T10;45;51+01;00_rgb_ann_distraction.json,2824,2859,unsafe
dmd/gF/24/s1/gF_24_s1_2019-03-05T10;45;51+01;00_rgb_ann_distraction.json,2897,3130,unsafe
dmd/gF/24/s1/gF_24_s1_2019-03-05T10;45;51+01;00_rgb_ann_distraction.json,977,1036,reaching
dmd/gF/24/s1/gF_24_s1_2019-03-05T10;45;51+01;00_rgb_ann_distraction.json,1125,1181,reaching
dmd/gF/24/s1/gF_24_s1_2019-03-05T10;45;51+01;00_rgb_ann_distraction.json,2397,2440,reaching
dmd/gF/24/s1/gF_24_s1_2019-03-05T10;45;51+01;00_rgb_ann_distraction.json,2538,2599,reaching
dmd/gF/24/s1/gF_24_s1_2019-03-05T10;45;51+01;00_rgb_ann_distraction.json,3497,3534,reaching
dmd/gF/24/s1/gF_24_s1_2019-03-05T10;45;51+01;00_rgb_ann_distraction.json,3694,3743,reaching
dmd/gF/24/s1/gF_24_s1_2019-03-05T10;45;51+01;00_rgb_ann_distraction.json,5016,5051,reaching
dmd/gF/24/s1/gF_24_s1_2019-03-05T10;45;51+01;00_rgb_ann_distraction.json,5152,5198,reaching
dmd/gF/24/s1/gF_24_s1_2019-03-05T10;45;51+01;00_rgb_ann_distraction.json,1425,1529,unsafe
dmd/gF/24/s1/gF_24_s1_2019-03-05T10;45;51+01;00_rgb_ann_distraction.json,1567,1610,unsafe
dmd/gF/24/s1/gF_24_s1_2019-03-05T10;45;51+01;00_rgb_ann_distraction.json,1673,1704,unsafe
dmd/gF/24/s1/gF_24_s1_2019-03-05T10;45;51+01;00_rgb_ann_distraction.json,1785,1818,unsafe
dmd/gF/24/s1/gF_24_s1_2019-03-05T10;45;51+01;00_rgb_ann_distraction.json,1929,1972,unsafe
dmd/gF/24/s1/gF_24_s1_2019-03-05T10;45;51+01;00_rgb_ann_distraction.json,4055,4084,unsafe
dmd/gF/24/s1/gF_24_s1_2019-03-05T10;45;51+01;00_rgb_ann_distraction.json,4092,4130,unsafe
dmd/gF/24/s1/gF_24_s1_2019-03-05T10;45;51+01;00_rgb_ann_distraction.json,4170,4206,unsafe
dmd/gF/24/s1/gF_24_s1_2019-03-05T10;45;51+01;00_rgb_ann_distraction.json,4615,4649,unsafe
dmd/gF/24/s1/gF_24_s1_2019-03-05T10;45;51+01;00_rgb_ann_distraction.json,4690,4724,unsafe
dmd/gF/24/s1/gF_24_s1_2019-03-04T15;26;10+01;00_rgb_ann_distraction.json,1,452,safe
dmd/gF/24/s1/gF_24_s1_2019-03-04T15;26;10+01;00_rgb_ann_distraction.json,470,520,safe
dmd/gF/24/s1/gF_24_s1_2019-03-04T15;26;10+01;00_rgb_ann_distraction.json,560,622,safe
dmd/gF/24/s1/gF_24_s1_2019-03-04T15;26;10+01;00_rgb_ann_distraction.json,731,1064,safe
dmd/gF/24/s1/gF_24_s1_2019-03-04T15;26;10+01;00_rgb_ann_distraction.json,1332,1615,safe
dmd/gF/24/s1/gF_24_s1_2019-03-04T15;26;10+01;00_rgb_ann_distraction.json,1651,1681,safe
dmd/gF/24/s1/gF_24_s1_2019-03-04T15;26;10+01;00_rgb_ann_distraction.json,1715,1800,safe
dmd/gF/24/s1/gF_24_s1_2019-03-04T15;26;10+01;00_rgb_ann_distraction.json,1834,2315,safe
dmd/gF/24/s1/gF_24_s1_2019-03-04T15;26;10+01;00_rgb_ann_distraction.json,2450,2529,safe
dmd/gF/24/s1/gF_24_s1_2019-03-04T15;26;10+01;00_rgb_ann_distraction.json,2802,2944,safe
dmd/gF/24/s1/gF_24_s1_2019-03-04T15;26;10+01;00_rgb_ann_distraction.json,3079,3120,safe
dmd/gF/24/s1/gF_24_s1_2019-03-04T15;26;10+01;00_rgb_ann_distraction.json,3178,3198,safe
dmd/gF/24/s1/gF_24_s1_2019-03-04T15;26;10+01;00_rgb_ann_distraction.json,3222,3586,safe
dmd/gF/24/s1/gF_24_s1_2019-03-04T15;26;10+01;00_rgb_ann_distraction.json,3957,4194,safe
dmd/gF/24/s1/gF_24_s1_2019-03-04T15;26;10+01;00_rgb_ann_distraction.json,4312,4693,safe
dmd/gF/24/s1/gF_24_s1_2019-03-04T15;26;10+01;00_rgb_ann_distraction.json,4719,4877,safe
dmd/gF/24/s1/gF_24_s1_2019-03-04T15;26;10+01;00_rgb_ann_distraction.json,5203,5817,safe
dmd/gF/24/s1/gF_24_s1_2019-03-04T15;26;10+01;00_rgb_ann_distraction.json,5839,5870,safe
dmd/gF/24/s1/gF_24_s1_2019-03-04T15;26;10+01;00_rgb_ann_distraction.json,5904,5942,safe
dmd/gF/24/s1/gF_24_s1_2019-03-04T15;26;10+01;00_rgb_ann_distraction.json,5968,6013,safe
dmd/gF/24/s1/gF_24_s1_2019-03-04T15;26;10+01;00_rgb_ann_distraction.json,6084,6344,safe
dmd/gF/24/s1/gF_24_s1_2019-03-04T15;26;10+01;00_rgb_ann_distraction.json,2381,2419,unsafe
dmd/gF/24/s1/gF_24_s1_2019-03-04T15;26;10+01;00_rgb_ann_distraction.json,453,469,unsafe
dmd/gF/24/s1/gF_24_s1_2019-03-04T15;26;10+01;00_rgb_ann_distraction.json,521,559,unsafe
dmd/gF/24/s1/gF_24_s1_2019-03-04T15;26;10+01;00_rgb_ann_distraction.json,623,730,unsafe
dmd/gF/24/s1/gF_24_s1_2019-03-04T15;26;10+01;00_rgb_ann_distraction.json,2945,3078,unsafe
dmd/gF/24/s1/gF_24_s1_2019-03-04T15;26;10+01;00_rgb_ann_distraction.json,3121,3177,unsafe
dmd/gF/24/s1/gF_24_s1_2019-03-04T15;26;10+01;00_rgb_ann_distraction.json,3199,3221,unsafe
dmd/gF/24/s1/gF_24_s1_2019-03-04T15;26;10+01;00_rgb_ann_distraction.json,5818,5838,unsafe
dmd/gF/24/s1/gF_24_s1_2019-03-04T15;26;10+01;00_rgb_ann_distraction.json,5871,5903,unsafe
dmd/gF/24/s1/gF_24_s1_2019-03-04T15;26;10+01;00_rgb_ann_distraction.json,5943,5967,unsafe
dmd/gF/24/s1/gF_24_s1_2019-03-04T15;26;10+01;00_rgb_ann_distraction.json,6014,6083,unsafe
dmd/gF/24/s1/gF_24_s1_2019-03-04T15;26;10+01;00_rgb_ann_distraction.json,1065,1115,reaching
dmd/gF/24/s1/gF_24_s1_2019-03-04T15;26;10+01;00_rgb_ann_distraction.json,1270,1331,reaching
dmd/gF/24/s1/gF_24_s1_2019-03-04T15;26;10+01;00_rgb_ann_distraction.json,2530,2560,reaching
dmd/gF/24/s1/gF_24_s1_2019-03-04T15;26;10+01;00_rgb_ann_distraction.json,2745,2801,reaching
dmd/gF/24/s1/gF_24_s1_2019-03-04T15;26;10+01;00_rgb_ann_distraction.json,3587,3639,reaching
dmd/gF/24/s1/gF_24_s1_2019-03-04T15;26;10+01;00_rgb_ann_distraction.json,3905,3956,reaching
dmd/gF/24/s1/gF_24_s1_2019-03-04T15;26;10+01;00_rgb_ann_distraction.json,4878,4940,reaching
dmd/gF/24/s1/gF_24_s1_2019-03-04T15;26;10+01;00_rgb_ann_distraction.json,5145,5202,reaching
dmd/gF/24/s1/gF_24_s1_2019-03-04T15;26;10+01;00_rgb_ann_distraction.json,1616,1650,unsafe
dmd/gF/24/s1/gF_24_s1_2019-03-04T15;26;10+01;00_rgb_ann_distraction.json,1682,1714,unsafe
dmd/gF/24/s1/gF_24_s1_2019-03-04T15;26;10+01;00_rgb_ann_distraction.json,1801,1833,unsafe
dmd/gF/24/s1/gF_24_s1_2019-03-04T15;26;10+01;00_rgb_ann_distraction.json,2316,2380,unsafe
dmd/gF/24/s1/gF_24_s1_2019-03-04T15;26;10+01;00_rgb_ann_distraction.json,2420,2449,unsafe
dmd/gF/24/s1/gF_24_s1_2019-03-04T15;26;10+01;00_rgb_ann_distraction.json,4195,4311,unsafe
dmd/gF/24/s1/gF_24_s1_2019-03-04T15;26;10+01;00_rgb_ann_distraction.json,4694,4718,unsafe
dmd/gF/24/s4/gF_24_s4_2019-03-25T14;55;37+01;00_rgb_ann_distraction.json,3,70,safe
dmd/gF/24/s4/gF_24_s4_2019-03-25T14;55;37+01;00_rgb_ann_distraction.json,91,134,safe
dmd/gF/24/s4/gF_24_s4_2019-03-25T14;55;37+01;00_rgb_ann_distraction.json,173,536,safe
dmd/gF/24/s4/gF_24_s4_2019-03-25T14;55;37+01;00_rgb_ann_distraction.json,747,836,safe
dmd/gF/24/s4/gF_24_s4_2019-03-25T14;55;37+01;00_rgb_ann_distraction.json,854,1073,safe
dmd/gF/24/s4/gF_24_s4_2019-03-25T14;55;37+01;00_rgb_ann_distraction.json,2213,2309,safe
dmd/gF/24/s4/gF_24_s4_2019-03-25T14;55;37+01;00_rgb_ann_distraction.json,2325,2506,safe
dmd/gF/24/s4/gF_24_s4_2019-03-25T14;55;37+01;00_rgb_ann_distraction.json,2947,3071,safe
dmd/gF/24/s4/gF_24_s4_2019-03-25T14;55;37+01;00_rgb_ann_distraction.json,3339,3753,safe
dmd/gF/24/s4/gF_24_s4_2019-03-25T14;55;37+01;00_rgb_ann_distraction.json,5001,5319,safe
dmd/gF/24/s4/gF_24_s4_2019-03-25T14;55;37+01;00_rgb_ann_distraction.json,5693,5787,safe
dmd/gF/24/s4/gF_24_s4_2019-03-25T14;55;37+01;00_rgb_ann_distraction.json,5815,6060,safe
dmd/gF/24/s4/gF_24_s4_2019-03-25T14;55;37+01;00_rgb_ann_distraction.json,6319,6496,safe
dmd/gF/24/s4/gF_24_s4_2019-03-25T14;55;37+01;00_rgb_ann_distraction.json,6516,6620,safe
dmd/gF/24/s4/gF_24_s4_2019-03-25T14;55;37+01;00_rgb_ann_distraction.json,6945,7099,safe
dmd/gF/24/s4/gF_24_s4_2019-03-25T14;55;37+01;00_rgb_ann_distraction.json,7129,7280,safe
dmd/gF/24/s4/gF_24_s4_2019-03-25T14;55;37+01;00_rgb_ann_distraction.json,8440,8487,safe
dmd/gF/24/s4/gF_24_s4_2019-03-25T14;55;37+01;00_rgb_ann_distraction.json,8510,8591,safe
dmd/gF/24/s4/gF_24_s4_2019-03-25T14;55;37+01;00_rgb_ann_distraction.json,8628,8869,safe
dmd/gF/24/s4/gF_24_s4_2019-03-25T14;55;37+01;00_rgb_ann_distraction.json,10287,10471,safe
dmd/gF/24/s4/gF_24_s4_2019-03-25T14;55;37+01;00_rgb_ann_distraction.json,10834,10984,safe
dmd/gF/24/s4/gF_24_s4_2019-03-25T14;55;37+01;00_rgb_ann_distraction.json,11006,11153,safe
dmd/gF/24/s4/gF_24_s4_2019-03-25T14;55;37+01;00_rgb_ann_distraction.json,11330,11475,safe
dmd/gF/24/s4/gF_24_s4_2019-03-25T14;55;37+01;00_rgb_ann_distraction.json,11505,11787,safe
dmd/gF/24/s4/gF_24_s4_2019-03-25T14;55;37+01;00_rgb_ann_distraction.json,11817,11875,safe
dmd/gF/24/s4/gF_24_s4_2019-03-25T14;55;37+01;00_rgb_ann_distraction.json,12330,12555,safe
dmd/gF/24/s4/gF_24_s4_2019-03-25T14;55;37+01;00_rgb_ann_distraction.json,12577,12698,safe
dmd/gF/24/s4/gF_24_s4_2019-03-25T14;55;37+01;00_rgb_ann_distraction.json,12913,13171,safe
dmd/gF/24/s4/gF_24_s4_2019-03-25T14;55;37+01;00_rgb_ann_distraction.json,13367,13542,safe
dmd/gF/24/s4/gF_24_s4_2019-03-25T14;55;37+01;00_rgb_ann_distraction.json,13559,13631,safe
dmd/gF/24/s4/gF_24_s4_2019-03-25T14;55;37+01;00_rgb_ann_distraction.json,13825,14063,safe
dmd/gF/24/s4/gF_24_s4_2019-03-25T14;55;37+01;00_rgb_ann_distraction.json,1122,1151,unsafe
dmd/gF/24/s4/gF_24_s4_2019-03-25T14;55;37+01;00_rgb_ann_distraction.json,2122,2135,unsafe
dmd/gF/24/s4/gF_24_s4_2019-03-25T14;55;37+01;00_rgb_ann_distraction.json,2635,2723,unsafe
dmd/gF/24/s4/gF_24_s4_2019-03-25T14;55;37+01;00_rgb_ann_distraction.json,2761,2813,unsafe
dmd/gF/24/s4/gF_24_s4_2019-03-25T14;55;37+01;00_rgb_ann_distraction.json,2838,2896,unsafe
dmd/gF/24/s4/gF_24_s4_2019-03-25T14;55;37+01;00_rgb_ann_distraction.json,3796,3808,unsafe
dmd/gF/24/s4/gF_24_s4_2019-03-25T14;55;37+01;00_rgb_ann_distraction.json,4948,4958,unsafe
dmd/gF/24/s4/gF_24_s4_2019-03-25T14;55;37+01;00_rgb_ann_distraction.json,5390,5622,unsafe
dmd/gF/24/s4/gF_24_s4_2019-03-25T14;55;37+01;00_rgb_ann_distraction.json,1152,2121,unsafe
dmd/gF/24/s4/gF_24_s4_2019-03-25T14;55;37+01;00_rgb_ann_distraction.json,3809,4947,unsafe
dmd/gF/24/s4/gF_24_s4_2019-03-25T14;55;37+01;00_rgb_ann_distraction.json,7413,7488,unsafe
dmd/gF/24/s4/gF_24_s4_2019-03-25T14;55;37+01;00_rgb_ann_distraction.json,8349,8373,unsafe
dmd/gF/24/s4/gF_24_s4_2019-03-25T14;55;37+01;00_rgb_ann_distraction.json,8994,9004,unsafe
dmd/gF/24/s4/gF_24_s4_2019-03-25T14;55;37+01;00_rgb_ann_distraction.json,10223,10237,unsafe
dmd/gF/24/s4/gF_24_s4_2019-03-25T14;55;37+01;00_rgb_ann_distraction.json,10546,10790,unsafe
dmd/gF/24/s4/gF_24_s4_2019-03-25T14;55;37+01;00_rgb_ann_distraction.json,11987,12278,unsafe
dmd/gF/24/s4/gF_24_s4_2019-03-25T14;55;37+01;00_rgb_ann_distraction.json,7489,7508,unsafe
dmd/gF/24/s4/gF_24_s4_2019-03-25T14;55;37+01;00_rgb_ann_distraction.json,7543,7616,unsafe
dmd/gF/24/s4/gF_24_s4_2019-03-25T14;55;37+01;00_rgb_ann_distraction.json,7640,7775,unsafe
dmd/gF/24/s4/gF_24_s4_2019-03-25T14;55;37+01;00_rgb_ann_distraction.json,7798,8348,unsafe
dmd/gF/24/s4/gF_24_s4_2019-03-25T14;55;37+01;00_rgb_ann_distraction.json,9005,9192,unsafe
dmd/gF/24/s4/gF_24_s4_2019-03-25T14;55;37+01;00_rgb_ann_distraction.json,9206,9297,unsafe
dmd/gF/24/s4/gF_24_s4_2019-03-25T14;55;37+01;00_rgb_ann_distraction.json,9316,10222,unsafe
dmd/gF/24/s4/gF_24_s4_2019-03-25T14;55;37+01;00_rgb_ann_distraction.json,537,632,reaching
dmd/gF/24/s4/gF_24_s4_2019-03-25T14;55;37+01;00_rgb_ann_distraction.json,714,746,reaching
dmd/gF/24/s4/gF_24_s4_2019-03-25T14;55;37+01;00_rgb_ann_distraction.json,1074,1121,reaching
dmd/gF/24/s4/gF_24_s4_2019-03-25T14;55;37+01;00_rgb_ann_distraction.json,2136,2186,reaching
dmd/gF/24/s4/gF_24_s4_2019-03-25T14;55;37+01;00_rgb_ann_distraction.json,2534,2634,reaching
dmd/gF/24/s4/gF_24_s4_2019-03-25T14;55;37+01;00_rgb_ann_distraction.json,2897,2946,reaching
dmd/gF/24/s4/gF_24_s4_2019-03-25T14;55;37+01;00_rgb_ann_distraction.json,3108,3161,reaching
dmd/gF/24/s4/gF_24_s4_2019-03-25T14;55;37+01;00_rgb_ann_distraction.json,3259,3303,reaching
dmd/gF/24/s4/gF_24_s4_2019-03-25T14;55;37+01;00_rgb_ann_distraction.json,3754,3795,reaching
dmd/gF/24/s4/gF_24_s4_2019-03-25T14;55;37+01;00_rgb_ann_distraction.json,4959,5000,reaching
dmd/gF/24/s4/gF_24_s4_2019-03-25T14;55;37+01;00_rgb_ann_distraction.json,5320,5389,reaching
dmd/gF/24/s4/gF_24_s4_2019-03-25T14;55;37+01;00_rgb_ann_distraction.json,5623,5666,reaching
dmd/gF/24/s4/gF_24_s4_2019-03-25T14;55;37+01;00_rgb_ann_distraction.json,6061,6111,reaching
dmd/gF/24/s4/gF_24_s4_2019-03-25T14;55;37+01;00_rgb_ann_distraction.json,6224,6292,reaching
dmd/gF/24/s4/gF_24_s4_2019-03-25T14;55;37+01;00_rgb_ann_distraction.json,6644,6732,reaching
dmd/gF/24/s4/gF_24_s4_2019-03-25T14;55;37+01;00_rgb_ann_distraction.json,6889,6944,reaching
dmd/gF/24/s4/gF_24_s4_2019-03-25T14;55;37+01;00_rgb_ann_distraction.json,7281,7339,reaching
dmd/gF/24/s4/gF_24_s4_2019-03-25T14;55;37+01;00_rgb_ann_distraction.json,8374,8439,reaching
dmd/gF/24/s4/gF_24_s4_2019-03-25T14;55;37+01;00_rgb_ann_distraction.json,8870,8923,reaching
dmd/gF/24/s4/gF_24_s4_2019-03-25T14;55;37+01;00_rgb_ann_distraction.json,10238,10286,reaching
dmd/gF/24/s4/gF_24_s4_2019-03-25T14;55;37+01;00_rgb_ann_distraction.json,10472,10545,reaching
dmd/gF/24/s4/gF_24_s4_2019-03-25T14;55;37+01;00_rgb_ann_distraction.json,10791,10833,reaching
dmd/gF/24/s4/gF_24_s4_2019-03-25T14;55;37+01;00_rgb_ann_distraction.json,11154,11205,reaching
dmd/gF/24/s4/gF_24_s4_2019-03-25T14;55;37+01;00_rgb_ann_distraction.json,11298,11329,reaching
dmd/gF/24/s4/gF_24_s4_2019-03-25T14;55;37+01;00_rgb_ann_distraction.json,11876,11968,reaching
dmd/gF/24/s4/gF_24_s4_2019-03-25T14;55;37+01;00_rgb_ann_distraction.json,12279,12329,reaching
dmd/gF/24/s4/gF_24_s4_2019-03-25T14;55;37+01;00_rgb_ann_distraction.json,12699,12778,reaching
dmd/gF/24/s4/gF_24_s4_2019-03-25T14;55;37+01;00_rgb_ann_distraction.json,12866,12912,reaching
dmd/gF/24/s4/gF_24_s4_2019-03-25T14;55;37+01;00_rgb_ann_distraction.json,13172,13230,reaching
dmd/gF/24/s4/gF_24_s4_2019-03-25T14;55;37+01;00_rgb_ann_distraction.json,13319,13366,reaching
dmd/gF/24/s4/gF_24_s4_2019-03-25T14;55;37+01;00_rgb_ann_distraction.json,13632,13680,reaching
dmd/gF/24/s4/gF_24_s4_2019-03-25T14;55;37+01;00_rgb_ann_distraction.json,13785,13824,reaching
dmd/gF/24/s4/gF_24_s4_2019-03-20T10;12;08+01;00_rgb_ann_distraction.json,3,130,safe
dmd/gF/24/s4/gF_24_s4_2019-03-20T10;12;08+01;00_rgb_ann_distraction.json,145,341,safe
dmd/gF/24/s4/gF_24_s4_2019-03-20T10;12;08+01;00_rgb_ann_distraction.json,358,380,safe
dmd/gF/24/s4/gF_24_s4_2019-03-20T10;12;08+01;00_rgb_ann_distraction.json,408,456,safe
dmd/gF/24/s4/gF_24_s4_2019-03-20T10;12;08+01;00_rgb_ann_distraction.json,473,660,safe
dmd/gF/24/s4/gF_24_s4_2019-03-20T10;12;08+01;00_rgb_ann_distraction.json,906,985,safe
dmd/gF/24/s4/gF_24_s4_2019-03-20T10;12;08+01;00_rgb_ann_distraction.json,1007,1266,safe
dmd/gF/24/s4/gF_24_s4_2019-03-20T10;12;08+01;00_rgb_ann_distraction.json,2617,2692,safe
dmd/gF/24/s4/gF_24_s4_2019-03-20T10;12;08+01;00_rgb_ann_distraction.json,2764,2856,safe
dmd/gF/24/s4/gF_24_s4_2019-03-20T10;12;08+01;00_rgb_ann_distraction.json,3236,3342,safe
dmd/gF/24/s4/gF_24_s4_2019-03-20T10;12;08+01;00_rgb_ann_distraction.json,3358,3443,safe
dmd/gF/24/s4/gF_24_s4_2019-03-20T10;12;08+01;00_rgb_ann_distraction.json,3724,3853,safe
dmd/gF/24/s4/gF_24_s4_2019-03-20T10;12;08+01;00_rgb_ann_distraction.json,3889,4075,safe
dmd/gF/24/s4/gF_24_s4_2019-03-20T10;12;08+01;00_rgb_ann_distraction.json,4105,4196,safe
dmd/gF/24/s4/gF_24_s4_2019-03-20T10;12;08+01;00_rgb_ann_distraction.json,5415,5623,safe
dmd/gF/24/s4/gF_24_s4_2019-03-20T10;12;08+01;00_rgb_ann_distraction.json,5637,5650,safe
dmd/gF/24/s4/gF_24_s4_2019-03-20T10;12;08+01;00_rgb_ann_distraction.json,6104,6359,safe
dmd/gF/24/s4/gF_24_s4_2019-03-20T10;12;08+01;00_rgb_ann_distraction.json,6590,6633,safe
dmd/gF/24/s4/gF_24_s4_2019-03-20T10;12;08+01;00_rgb_ann_distraction.json,6689,6823,safe
dmd/gF/24/s4/gF_24_s4_2019-03-20T10;12;08+01;00_rgb_ann_distraction.json,6843,7022,safe
dmd/gF/24/s4/gF_24_s4_2019-03-20T10;12;08+01;00_rgb_ann_distraction.json,7351,7596,safe
dmd/gF/24/s4/gF_24_s4_2019-03-20T10;12;08+01;00_rgb_ann_distraction.json,8946,8979,safe
dmd/gF/24/s4/gF_24_s4_2019-03-20T10;12;08+01;00_rgb_ann_distraction.json,8994,9141,safe
dmd/gF/24/s4/gF_24_s4_2019-03-20T10;12;08+01;00_rgb_ann_distraction.json,9503,9823,safe
dmd/gF/24/s4/gF_24_s4_2019-03-20T10;12;08+01;00_rgb_ann_distraction.json,9964,10043,safe
dmd/gF/24/s4/gF_24_s4_2019-03-20T10;12;08+01;00_rgb_ann_distraction.json,10202,10379,safe
dmd/gF/24/s4/gF_24_s4_2019-03-20T10;12;08+01;00_rgb_ann_distraction.json,10393,10591,safe
dmd/gF/24/s4/gF_24_s4_2019-03-20T10;12;08+01;00_rgb_ann_distraction.json,10611,10847,safe
dmd/gF/24/s4/gF_24_s4_2019-03-20T10;12;08+01;00_rgb_ann_distraction.json,10863,10934,safe
dmd/gF/24/s4/gF_24_s4_2019-03-20T10;12;08+01;00_rgb_ann_distraction.json,11649,11725,safe
dmd/gF/24/s4/gF_24_s4_2019-03-20T10;12;08+01;00_rgb_ann_distraction.json,11738,11789,safe
dmd/gF/24/s4/gF_24_s4_2019-03-20T10;12;08+01;00_rgb_ann_distraction.json,12136,12184,safe
dmd/gF/24/s4/gF_24_s4_2019-03-20T10;12;08+01;00_rgb_ann_distraction.json,12199,12504,safe
dmd/gF/24/s4/gF_24_s4_2019-03-20T10;12;08+01;00_rgb_ann_distraction.json,12779,13213,safe
dmd/gF/24/s4/gF_24_s4_2019-03-20T10;12;08+01;00_rgb_ann_distraction.json,13507,13936,safe
dmd/gF/24/s4/gF_24_s4_2019-03-20T10;12;08+01;00_rgb_ann_distraction.json,1328,1355,unsafe
dmd/gF/24/s4/gF_24_s4_2019-03-20T10;12;08+01;00_rgb_ann_distraction.json,2514,2556,unsafe
dmd/gF/24/s4/gF_24_s4_2019-03-20T10;12;08+01;00_rgb_ann_distraction.json,2914,3174,unsafe
dmd/gF/24/s4/gF_24_s4_2019-03-20T10;12;08+01;00_rgb_ann_distraction.json,4282,4304,unsafe
dmd/gF/24/s4/gF_24_s4_2019-03-20T10;12;08+01;00_rgb_ann_distraction.json,5307,5349,unsafe
dmd/gF/24/s4/gF_24_s4_2019-03-20T10;12;08+01;00_rgb_ann_distraction.json,5707,6033,unsafe
dmd/gF/24/s4/gF_24_s4_2019-03-20T10;12;08+01;00_rgb_ann_distraction.json,7698,7733,unsafe
dmd/gF/24/s4/gF_24_s4_2019-03-20T10;12;08+01;00_rgb_ann_distraction.json,1356,2513,unsafe
dmd/gF/24/s4/gF_24_s4_2019-03-20T10;12;08+01;00_rgb_ann_distraction.json,4305,5306,unsafe
dmd/gF/24/s4/gF_24_s4_2019-03-20T10;12;08+01;00_rgb_ann_distraction.json,8869,8878,unsafe
dmd/gF/24/s4/gF_24_s4_2019-03-20T10;12;08+01;00_rgb_ann_distraction.json,9191,9450,unsafe
dmd/gF/24/s4/gF_24_s4_2019-03-20T10;12;08+01;00_rgb_ann_distraction.json,11026,11039,unsafe
dmd/gF/24/s4/gF_24_s4_2019-03-20T10;12;08+01;00_rgb_ann_distraction.json,11579,11591,unsafe
dmd/gF/24/s4/gF_24_s4_2019-03-20T10;12;08+01;00_rgb_ann_distraction.json,11839,12084,unsafe
dmd/gF/24/s4/gF_24_s4_2019-03-20T10;12;08+01;00_rgb_ann_distraction.json,7734,8868,unsafe
dmd/gF/24/s4/gF_24_s4_2019-03-20T10;12;08+01;00_rgb_ann_distraction.json,11040,11578,unsafe
dmd/gF/24/s4/gF_24_s4_2019-03-20T10;12;08+01;00_rgb_ann_distraction.json,1267,1327,reaching
dmd/gF/24/s4/gF_24_s4_2019-03-20T10;12;08+01;00_rgb_ann_distraction.json,2557,2616,reaching
dmd/gF/24/s4/gF_24_s4_2019-03-20T10;12;08+01;00_rgb_ann_distraction.json,2857,2913,reaching
dmd/gF/24/s4/gF_24_s4_2019-03-20T10;12;08+01;00_rgb_ann_distraction.json,3175,3235,reaching
dmd/gF/24/s4/gF_24_s4_2019-03-20T10;12;08+01;00_rgb_ann_distraction.json,3463,3524,reaching
dmd/gF/24/s4/gF_24_s4_2019-03-20T10;12;08+01;00_rgb_ann_distraction.json,3666,3723,reaching
dmd/gF/24/s4/gF_24_s4_2019-03-20T10;12;08+01;00_rgb_ann_distraction.json,4213,4281,reaching
dmd/gF/24/s4/gF_24_s4_2019-03-20T10;12;08+01;00_rgb_ann_distraction.json,5350,5414,reaching
dmd/gF/24/s4/gF_24_s4_2019-03-20T10;12;08+01;00_rgb_ann_distraction.json,5651,5706,reaching
dmd/gF/24/s4/gF_24_s4_2019-03-20T10;12;08+01;00_rgb_ann_distraction.json,6034,6074,reaching
dmd/gF/24/s4/gF_24_s4_2019-03-20T10;12;08+01;00_rgb_ann_distraction.json,7023,7067,reaching
dmd/gF/24/s4/gF_24_s4_2019-03-20T10;12;08+01;00_rgb_ann_distraction.json,7289,7350,reaching
dmd/gF/24/s4/gF_24_s4_2019-03-20T10;12;08+01;00_rgb_ann_distraction.json,7597,7679,reaching
dmd/gF/24/s4/gF_24_s4_2019-03-20T10;12;08+01;00_rgb_ann_distraction.json,8879,8945,reaching
dmd/gF/24/s4/gF_24_s4_2019-03-20T10;12;08+01;00_rgb_ann_distraction.json,9142,9190,reaching
dmd/gF/24/s4/gF_24_s4_2019-03-20T10;12;08+01;00_rgb_ann_distraction.json,9451,9502,reaching
dmd/gF/24/s4/gF_24_s4_2019-03-20T10;12;08+01;00_rgb_ann_distraction.json,9824,9878,reaching
dmd/gF/24/s4/gF_24_s4_2019-03-20T10;12;08+01;00_rgb_ann_distraction.json,10158,10201,reaching
dmd/gF/24/s4/gF_24_s4_2019-03-20T10;12;08+01;00_rgb_ann_distraction.json,10935,10998,reaching
dmd/gF/24/s4/gF_24_s4_2019-03-20T10;12;08+01;00_rgb_ann_distraction.json,11592,11648,reaching
dmd/gF/24/s4/gF_24_s4_2019-03-20T10;12;08+01;00_rgb_ann_distraction.json,11790,11838,reaching
dmd/gF/24/s4/gF_24_s4_2019-03-20T10;12;08+01;00_rgb_ann_distraction.json,12085,12135,reaching
dmd/gF/24/s4/gF_24_s4_2019-03-20T10;12;08+01;00_rgb_ann_distraction.json,13214,13276,reaching
dmd/gF/24/s4/gF_24_s4_2019-03-20T10;12;08+01;00_rgb_ann_distraction.json,13444,13506,reaching
dmd/gF/24/s4/gF_24_s4_2019-03-20T10;12;08+01;00_rgb_ann_distraction.json,661,732,reaching
dmd/gF/24/s4/gF_24_s4_2019-03-20T10;12;08+01;00_rgb_ann_distraction.json,853,905,reaching
dmd/gF/24/s4/gF_24_s4_2019-03-20T10;12;08+01;00_rgb_ann_distraction.json,6360,6429,reaching
dmd/gF/24/s4/gF_24_s4_2019-03-20T10;12;08+01;00_rgb_ann_distraction.json,6541,6589,reaching
dmd/gF/24/s4/gF_24_s4_2019-03-20T10;12;08+01;00_rgb_ann_distraction.json,12505,12555,reaching
dmd/gF/24/s4/gF_24_s4_2019-03-20T10;12;08+01;00_rgb_ann_distraction.json,12729,12778,reaching
dmd/gF/22/s2/gF_22_s2_2019-03-04T14;47;01+01;00_rgb_ann_distraction.json,2,498,safe
dmd/gF/22/s2/gF_22_s2_2019-03-04T14;47;01+01;00_rgb_ann_distraction.json,948,1312,safe
dmd/gF/22/s2/gF_22_s2_2019-03-04T14;47;01+01;00_rgb_ann_distraction.json,2226,2556,safe
dmd/gF/22/s2/gF_22_s2_2019-03-04T14;47;01+01;00_rgb_ann_distraction.json,3122,3344,safe
dmd/gF/22/s2/gF_22_s2_2019-03-04T14;47;01+01;00_rgb_ann_distraction.json,4406,4641,safe
dmd/gF/22/s2/gF_22_s2_2019-03-04T14;47;01+01;00_rgb_ann_distraction.json,5143,5385,safe
dmd/gF/22/s2/gF_22_s2_2019-03-04T14;47;01+01;00_rgb_ann_distraction.json,5808,6192,safe
dmd/gF/22/s2/gF_22_s2_2019-03-04T14;47;01+01;00_rgb_ann_distraction.json,7484,7738,safe
dmd/gF/22/s2/gF_22_s2_2019-03-04T14;47;01+01;00_rgb_ann_distraction.json,8295,8626,safe
dmd/gF/22/s2/gF_22_s2_2019-03-04T14;47;01+01;00_rgb_ann_distraction.json,9743,10000,safe
dmd/gF/22/s2/gF_22_s2_2019-03-04T14;47;01+01;00_rgb_ann_distraction.json,10552,10823,safe
dmd/gF/22/s2/gF_22_s2_2019-03-04T14;47;01+01;00_rgb_ann_distraction.json,11217,11498,safe
dmd/gF/22/s2/gF_22_s2_2019-03-04T14;47;01+01;00_rgb_ann_distraction.json,1363,1379,unsafe
dmd/gF/22/s2/gF_22_s2_2019-03-04T14;47;01+01;00_rgb_ann_distraction.json,2651,3055,unsafe
dmd/gF/22/s2/gF_22_s2_2019-03-04T14;47;01+01;00_rgb_ann_distraction.json,4729,5092,unsafe
dmd/gF/22/s2/gF_22_s2_2019-03-04T14;47;01+01;00_rgb_ann_distraction.json,1380,2174,unsafe
dmd/gF/22/s2/gF_22_s2_2019-03-04T14;47;01+01;00_rgb_ann_distraction.json,3393,4337,unsafe
dmd/gF/22/s2/gF_22_s2_2019-03-04T14;47;01+01;00_rgb_ann_distraction.json,7821,8222,unsafe
dmd/gF/22/s2/gF_22_s2_2019-03-04T14;47;01+01;00_rgb_ann_distraction.json,10082,10489,unsafe
dmd/gF/22/s2/gF_22_s2_2019-03-04T14;47;01+01;00_rgb_ann_distraction.json,6280,7402,unsafe
dmd/gF/22/s2/gF_22_s2_2019-03-04T14;47;01+01;00_rgb_ann_distraction.json,8695,9653,unsafe
dmd/gF/22/s2/gF_22_s2_2019-03-04T14;47;01+01;00_rgb_ann_distraction.json,499,585,reaching
dmd/gF/22/s2/gF_22_s2_2019-03-04T14;47;01+01;00_rgb_ann_distraction.json,920,947,reaching
dmd/gF/22/s2/gF_22_s2_2019-03-04T14;47;01+01;00_rgb_ann_distraction.json,1313,1362,reaching
dmd/gF/22/s2/gF_22_s2_2019-03-04T14;47;01+01;00_rgb_ann_distraction.json,2175,2225,reaching
dmd/gF/22/s2/gF_22_s2_2019-03-04T14;47;01+01;00_rgb_ann_distraction.json,2557,2613,reaching
dmd/gF/22/s2/gF_22_s2_2019-03-04T14;47;01+01;00_rgb_ann_distraction.json,3056,3121,reaching
dmd/gF/22/s2/gF_22_s2_2019-03-04T14;47;01+01;00_rgb_ann_distraction.json,3345,3392,reaching
dmd/gF/22/s2/gF_22_s2_2019-03-04T14;47;01+01;00_rgb_ann_distraction.json,4338,4405,reaching
dmd/gF/22/s2/gF_22_s2_2019-03-04T14;47;01+01;00_rgb_ann_distraction.json,4642,4693,reaching
dmd/gF/22/s2/gF_22_s2_2019-03-04T14;47;01+01;00_rgb_ann_distraction.json,5093,5142,reaching
dmd/gF/22/s2/gF_22_s2_2019-03-04T14;47;01+01;00_rgb_ann_distraction.json,5386,5451,reaching
dmd/gF/22/s2/gF_22_s2_2019-03-04T14;47;01+01;00_rgb_ann_distraction.json,5782,5807,reaching
dmd/gF/22/s2/gF_22_s2_2019-03-04T14;47;01+01;00_rgb_ann_distraction.json,6193,6279,reaching
dmd/gF/22/s2/gF_22_s2_2019-03-04T14;47;01+01;00_rgb_ann_distraction.json,7403,7483,reaching
dmd/gF/22/s2/gF_22_s2_2019-03-04T14;47;01+01;00_rgb_ann_distraction.json,7739,7820,reaching
dmd/gF/22/s2/gF_22_s2_2019-03-04T14;47;01+01;00_rgb_ann_distraction.json,8223,8294,reaching
dmd/gF/22/s2/gF_22_s2_2019-03-04T14;47;01+01;00_rgb_ann_distraction.json,8627,8694,reaching
dmd/gF/22/s2/gF_22_s2_2019-03-04T14;47;01+01;00_rgb_ann_distraction.json,9654,9742,reaching
dmd/gF/22/s2/gF_22_s2_2019-03-04T14;47;01+01;00_rgb_ann_distraction.json,10001,10081,reaching
dmd/gF/22/s2/gF_22_s2_2019-03-04T14;47;01+01;00_rgb_ann_distraction.json,10490,10551,reaching
dmd/gF/22/s2/gF_22_s2_2019-03-04T14;47;01+01;00_rgb_ann_distraction.json,10824,10864,reaching
dmd/gF/22/s2/gF_22_s2_2019-03-04T14;47;01+01;00_rgb_ann_distraction.json,11182,11216,reaching
dmd/gF/22/s2/gF_22_s2_2019-04-09T11;41;13+02;00_rgb_ann_distraction.json,4,437,safe
dmd/gF/22/s2/gF_22_s2_2019-04-09T11;41;13+02;00_rgb_ann_distraction.json,1099,1403,safe
dmd/gF/22/s2/gF_22_s2_2019-04-09T11;41;13+02;00_rgb_ann_distraction.json,2832,3163,safe
dmd/gF/22/s2/gF_22_s2_2019-04-09T11;41;13+02;00_rgb_ann_distraction.json,3584,4015,safe
dmd/gF/22/s2/gF_22_s2_2019-04-09T11;41;13+02;00_rgb_ann_distraction.json,5208,5528,safe
dmd/gF/22/s2/gF_22_s2_2019-04-09T11;41;13+02;00_rgb_ann_distraction.json,6039,6288,safe
dmd/gF/22/s2/gF_22_s2_2019-04-09T11;41;13+02;00_rgb_ann_distraction.json,6930,7407,safe
dmd/gF/22/s2/gF_22_s2_2019-04-09T11;41;13+02;00_rgb_ann_distraction.json,9408,9643,safe
dmd/gF/22/s2/gF_22_s2_2019-04-09T11;41;13+02;00_rgb_ann_distraction.json,10264,10791,safe
dmd/gF/22/s2/gF_22_s2_2019-04-09T11;41;13+02;00_rgb_ann_distraction.json,11913,12076,safe
dmd/gF/22/s2/gF_22_s2_2019-04-09T11;41;13+02;00_rgb_ann_distraction.json,12724,12997,safe
dmd/gF/22/s2/gF_22_s2_2019-04-09T11;41;13+02;00_rgb_ann_distraction.json,13627,13768,safe
dmd/gF/22/s2/gF_22_s2_2019-04-09T11;41;13+02;00_rgb_ann_distraction.json,3211,3516,unsafe
dmd/gF/22/s2/gF_22_s2_2019-04-09T11;41;13+02;00_rgb_ann_distraction.json,5581,5973,unsafe
dmd/gF/22/s2/gF_22_s2_2019-04-09T11;41;13+02;00_rgb_ann_distraction.json,1464,2774,unsafe
dmd/gF/22/s2/gF_22_s2_2019-04-09T11;41;13+02;00_rgb_ann_distraction.json,4066,5155,unsafe
dmd/gF/22/s2/gF_22_s2_2019-04-09T11;41;13+02;00_rgb_ann_distraction.json,9713,10188,unsafe
dmd/gF/22/s2/gF_22_s2_2019-04-09T11;41;13+02;00_rgb_ann_distraction.json,12147,12655,unsafe
dmd/gF/22/s2/gF_22_s2_2019-04-09T11;41;13+02;00_rgb_ann_distraction.json,7472,9357,unsafe
dmd/gF/22/s2/gF_22_s2_2019-04-09T11;41;13+02;00_rgb_ann_distraction.json,10869,11851,unsafe
dmd/gF/22/s2/gF_22_s2_2019-04-09T11;41;13+02;00_rgb_ann_distraction.json,438,647,reaching
dmd/gF/22/s2/gF_22_s2_2019-04-09T11;41;13+02;00_rgb_ann_distraction.json,1015,1098,reaching
dmd/gF/22/s2/gF_22_s2_2019-04-09T11;41;13+02;00_rgb_ann_distraction.json,1404,1463,reaching
dmd/gF/22/s2/gF_22_s2_2019-04-09T11;41;13+02;00_rgb_ann_distraction.json,2775,2831,reaching
dmd/gF/22/s2/gF_22_s2_2019-04-09T11;41;13+02;00_rgb_ann_distraction.json,3164,3210,reaching
dmd/gF/22/s2/gF_22_s2_2019-04-09T11;41;13+02;00_rgb_ann_distraction.json,3517,3583,reaching
dmd/gF/22/s2/gF_22_s2_2019-04-09T11;41;13+02;00_rgb_ann_distraction.json,4016,4065,reaching
dmd/gF/22/s2/gF_22_s2_2019-04-09T11;41;13+02;00_rgb_ann_distraction.json,5156,5207,reaching
dmd/gF/22/s2/gF_22_s2_2019-04-09T11;41;13+02;00_rgb_ann_distraction.json,5529,5580,reaching
dmd/gF/22/s2/gF_22_s2_2019-04-09T11;41;13+02;00_rgb_ann_distraction.json,5974,6038,reaching
dmd/gF/22/s2/gF_22_s2_2019-04-09T11;41;13+02;00_rgb_ann_distraction.json,6289,6468,reaching
dmd/gF/22/s2/gF_22_s2_2019-04-09T11;41;13+02;00_rgb_ann_distraction.json,6848,6929,reaching
dmd/gF/22/s2/gF_22_s2_2019-04-09T11;41;13+02;00_rgb_ann_distraction.json,7408,7471,reaching
dmd/gF/22/s2/gF_22_s2_2019-04-09T11;41;13+02;00_rgb_ann_distraction.json,9358,9407,reaching
dmd/gF/22/s2/gF_22_s2_2019-04-09T11;41;13+02;00_rgb_ann_distraction.json,9644,9712,reaching
dmd/gF/22/s2/gF_22_s2_2019-04-09T11;41;13+02;00_rgb_ann_distraction.json,10189,10263,reaching
dmd/gF/22/s2/gF_22_s2_2019-04-09T11;41;13+02;00_rgb_ann_distraction.json,10792,10868,reaching
dmd/gF/22/s2/gF_22_s2_2019-04-09T11;41;13+02;00_rgb_ann_distraction.json,11852,11912,reaching
dmd/gF/22/s2/gF_22_s2_2019-04-09T11;41;13+02;00_rgb_ann_distraction.json,12077,12146,reaching
dmd/gF/22/s2/gF_22_s2_2019-04-09T11;41;13+02;00_rgb_ann_distraction.json,12656,12723,reaching
dmd/gF/22/s2/gF_22_s2_2019-04-09T11;41;13+02;00_rgb_ann_distraction.json,12998,13131,reaching
dmd/gF/22/s2/gF_22_s2_2019-04-09T11;41;13+02;00_rgb_ann_distraction.json,13533,13626,reaching
dmd/gF/22/s4/gF_22_s4_2019-03-20T09;53;15+01;00_rgb_ann_distraction.json,3,447,safe
dmd/gF/22/s4/gF_22_s4_2019-03-20T09;53;15+01;00_rgb_ann_distraction.json,928,1318,safe
dmd/gF/22/s4/gF_22_s4_2019-03-20T09;53;15+01;00_rgb_ann_distraction.json,1336,1602,safe
dmd/gF/22/s4/gF_22_s4_2019-03-20T09;53;15+01;00_rgb_ann_distraction.json,2794,2950,safe
dmd/gF/22/s4/gF_22_s4_2019-03-20T09;53;15+01;00_rgb_ann_distraction.json,3487,3651,safe
dmd/gF/22/s4/gF_22_s4_2019-03-20T09;53;15+01;00_rgb_ann_distraction.json,3677,3962,safe
dmd/gF/22/s4/gF_22_s4_2019-03-20T09;53;15+01;00_rgb_ann_distraction.json,3986,4256,safe
dmd/gF/22/s4/gF_22_s4_2019-03-20T09;53;15+01;00_rgb_ann_distraction.json,5550,5793,safe
dmd/gF/22/s4/gF_22_s4_2019-03-20T09;53;15+01;00_rgb_ann_distraction.json,6438,6603,safe
dmd/gF/22/s4/gF_22_s4_2019-03-20T09;53;15+01;00_rgb_ann_distraction.json,7555,7599,safe
dmd/gF/22/s4/gF_22_s4_2019-03-20T09;53;15+01;00_rgb_ann_distraction.json,7633,7664,safe
dmd/gF/22/s4/gF_22_s4_2019-03-20T09;53;15+01;00_rgb_ann_distraction.json,7793,7826,safe
dmd/gF/22/s4/gF_22_s4_2019-03-20T09;53;15+01;00_rgb_ann_distraction.json,7849,7857,safe
dmd/gF/22/s4/gF_22_s4_2019-03-20T09;53;15+01;00_rgb_ann_distraction.json,7915,7999,safe
dmd/gF/22/s4/gF_22_s4_2019-03-20T09;53;15+01;00_rgb_ann_distraction.json,8198,8252,safe
dmd/gF/22/s4/gF_22_s4_2019-03-20T09;53;15+01;00_rgb_ann_distraction.json,8282,8366,safe
dmd/gF/22/s4/gF_22_s4_2019-03-20T09;53;15+01;00_rgb_ann_distraction.json,9003,9093,safe
dmd/gF/22/s4/gF_22_s4_2019-03-20T09;53;15+01;00_rgb_ann_distraction.json,9114,9139,safe
dmd/gF/22/s4/gF_22_s4_2019-03-20T09;53;15+01;00_rgb_ann_distraction.json,9187,9299,safe
dmd/gF/22/s4/gF_22_s4_2019-03-20T09;53;15+01;00_rgb_ann_distraction.json,9571,9703,safe
dmd/gF/22/s4/gF_22_s4_2019-03-20T09;53;15+01;00_rgb_ann_distraction.json,9768,9853,safe
dmd/gF/22/s4/gF_22_s4_2019-03-20T09;53;15+01;00_rgb_ann_distraction.json,9904,9910,safe
dmd/gF/22/s4/gF_22_s4_2019-03-20T09;53;15+01;00_rgb_ann_distraction.json,11055,11273,safe
dmd/gF/22/s4/gF_22_s4_2019-03-20T09;53;15+01;00_rgb_ann_distraction.json,11845,12079,safe
dmd/gF/22/s4/gF_22_s4_2019-03-20T09;53;15+01;00_rgb_ann_distraction.json,12463,12574,safe
dmd/gF/22/s4/gF_22_s4_2019-03-20T09;53;15+01;00_rgb_ann_distraction.json,13321,13523,safe
dmd/gF/22/s4/gF_22_s4_2019-03-20T09;53;15+01;00_rgb_ann_distraction.json,14140,14388,safe
dmd/gF/22/s4/gF_22_s4_2019-03-20T09;53;15+01;00_rgb_ann_distraction.json,14876,14980,safe
dmd/gF/22/s4/gF_22_s4_2019-03-20T09;53;15+01;00_rgb_ann_distraction.json,15356,15447,safe
dmd/gF/22/s4/gF_22_s4_2019-03-20T09;53;15+01;00_rgb_ann_distraction.json,5966,6334,unsafe
dmd/gF/22/s4/gF_22_s4_2019-03-20T09;53;15+01;00_rgb_ann_distraction.json,8186,8197,unsafe
dmd/gF/22/s4/gF_22_s4_2019-03-20T09;53;15+01;00_rgb_ann_distraction.json,8253,8281,unsafe
dmd/gF/22/s4/gF_22_s4_2019-03-20T09;53;15+01;00_rgb_ann_distraction.json,8627,8944,unsafe
dmd/gF/22/s4/gF_22_s4_2019-03-20T09;53;15+01;00_rgb_ann_distraction.json,1725,2698,unsafe
dmd/gF/22/s4/gF_22_s4_2019-03-20T09;53;15+01;00_rgb_ann_distraction.json,4354,5440,unsafe
dmd/gF/22/s4/gF_22_s4_2019-03-20T09;53;15+01;00_rgb_ann_distraction.json,11383,11778,unsafe
dmd/gF/22/s4/gF_22_s4_2019-03-20T09;53;15+01;00_rgb_ann_distraction.json,13679,14074,unsafe
dmd/gF/22/s4/gF_22_s4_2019-03-20T09;53;15+01;00_rgb_ann_distraction.json,10019,10990,unsafe
dmd/gF/22/s4/gF_22_s4_2019-03-20T09;53;15+01;00_rgb_ann_distraction.json,12664,13244,unsafe
dmd/gF/22/s4/gF_22_s4_2019-03-20T09;53;15+01;00_rgb_ann_distraction.json,448,533,reaching
dmd/gF/22/s4/gF_22_s4_2019-03-20T09;53;15+01;00_rgb_ann_distraction.json,836,883,reaching
dmd/gF/22/s4/gF_22_s4_2019-03-20T09;53;15+01;00_rgb_ann_distraction.json,1603,1724,reaching
dmd/gF/22/s4/gF_22_s4_2019-03-20T09;53;15+01;00_rgb_ann_distraction.json,2699,2793,reaching
dmd/gF/22/s4/gF_22_s4_2019-03-20T09;53;15+01;00_rgb_ann_distraction.json,2951,3028,reaching
dmd/gF/22/s4/gF_22_s4_2019-03-20T09;53;15+01;00_rgb_ann_distraction.json,3274,3486,reaching
dmd/gF/22/s4/gF_22_s4_2019-03-20T09;53;15+01;00_rgb_ann_distraction.json,4257,4353,reaching
dmd/gF/22/s4/gF_22_s4_2019-03-20T09;53;15+01;00_rgb_ann_distraction.json,5441,5549,reaching
dmd/gF/22/s4/gF_22_s4_2019-03-20T09;53;15+01;00_rgb_ann_distraction.json,5794,5865,reaching
dmd/gF/22/s4/gF_22_s4_2019-03-20T09;53;15+01;00_rgb_ann_distraction.json,6335,6437,reaching
dmd/gF/22/s4/gF_22_s4_2019-03-20T09;53;15+01;00_rgb_ann_distraction.json,6604,6725,reaching
dmd/gF/22/s4/gF_22_s4_2019-03-20T09;53;15+01;00_rgb_ann_distraction.json,7375,7395,reaching
dmd/gF/22/s4/gF_22_s4_2019-03-20T09;53;15+01;00_rgb_ann_distraction.json,7665,7721,reaching
dmd/gF/22/s4/gF_22_s4_2019-03-20T09;53;15+01;00_rgb_ann_distraction.json,8000,8116,reaching
dmd/gF/22/s4/gF_22_s4_2019-03-20T09;53;15+01;00_rgb_ann_distraction.json,8945,9002,reaching
dmd/gF/22/s4/gF_22_s4_2019-03-20T09;53;15+01;00_rgb_ann_distraction.json,9300,9350,reaching
dmd/gF/22/s4/gF_22_s4_2019-03-20T09;53;15+01;00_rgb_ann_distraction.json,9520,9570,reaching
dmd/gF/22/s4/gF_22_s4_2019-03-20T09;53;15+01;00_rgb_ann_distraction.json,9911,9984,reaching
dmd/gF/22/s4/gF_22_s4_2019-03-20T09;53;15+01;00_rgb_ann_distraction.json,10991,11054,reaching
dmd/gF/22/s4/gF_22_s4_2019-03-20T09;53;15+01;00_rgb_ann_distraction.json,11274,11334,reaching
dmd/gF/22/s4/gF_22_s4_2019-03-20T09;53;15+01;00_rgb_ann_distraction.json,11779,11844,reaching
dmd/gF/22/s4/gF_22_s4_2019-03-20T09;53;15+01;00_rgb_ann_distraction.json,12080,12209,reaching
dmd/gF/22/s4/gF_22_s4_2019-03-20T09;53;15+01;00_rgb_ann_distraction.json,12332,12462,reaching
dmd/gF/22/s4/gF_22_s4_2019-03-20T09;53;15+01;00_rgb_ann_distraction.json,12575,12663,reaching
dmd/gF/22/s4/gF_22_s4_2019-03-20T09;53;15+01;00_rgb_ann_distraction.json,13245,13320,reaching
dmd/gF/22/s4/gF_22_s4_2019-03-20T09;53;15+01;00_rgb_ann_distraction.json,13524,13600,reaching
dmd/gF/22/s4/gF_22_s4_2019-03-20T09;53;15+01;00_rgb_ann_distraction.json,14075,14139,reaching
dmd/gF/22/s4/gF_22_s4_2019-03-20T09;53;15+01;00_rgb_ann_distraction.json,14389,14519,reaching
dmd/gF/22/s4/gF_22_s4_2019-03-20T09;53;15+01;00_rgb_ann_distraction.json,14822,14875,reaching
dmd/gF/22/s4/gF_22_s4_2019-03-20T09;53;15+01;00_rgb_ann_distraction.json,14981,15047,reaching
dmd/gF/22/s4/gF_22_s4_2019-03-20T09;53;15+01;00_rgb_ann_distraction.json,15281,15329,reaching
dmd/gF/22/s4/gF_22_s4_2019-03-20T09;53;15+01;00_rgb_ann_distraction.json,7396,7436,unsafe
dmd/gF/22/s4/gF_22_s4_2019-03-20T09;53;15+01;00_rgb_ann_distraction.json,7483,7516,unsafe
dmd/gF/22/s4/gF_22_s4_2019-03-20T09;53;15+01;00_rgb_ann_distraction.json,8514,8540,unsafe
dmd/gF/22/s4/gF_22_s4_2019-03-20T09;53;15+01;00_rgb_ann_distraction.json,9854,9903,unsafe
dmd/gF/22/s4/gF_22_s4_2019-03-25T14;22;00+01;00_rgb_ann_distraction.json,16,424,safe
dmd/gF/22/s4/gF_22_s4_2019-03-25T14;22;00+01;00_rgb_ann_distraction.json,462,528,safe
dmd/gF/22/s4/gF_22_s4_2019-03-25T14;22;00+01;00_rgb_ann_distraction.json,1008,1194,safe
dmd/gF/22/s4/gF_22_s4_2019-03-25T14;22;00+01;00_rgb_ann_distraction.json,1222,1339,safe
dmd/gF/22/s4/gF_22_s4_2019-03-25T14;22;00+01;00_rgb_ann_distraction.json,1408,1522,safe
dmd/gF/22/s4/gF_22_s4_2019-03-25T14;22;00+01;00_rgb_ann_distraction.json,1550,1746,safe
dmd/gF/22/s4/gF_22_s4_2019-03-25T14;22;00+01;00_rgb_ann_distraction.json,1760,1789,safe
dmd/gF/22/s4/gF_22_s4_2019-03-25T14;22;00+01;00_rgb_ann_distraction.json,3038,3293,safe
dmd/gF/22/s4/gF_22_s4_2019-03-25T14;22;00+01;00_rgb_ann_distraction.json,3823,3863,safe
dmd/gF/22/s4/gF_22_s4_2019-03-25T14;22;00+01;00_rgb_ann_distraction.json,3891,4181,safe
dmd/gF/22/s4/gF_22_s4_2019-03-25T14;22;00+01;00_rgb_ann_distraction.json,4569,4822,safe
dmd/gF/22/s4/gF_22_s4_2019-03-25T14;22;00+01;00_rgb_ann_distraction.json,5873,6244,safe
dmd/gF/22/s4/gF_22_s4_2019-03-25T14;22;00+01;00_rgb_ann_distraction.json,6835,7072,safe
dmd/gF/22/s4/gF_22_s4_2019-03-25T14;22;00+01;00_rgb_ann_distraction.json,7645,7878,safe
dmd/gF/22/s4/gF_22_s4_2019-03-25T14;22;00+01;00_rgb_ann_distraction.json,8189,8692,safe
dmd/gF/22/s4/gF_22_s4_2019-03-25T14;22;00+01;00_rgb_ann_distraction.json,8724,8758,safe
dmd/gF/22/s4/gF_22_s4_2019-03-25T14;22;00+01;00_rgb_ann_distraction.json,9899,9966,safe
dmd/gF/22/s4/gF_22_s4_2019-03-25T14;22;00+01;00_rgb_ann_distraction.json,9989,10197,safe
dmd/gF/22/s4/gF_22_s4_2019-03-25T14;22;00+01;00_rgb_ann_distraction.json,10905,11088,safe
dmd/gF/22/s4/gF_22_s4_2019-03-25T14;22;00+01;00_rgb_ann_distraction.json,11349,11681,safe
dmd/gF/22/s4/gF_22_s4_2019-03-25T14;22;00+01;00_rgb_ann_distraction.json,13353,13784,safe
dmd/gF/22/s4/gF_22_s4_2019-03-25T14;22;00+01;00_rgb_ann_distraction.json,14617,14631,safe
dmd/gF/22/s4/gF_22_s4_2019-03-25T14;22;00+01;00_rgb_ann_distraction.json,14656,14843,safe
dmd/gF/22/s4/gF_22_s4_2019-03-25T14;22;00+01;00_rgb_ann_distraction.json,14964,14986,safe
dmd/gF/22/s4/gF_22_s4_2019-03-25T14;22;00+01;00_rgb_ann_distraction.json,15431,15486,safe
dmd/gF/22/s4/gF_22_s4_2019-03-25T14;22;00+01;00_rgb_ann_distraction.json,15501,15670,safe
dmd/gF/22/s4/gF_22_s4_2019-03-25T14;22;00+01;00_rgb_ann_distraction.json,15909,15922,safe
dmd/gF/22/s4/gF_22_s4_2019-03-25T14;22;00+01;00_rgb_ann_distraction.json,15946,15984,safe
dmd/gF/22/s4/gF_22_s4_2019-03-25T14;22;00+01;00_rgb_ann_distraction.json,3395,3749,unsafe
dmd/gF/22/s4/gF_22_s4_2019-03-25T14;22;00+01;00_rgb_ann_distraction.json,6245,6774,unsafe
dmd/gF/22/s4/gF_22_s4_2019-03-25T14;22;00+01;00_rgb_ann_distraction.json,1887,2917,unsafe
dmd/gF/22/s4/gF_22_s4_2019-03-25T14;22;00+01;00_rgb_ann_distraction.json,4894,5809,unsafe
dmd/gF/22/s4/gF_22_s4_2019-03-25T14;22;00+01;00_rgb_ann_distraction.json,10298,10840,unsafe
dmd/gF/22/s4/gF_22_s4_2019-03-25T14;22;00+01;00_rgb_ann_distraction.json,13994,14519,unsafe
dmd/gF/22/s4/gF_22_s4_2019-03-25T14;22;00+01;00_rgb_ann_distraction.json,8867,9832,unsafe
dmd/gF/22/s4/gF_22_s4_2019-03-25T14;22;00+01;00_rgb_ann_distraction.json,11750,13273,unsafe
dmd/gF/22/s4/gF_22_s4_2019-03-25T14;22;00+01;00_rgb_ann_distraction.json,529,620,reaching
dmd/gF/22/s4/gF_22_s4_2019-03-25T14;22;00+01;00_rgb_ann_distraction.json,977,1007,reaching
dmd/gF/22/s4/gF_22_s4_2019-03-25T14;22;00+01;00_rgb_ann_distraction.json,1790,1886,reaching
dmd/gF/22/s4/gF_22_s4_2019-03-25T14;22;00+01;00_rgb_ann_distraction.json,2918,3016,reaching
dmd/gF/22/s4/gF_22_s4_2019-03-25T14;22;00+01;00_rgb_ann_distraction.json,3294,3394,reaching
dmd/gF/22/s4/gF_22_s4_2019-03-25T14;22;00+01;00_rgb_ann_distraction.json,3750,3822,reaching
dmd/gF/22/s4/gF_22_s4_2019-03-25T14;22;00+01;00_rgb_ann_distraction.json,4182,4273,reaching
dmd/gF/22/s4/gF_22_s4_2019-03-25T14;22;00+01;00_rgb_ann_distraction.json,4428,4568,reaching
dmd/gF/22/s4/gF_22_s4_2019-03-25T14;22;00+01;00_rgb_ann_distraction.json,4823,4893,reaching
dmd/gF/22/s4/gF_22_s4_2019-03-25T14;22;00+01;00_rgb_ann_distraction.json,5810,5872,reaching
dmd/gF/22/s4/gF_22_s4_2019-03-25T14;22;00+01;00_rgb_ann_distraction.json,6775,6834,reaching
dmd/gF/22/s4/gF_22_s4_2019-03-25T14;22;00+01;00_rgb_ann_distraction.json,7073,7171,reaching
dmd/gF/22/s4/gF_22_s4_2019-03-25T14;22;00+01;00_rgb_ann_distraction.json,7599,7644,reaching
dmd/gF/22/s4/gF_22_s4_2019-03-25T14;22;00+01;00_rgb_ann_distraction.json,7879,7961,reaching
dmd/gF/22/s4/gF_22_s4_2019-03-25T14;22;00+01;00_rgb_ann_distraction.json,8117,8164,reaching
dmd/gF/22/s4/gF_22_s4_2019-03-25T14;22;00+01;00_rgb_ann_distraction.json,8759,8866,reaching
dmd/gF/22/s4/gF_22_s4_2019-03-25T14;22;00+01;00_rgb_ann_distraction.json,9833,9898,reaching
dmd/gF/22/s4/gF_22_s4_2019-03-25T14;22;00+01;00_rgb_ann_distraction.json,10198,10297,reaching
dmd/gF/22/s4/gF_22_s4_2019-03-25T14;22;00+01;00_rgb_ann_distraction.json,10841,10904,reaching
dmd/gF/22/s4/gF_22_s4_2019-03-25T14;22;00+01;00_rgb_ann_distraction.json,11089,11149,reaching
dmd/gF/22/s4/gF_22_s4_2019-03-25T14;22;00+01;00_rgb_ann_distraction.json,11274,11348,reaching
dmd/gF/22/s4/gF_22_s4_2019-03-25T14;22;00+01;00_rgb_ann_distraction.json,11682,11749,reaching
dmd/gF/22/s4/gF_22_s4_2019-03-25T14;22;00+01;00_rgb_ann_distraction.json,13274,13352,reaching
dmd/gF/22/s4/gF_22_s4_2019-03-25T14;22;00+01;00_rgb_ann_distraction.json,13785,13872,reaching
dmd/gF/22/s4/gF_22_s4_2019-03-25T14;22;00+01;00_rgb_ann_distraction.json,14564,14616,reaching
dmd/gF/22/s4/gF_22_s4_2019-03-25T14;22;00+01;00_rgb_ann_distraction.json,14844,14940,reaching
dmd/gF/22/s4/gF_22_s4_2019-03-25T14;22;00+01;00_rgb_ann_distraction.json,15390,15430,reaching
dmd/gF/22/s4/gF_22_s4_2019-03-25T14;22;00+01;00_rgb_ann_distraction.json,15671,15709,reaching
dmd/gF/22/s4/gF_22_s4_2019-03-25T14;22;00+01;00_rgb_ann_distraction.json,15850,15908,reaching
dmd/gF/22/s1/gF_22_s1_2019-03-04T14;54;55+01;00_rgb_ann_distraction.json,2,437,safe
dmd/gF/22/s1/gF_22_s1_2019-03-04T14;54;55+01;00_rgb_ann_distraction.json,730,769,safe
dmd/gF/22/s1/gF_22_s1_2019-03-04T14;54;55+01;00_rgb_ann_distraction.json,862,1167,safe
dmd/gF/22/s1/gF_22_s1_2019-03-04T14;54;55+01;00_rgb_ann_distraction.json,1609,1670,safe
dmd/gF/22/s1/gF_22_s1_2019-03-04T14;54;55+01;00_rgb_ann_distraction.json,1704,1722,safe
dmd/gF/22/s1/gF_22_s1_2019-03-04T14;54;55+01;00_rgb_ann_distraction.json,1752,1781,safe
dmd/gF/22/s1/gF_22_s1_2019-03-04T14;54;55+01;00_rgb_ann_distraction.json,1807,1835,safe
dmd/gF/22/s1/gF_22_s1_2019-03-04T14;54;55+01;00_rgb_ann_distraction.json,1852,1896,safe
dmd/gF/22/s1/gF_22_s1_2019-03-04T14;54;55+01;00_rgb_ann_distraction.json,1926,1938,safe
dmd/gF/22/s1/gF_22_s1_2019-03-04T14;54;55+01;00_rgb_ann_distraction.json,1960,2422,safe
dmd/gF/22/s1/gF_22_s1_2019-03-04T14;54;55+01;00_rgb_ann_distraction.json,2775,2875,safe
dmd/gF/22/s1/gF_22_s1_2019-03-04T14;54;55+01;00_rgb_ann_distraction.json,3083,3154,safe
dmd/gF/22/s1/gF_22_s1_2019-03-04T14;54;55+01;00_rgb_ann_distraction.json,3502,3765,safe
dmd/gF/22/s1/gF_22_s1_2019-03-04T14;54;55+01;00_rgb_ann_distraction.json,3985,4350,safe
dmd/gF/22/s1/gF_22_s1_2019-03-04T14;54;55+01;00_rgb_ann_distraction.json,4800,4816,safe
dmd/gF/22/s1/gF_22_s1_2019-03-04T14;54;55+01;00_rgb_ann_distraction.json,4844,4861,safe
dmd/gF/22/s1/gF_22_s1_2019-03-04T14;54;55+01;00_rgb_ann_distraction.json,4902,4932,safe
dmd/gF/22/s1/gF_22_s1_2019-03-04T14;54;55+01;00_rgb_ann_distraction.json,4955,4984,safe
dmd/gF/22/s1/gF_22_s1_2019-03-04T14;54;55+01;00_rgb_ann_distraction.json,5022,5039,safe
dmd/gF/22/s1/gF_22_s1_2019-03-04T14;54;55+01;00_rgb_ann_distraction.json,5068,5207,safe
dmd/gF/22/s1/gF_22_s1_2019-03-04T14;54;55+01;00_rgb_ann_distraction.json,5243,5263,safe
dmd/gF/22/s1/gF_22_s1_2019-03-04T14;54;55+01;00_rgb_ann_distraction.json,5287,5345,safe
dmd/gF/22/s1/gF_22_s1_2019-03-04T14;54;55+01;00_rgb_ann_distraction.json,5668,5750,safe
dmd/gF/22/s1/gF_22_s1_2019-03-04T14;54;55+01;00_rgb_ann_distraction.json,5995,6662,safe
dmd/gF/22/s1/gF_22_s1_2019-03-04T14;54;55+01;00_rgb_ann_distraction.json,438,729,unsafe
dmd/gF/22/s1/gF_22_s1_2019-03-04T14;54;55+01;00_rgb_ann_distraction.json,770,861,unsafe
dmd/gF/22/s1/gF_22_s1_2019-03-04T14;54;55+01;00_rgb_ann_distraction.json,2876,3082,unsafe
dmd/gF/22/s1/gF_22_s1_2019-03-04T14;54;55+01;00_rgb_ann_distraction.json,3766,3984,unsafe
dmd/gF/22/s1/gF_22_s1_2019-03-04T14;54;55+01;00_rgb_ann_distraction.json,5751,5994,unsafe
dmd/gF/22/s1/gF_22_s1_2019-03-04T14;54;55+01;00_rgb_ann_distraction.json,1168,1269,reaching
dmd/gF/22/s1/gF_22_s1_2019-03-04T14;54;55+01;00_rgb_ann_distraction.json,1523,1608,reaching
dmd/gF/22/s1/gF_22_s1_2019-03-04T14;54;55+01;00_rgb_ann_distraction.json,2423,2501,reaching
dmd/gF/22/s1/gF_22_s1_2019-03-04T14;54;55+01;00_rgb_ann_distraction.json,2690,2774,reaching
dmd/gF/22/s1/gF_22_s1_2019-03-04T14;54;55+01;00_rgb_ann_distraction.json,3155,3252,reaching
dmd/gF/22/s1/gF_22_s1_2019-03-04T14;54;55+01;00_rgb_ann_distraction.json,3270,3501,reaching
dmd/gF/22/s1/gF_22_s1_2019-03-04T14;54;55+01;00_rgb_ann_distraction.json,4351,4441,reaching
dmd/gF/22/s1/gF_22_s1_2019-03-04T14;54;55+01;00_rgb_ann_distraction.json,4656,4799,reaching
dmd/gF/22/s1/gF_22_s1_2019-03-04T14;54;55+01;00_rgb_ann_distraction.json,5346,5411,reaching
dmd/gF/22/s1/gF_22_s1_2019-03-04T14;54;55+01;00_rgb_ann_distraction.json,5595,5667,reaching
dmd/gF/22/s1/gF_22_s1_2019-03-04T14;54;55+01;00_rgb_ann_distraction.json,1671,1703,unsafe
dmd/gF/22/s1/gF_22_s1_2019-03-04T14;54;55+01;00_rgb_ann_distraction.json,1723,1751,unsafe
dmd/gF/22/s1/gF_22_s1_2019-03-04T14;54;55+01;00_rgb_ann_distraction.json,1782,1806,unsafe
dmd/gF/22/s1/gF_22_s1_2019-03-04T14;54;55+01;00_rgb_ann_distraction.json,1836,1851,unsafe
dmd/gF/22/s1/gF_22_s1_2019-03-04T14;54;55+01;00_rgb_ann_distraction.json,1897,1925,unsafe
dmd/gF/22/s1/gF_22_s1_2019-03-04T14;54;55+01;00_rgb_ann_distraction.json,1939,1959,unsafe
dmd/gF/22/s1/gF_22_s1_2019-03-04T14;54;55+01;00_rgb_ann_distraction.json,3253,3269,unsafe
dmd/gF/22/s1/gF_22_s1_2019-03-04T14;54;55+01;00_rgb_ann_distraction.json,4817,4843,unsafe
dmd/gF/22/s1/gF_22_s1_2019-03-04T14;54;55+01;00_rgb_ann_distraction.json,4862,4901,unsafe
dmd/gF/22/s1/gF_22_s1_2019-03-04T14;54;55+01;00_rgb_ann_distraction.json,4933,4954,unsafe
dmd/gF/22/s1/gF_22_s1_2019-03-04T14;54;55+01;00_rgb_ann_distraction.json,5040,5067,unsafe
dmd/gF/22/s1/gF_22_s1_2019-03-04T14;54;55+01;00_rgb_ann_distraction.json,5208,5242,unsafe
dmd/gF/22/s1/gF_22_s1_2019-03-04T14;54;55+01;00_rgb_ann_distraction.json,5264,5286,unsafe
dmd/gF/22/s1/gF_22_s1_2019-04-09T11;57;30+02;00_rgb_ann_distraction.json,1,350,safe
dmd/gF/22/s1/gF_22_s1_2019-04-09T11;57;30+02;00_rgb_ann_distraction.json,681,1073,safe
dmd/gF/22/s1/gF_22_s1_2019-04-09T11;57;30+02;00_rgb_ann_distraction.json,1375,1631,safe
dmd/gF/22/s1/gF_22_s1_2019-04-09T11;57;30+02;00_rgb_ann_distraction.json,1660,1669,safe
dmd/gF/22/s1/gF_22_s1_2019-04-09T11;57;30+02;00_rgb_ann_distraction.json,1695,1733,safe
dmd/gF/22/s1/gF_22_s1_2019-04-09T11;57;30+02;00_rgb_ann_distraction.json,1778,1860,safe
dmd/gF/22/s1/gF_22_s1_2019-04-09T11;57;30+02;00_rgb_ann_distraction.json,1881,1897,safe
dmd/gF/22/s1/gF_22_s1_2019-04-09T11;57;30+02;00_rgb_ann_distraction.json,1917,2031,safe
dmd/gF/22/s1/gF_22_s1_2019-04-09T11;57;30+02;00_rgb_ann_distraction.json,2050,2085,safe
dmd/gF/22/s1/gF_22_s1_2019-04-09T11;57;30+02;00_rgb_ann_distraction.json,2107,2155,safe
dmd/gF/22/s1/gF_22_s1_2019-04-09T11;57;30+02;00_rgb_ann_distraction.json,2168,2204,safe
dmd/gF/22/s1/gF_22_s1_2019-04-09T11;57;30+02;00_rgb_ann_distraction.json,2219,2472,safe
dmd/gF/22/s1/gF_22_s1_2019-04-09T11;57;30+02;00_rgb_ann_distraction.json,2493,2817,safe
dmd/gF/22/s1/gF_22_s1_2019-04-09T11;57;30+02;00_rgb_ann_distraction.json,3019,3626,safe
dmd/gF/22/s1/gF_22_s1_2019-04-09T11;57;30+02;00_rgb_ann_distraction.json,3811,4172,safe
dmd/gF/22/s1/gF_22_s1_2019-04-09T11;57;30+02;00_rgb_ann_distraction.json,4641,4997,safe
dmd/gF/22/s1/gF_22_s1_2019-04-09T11;57;30+02;00_rgb_ann_distraction.json,5021,5068,safe
dmd/gF/22/s1/gF_22_s1_2019-04-09T11;57;30+02;00_rgb_ann_distraction.json,5087,5104,safe
dmd/gF/22/s1/gF_22_s1_2019-04-09T11;57;30+02;00_rgb_ann_distraction.json,5132,5174,safe
dmd/gF/22/s1/gF_22_s1_2019-04-09T11;57;30+02;00_rgb_ann_distraction.json,5199,5425,safe
dmd/gF/22/s1/gF_22_s1_2019-04-09T11;57;30+02;00_rgb_ann_distraction.json,5443,5525,safe
dmd/gF/22/s1/gF_22_s1_2019-04-09T11;57;30+02;00_rgb_ann_distraction.json,5544,5957,safe
dmd/gF/22/s1/gF_22_s1_2019-04-09T11;57;30+02;00_rgb_ann_distraction.json,6185,6565,safe
dmd/gF/22/s1/gF_22_s1_2019-04-09T11;57;30+02;00_rgb_ann_distraction.json,351,680,unsafe
dmd/gF/22/s1/gF_22_s1_2019-04-09T11;57;30+02;00_rgb_ann_distraction.json,4173,4640,unsafe
dmd/gF/22/s1/gF_22_s1_2019-04-09T11;57;30+02;00_rgb_ann_distraction.json,1074,1138,reaching
dmd/gF/22/s1/gF_22_s1_2019-04-09T11;57;30+02;00_rgb_ann_distraction.json,1307,1374,reaching
dmd/gF/22/s1/gF_22_s1_2019-04-09T11;57;30+02;00_rgb_ann_distraction.json,2818,2861,reaching
dmd/gF/22/s1/gF_22_s1_2019-04-09T11;57;30+02;00_rgb_ann_distraction.json,2975,3018,reaching
dmd/gF/22/s1/gF_22_s1_2019-04-09T11;57;30+02;00_rgb_ann_distraction.json,3627,3677,reaching
dmd/gF/22/s1/gF_22_s1_2019-04-09T11;57;30+02;00_rgb_ann_distraction.json,3762,3810,reaching
dmd/gF/22/s1/gF_22_s1_2019-04-09T11;57;30+02;00_rgb_ann_distraction.json,5958,6005,reaching
dmd/gF/22/s1/gF_22_s1_2019-04-09T11;57;30+02;00_rgb_ann_distraction.json,6130,6184,reaching
dmd/gF/22/s1/gF_22_s1_2019-04-09T11;57;30+02;00_rgb_ann_distraction.json,1632,1659,unsafe
dmd/gF/22/s1/gF_22_s1_2019-04-09T11;57;30+02;00_rgb_ann_distraction.json,1670,1694,unsafe
dmd/gF/22/s1/gF_22_s1_2019-04-09T11;57;30+02;00_rgb_ann_distraction.json,1734,1777,unsafe
dmd/gF/22/s1/gF_22_s1_2019-04-09T11;57;30+02;00_rgb_ann_distraction.json,1861,1880,unsafe
dmd/gF/22/s1/gF_22_s1_2019-04-09T11;57;30+02;00_rgb_ann_distraction.json,1898,1916,unsafe
dmd/gF/22/s1/gF_22_s1_2019-04-09T11;57;30+02;00_rgb_ann_distraction.json,2032,2049,unsafe
dmd/gF/22/s1/gF_22_s1_2019-04-09T11;57;30+02;00_rgb_ann_distraction.json,2086,2106,unsafe
dmd/gF/22/s1/gF_22_s1_2019-04-09T11;57;30+02;00_rgb_ann_distraction.json,2156,2167,unsafe
dmd/gF/22/s1/gF_22_s1_2019-04-09T11;57;30+02;00_rgb_ann_distraction.json,2205,2218,unsafe
dmd/gF/22/s1/gF_22_s1_2019-04-09T11;57;30+02;00_rgb_ann_distraction.json,2473,2492,unsafe
dmd/gF/22/s1/gF_22_s1_2019-04-09T11;57;30+02;00_rgb_ann_distraction.json,4998,5020,unsafe
dmd/gF/22/s1/gF_22_s1_2019-04-09T11;57;30+02;00_rgb_ann_distraction.json,5069,5086,unsafe
dmd/gF/22/s1/gF_22_s1_2019-04-09T11;57;30+02;00_rgb_ann_distraction.json,5105,5131,unsafe
dmd/gF/22/s1/gF_22_s1_2019-04-09T11;57;30+02;00_rgb_ann_distraction.json,5175,5198,unsafe
dmd/gF/22/s1/gF_22_s1_2019-04-09T11;57;30+02;00_rgb_ann_distraction.json,5426,5442,unsafe
dmd/gF/22/s1/gF_22_s1_2019-04-09T11;57;30+02;00_rgb_ann_distraction.json,5526,5543,unsafe
dmd/gF/22/s3/gF_22_s3_2019-04-09T11;55;31+02;00_rgb_ann_distraction.json,1,676,safe
dmd/gF/22/s3/gF_22_s3_2019-04-09T11;55;31+02;00_rgb_ann_distraction.json,932,1293,safe
dmd/gF/22/s3/gF_22_s3_2019-04-09T11;55;31+02;00_rgb_ann_distraction.json,1452,1866,safe
dmd/gF/22/s3/gF_22_s3_2019-04-09T11;55;31+02;00_rgb_ann_distraction.json,813,931,reaching
dmd/gF/22/s3/gF_22_s3_2019-04-09T11;55;31+02;00_rgb_ann_distraction.json,1421,1451,reaching
dmd/gF/22/s3/gF_22_s3_2019-04-09T11;55;31+02;00_rgb_ann_distraction.json,677,812,reaching
dmd/gF/22/s3/gF_22_s3_2019-04-09T11;55;31+02;00_rgb_ann_distraction.json,1294,1420,reaching
dmd/gF/22/s3/gF_22_s3_2019-04-29T10;06;23+02;00_rgb_ann_distraction.json,2,612,safe
dmd/gF/22/s3/gF_22_s3_2019-04-29T10;06;23+02;00_rgb_ann_distraction.json,860,1238,safe
dmd/gF/22/s3/gF_22_s3_2019-04-29T10;06;23+02;00_rgb_ann_distraction.json,1415,1790,safe
dmd/gF/22/s3/gF_22_s3_2019-04-29T10;06;23+02;00_rgb_ann_distraction.json,1824,1872,safe
dmd/gF/22/s3/gF_22_s3_2019-04-29T10;06;23+02;00_rgb_ann_distraction.json,788,859,reaching
dmd/gF/22/s3/gF_22_s3_2019-04-29T10;06;23+02;00_rgb_ann_distraction.json,1368,1414,reaching
dmd/gF/22/s3/gF_22_s3_2019-04-29T10;06;23+02;00_rgb_ann_distraction.json,1908,1908,reaching
dmd/gF/22/s3/gF_22_s3_2019-04-29T10;06;23+02;00_rgb_ann_distraction.json,1880,1907,unsafe
dmd/gF/22/s3/gF_22_s3_2019-04-29T10;06;23+02;00_rgb_ann_distraction.json,613,787,reaching
dmd/gF/22/s3/gF_22_s3_2019-04-29T10;06;23+02;00_rgb_ann_distraction.json,1239,1367,reaching
dmd/gF/23/s3/gF_23_s3_2019-03-14T13;54;34+01;00_rgb_ann_distraction.json,196,769,safe
dmd/gF/23/s3/gF_23_s3_2019-03-14T13;54;34+01;00_rgb_ann_distraction.json,935,1279,safe
dmd/gF/23/s3/gF_23_s3_2019-03-14T13;54;34+01;00_rgb_ann_distraction.json,1467,1857,safe
dmd/gF/23/s3/gF_23_s3_2019-03-14T13;54;34+01;00_rgb_ann_distraction.json,17,147,unsafe
dmd/gF/23/s3/gF_23_s3_2019-03-14T13;54;34+01;00_rgb_ann_distraction.json,885,934,reaching
dmd/gF/23/s3/gF_23_s3_2019-03-14T13;54;34+01;00_rgb_ann_distraction.json,1424,1466,reaching
dmd/gF/23/s3/gF_23_s3_2019-03-14T13;54;34+01;00_rgb_ann_distraction.json,770,884,reaching
dmd/gF/23/s3/gF_23_s3_2019-03-14T13;54;34+01;00_rgb_ann_distraction.json,1280,1423,reaching
dmd/gF/23/s3/gF_23_s3_2019-03-11T09;31;59+01;00_rgb_ann_distraction.json,13,86,safe
dmd/gF/23/s3/gF_23_s3_2019-03-11T09;31;59+01;00_rgb_ann_distraction.json,127,573,safe
dmd/gF/23/s3/gF_23_s3_2019-03-11T09;31;59+01;00_rgb_ann_distraction.json,793,1270,safe
dmd/gF/23/s3/gF_23_s3_2019-03-11T09;31;59+01;00_rgb_ann_distraction.json,1455,1850,safe
dmd/gF/23/s3/gF_23_s3_2019-03-11T09;31;59+01;00_rgb_ann_distraction.json,743,792,reaching
dmd/gF/23/s3/gF_23_s3_2019-03-11T09;31;59+01;00_rgb_ann_distraction.json,1423,1454,reaching
dmd/gF/23/s3/gF_23_s3_2019-03-11T09;31;59+01;00_rgb_ann_distraction.json,574,742,reaching
dmd/gF/23/s3/gF_23_s3_2019-03-11T09;31;59+01;00_rgb_ann_distraction.json,1271,1422,reaching
dmd/gF/23/s2/gF_23_s2_2019-03-05T10;09;12+01;00_rgb_ann_distraction.json,24,507,safe
dmd/gF/23/s2/gF_23_s2_2019-03-05T10;09;12+01;00_rgb_ann_distraction.json,1069,1439,safe
dmd/gF/23/s2/gF_23_s2_2019-03-05T10;09;12+01;00_rgb_ann_distraction.json,2731,2966,safe
dmd/gF/23/s2/gF_23_s2_2019-03-05T10;09;12+01;00_rgb_ann_distraction.json,3431,3693,safe
dmd/gF/23/s2/gF_23_s2_2019-03-05T10;09;12+01;00_rgb_ann_distraction.json,5127,5359,safe
dmd/gF/23/s2/gF_23_s2_2019-03-05T10;09;12+01;00_rgb_ann_distraction.json,5821,6136,safe
dmd/gF/23/s2/gF_23_s2_2019-03-05T10;09;12+01;00_rgb_ann_distraction.json,6743,6752,safe
dmd/gF/23/s2/gF_23_s2_2019-03-05T10;09;12+01;00_rgb_ann_distraction.json,6857,6962,safe
dmd/gF/23/s2/gF_23_s2_2019-03-05T10;09;12+01;00_rgb_ann_distraction.json,8646,8758,safe
dmd/gF/23/s2/gF_23_s2_2019-03-05T10;09;12+01;00_rgb_ann_distraction.json,8814,8931,safe
dmd/gF/23/s2/gF_23_s2_2019-03-05T10;09;12+01;00_rgb_ann_distraction.json,9412,9644,safe
dmd/gF/23/s2/gF_23_s2_2019-03-05T10;09;12+01;00_rgb_ann_distraction.json,10813,11098,safe
dmd/gF/23/s2/gF_23_s2_2019-03-05T10;09;12+01;00_rgb_ann_distraction.json,11518,11713,safe
dmd/gF/23/s2/gF_23_s2_2019-03-05T10;09;12+01;00_rgb_ann_distraction.json,11766,11866,safe
dmd/gF/23/s2/gF_23_s2_2019-03-05T10;09;12+01;00_rgb_ann_distraction.json,12343,12573,safe
dmd/gF/23/s2/gF_23_s2_2019-03-05T10;09;12+01;00_rgb_ann_distraction.json,3044,3363,unsafe
dmd/gF/23/s2/gF_23_s2_2019-03-05T10;09;12+01;00_rgb_ann_distraction.json,5435,5758,unsafe
dmd/gF/23/s2/gF_23_s2_2019-03-05T10;09;12+01;00_rgb_ann_distraction.json,1515,2639,unsafe
dmd/gF/23/s2/gF_23_s2_2019-03-05T10;09;12+01;00_rgb_ann_distraction.json,3740,5039,unsafe
dmd/gF/23/s2/gF_23_s2_2019-03-05T10;09;12+01;00_rgb_ann_distraction.json,9051,9344,unsafe
dmd/gF/23/s2/gF_23_s2_2019-03-05T10;09;12+01;00_rgb_ann_distraction.json,11150,11448,unsafe
dmd/gF/23/s2/gF_23_s2_2019-03-05T10;09;12+01;00_rgb_ann_distraction.json,7009,8584,unsafe
dmd/gF/23/s2/gF_23_s2_2019-03-05T10;09;12+01;00_rgb_ann_distraction.json,9701,10725,unsafe
dmd/gF/23/s2/gF_23_s2_2019-03-05T10;09;12+01;00_rgb_ann_distraction.json,508,763,reaching
dmd/gF/23/s2/gF_23_s2_2019-03-05T10;09;12+01;00_rgb_ann_distraction.json,939,1068,reaching
dmd/gF/23/s2/gF_23_s2_2019-03-05T10;09;12+01;00_rgb_ann_distraction.json,1440,1514,reaching
dmd/gF/23/s2/gF_23_s2_2019-03-05T10;09;12+01;00_rgb_ann_distraction.json,2677,2730,reaching
dmd/gF/23/s2/gF_23_s2_2019-03-05T10;09;12+01;00_rgb_ann_distraction.json,2967,3043,reaching
dmd/gF/23/s2/gF_23_s2_2019-03-05T10;09;12+01;00_rgb_ann_distraction.json,3364,3430,reaching
dmd/gF/23/s2/gF_23_s2_2019-03-05T10;09;12+01;00_rgb_ann_distraction.json,3694,3739,reaching
dmd/gF/23/s2/gF_23_s2_2019-03-05T10;09;12+01;00_rgb_ann_distraction.json,5071,5126,reaching
dmd/gF/23/s2/gF_23_s2_2019-03-05T10;09;12+01;00_rgb_ann_distraction.json,5360,5434,reaching
dmd/gF/23/s2/gF_23_s2_2019-03-05T10;09;12+01;00_rgb_ann_distraction.json,5759,5820,reaching
dmd/gF/23/s2/gF_23_s2_2019-03-05T10;09;12+01;00_rgb_ann_distraction.json,6137,6331,reaching
dmd/gF/23/s2/gF_23_s2_2019-03-05T10;09;12+01;00_rgb_ann_distraction.json,6609,6742,reaching
dmd/gF/23/s2/gF_23_s2_2019-03-05T10;09;12+01;00_rgb_ann_distraction.json,6963,7008,reaching
dmd/gF/23/s2/gF_23_s2_2019-03-05T10;09;12+01;00_rgb_ann_distraction.json,8759,8813,reaching
dmd/gF/23/s2/gF_23_s2_2019-03-05T10;09;12+01;00_rgb_ann_distraction.json,8932,8971,reaching
dmd/gF/23/s2/gF_23_s2_2019-03-05T10;09;12+01;00_rgb_ann_distraction.json,9345,9411,reaching
dmd/gF/23/s2/gF_23_s2_2019-03-05T10;09;12+01;00_rgb_ann_distraction.json,9645,9700,reaching
dmd/gF/23/s2/gF_23_s2_2019-03-05T10;09;12+01;00_rgb_ann_distraction.json,10726,10812,reaching
dmd/gF/23/s2/gF_23_s2_2019-03-05T10;09;12+01;00_rgb_ann_distraction.json,11099,11149,reaching
dmd/gF/23/s2/gF_23_s2_2019-03-05T10;09;12+01;00_rgb_ann_distraction.json,11449,11517,reaching
dmd/gF/23/s2/gF_23_s2_2019-03-05T10;09;12+01;00_rgb_ann_distraction.json,11888,12042,reaching
dmd/gF/23/s2/gF_23_s2_2019-03-05T10;09;12+01;00_rgb_ann_distraction.json,12220,12342,reaching
dmd/gF/23/s2/gF_23_s2_2019-03-04T16;09;26+01;00_rgb_ann_distraction.json,3,598,safe
dmd/gF/23/s2/gF_23_s2_2019-03-04T16;09;26+01;00_rgb_ann_distraction.json,956,1199,safe
dmd/gF/23/s2/gF_23_s2_2019-03-04T16;09;26+01;00_rgb_ann_distraction.json,2281,2627,safe
dmd/gF/23/s2/gF_23_s2_2019-03-04T16;09;26+01;00_rgb_ann_distraction.json,3235,3632,safe
dmd/gF/23/s2/gF_23_s2_2019-03-04T16;09;26+01;00_rgb_ann_distraction.json,5082,5118,safe
dmd/gF/23/s2/gF_23_s2_2019-03-04T16;09;26+01;00_rgb_ann_distraction.json,5140,5452,safe
dmd/gF/23/s2/gF_23_s2_2019-03-04T16;09;26+01;00_rgb_ann_distraction.json,6060,6417,safe
dmd/gF/23/s2/gF_23_s2_2019-03-04T16;09;26+01;00_rgb_ann_distraction.json,7010,7407,safe
dmd/gF/23/s2/gF_23_s2_2019-03-04T16;09;26+01;00_rgb_ann_distraction.json,9388,9727,safe
dmd/gF/23/s2/gF_23_s2_2019-03-04T16;09;26+01;00_rgb_ann_distraction.json,10191,10570,safe
dmd/gF/23/s2/gF_23_s2_2019-03-04T16;09;26+01;00_rgb_ann_distraction.json,12433,12791,safe
dmd/gF/23/s2/gF_23_s2_2019-03-04T16;09;26+01;00_rgb_ann_distraction.json,13295,13517,safe
dmd/gF/23/s2/gF_23_s2_2019-03-04T16;09;26+01;00_rgb_ann_distraction.json,14045,14216,safe
dmd/gF/23/s2/gF_23_s2_2019-03-04T16;09;26+01;00_rgb_ann_distraction.json,2677,3162,unsafe
dmd/gF/23/s2/gF_23_s2_2019-03-04T16;09;26+01;00_rgb_ann_distraction.json,5522,5987,unsafe
dmd/gF/23/s2/gF_23_s2_2019-03-04T16;09;26+01;00_rgb_ann_distraction.json,1246,2225,unsafe
dmd/gF/23/s2/gF_23_s2_2019-03-04T16;09;26+01;00_rgb_ann_distraction.json,3677,5033,unsafe
dmd/gF/23/s2/gF_23_s2_2019-03-04T16;09;26+01;00_rgb_ann_distraction.json,9791,10107,unsafe
dmd/gF/23/s2/gF_23_s2_2019-03-04T16;09;26+01;00_rgb_ann_distraction.json,12880,13230,unsafe
dmd/gF/23/s2/gF_23_s2_2019-03-04T16;09;26+01;00_rgb_ann_distraction.json,7484,9285,unsafe
dmd/gF/23/s2/gF_23_s2_2019-03-04T16;09;26+01;00_rgb_ann_distraction.json,10657,12367,unsafe
dmd/gF/23/s2/gF_23_s2_2019-03-04T16;09;26+01;00_rgb_ann_distraction.json,599,649,reaching
dmd/gF/23/s2/gF_23_s2_2019-03-04T16;09;26+01;00_rgb_ann_distraction.json,915,955,reaching
dmd/gF/23/s2/gF_23_s2_2019-03-04T16;09;26+01;00_rgb_ann_distraction.json,1200,1245,reaching
dmd/gF/23/s2/gF_23_s2_2019-03-04T16;09;26+01;00_rgb_ann_distraction.json,2226,2280,reaching
dmd/gF/23/s2/gF_23_s2_2019-03-04T16;09;26+01;00_rgb_ann_distraction.json,2628,2676,reaching
dmd/gF/23/s2/gF_23_s2_2019-03-04T16;09;26+01;00_rgb_ann_distraction.json,3163,3234,reaching
dmd/gF/23/s2/gF_23_s2_2019-03-04T16;09;26+01;00_rgb_ann_distraction.json,3633,3676,reaching
dmd/gF/23/s2/gF_23_s2_2019-03-04T16;09;26+01;00_rgb_ann_distraction.json,5034,5081,reaching
dmd/gF/23/s2/gF_23_s2_2019-03-04T16;09;26+01;00_rgb_ann_distraction.json,5453,5521,reaching
dmd/gF/23/s2/gF_23_s2_2019-03-04T16;09;26+01;00_rgb_ann_distraction.json,5988,6059,reaching
dmd/gF/23/s2/gF_23_s2_2019-03-04T16;09;26+01;00_rgb_ann_distraction.json,6418,6492,reaching
dmd/gF/23/s2/gF_23_s2_2019-03-04T16;09;26+01;00_rgb_ann_distraction.json,6946,6977,reaching
dmd/gF/23/s2/gF_23_s2_2019-03-04T16;09;26+01;00_rgb_ann_distraction.json,7408,7447,reaching
dmd/gF/23/s2/gF_23_s2_2019-03-04T16;09;26+01;00_rgb_ann_distraction.json,9286,9387,reaching
dmd/gF/23/s2/gF_23_s2_2019-03-04T16;09;26+01;00_rgb_ann_distraction.json,9728,9766,reaching
dmd/gF/23/s2/gF_23_s2_2019-03-04T16;09;26+01;00_rgb_ann_distraction.json,10108,10190,reaching
dmd/gF/23/s2/gF_23_s2_2019-03-04T16;09;26+01;00_rgb_ann_distraction.json,10571,10624,reaching
dmd/gF/23/s2/gF_23_s2_2019-03-04T16;09;26+01;00_rgb_ann_distraction.json,12368,12432,reaching
dmd/gF/23/s2/gF_23_s2_2019-03-04T16;09;26+01;00_rgb_ann_distraction.json,12792,12835,reaching
dmd/gF/23/s2/gF_23_s2_2019-03-04T16;09;26+01;00_rgb_ann_distraction.json,13231,13294,reaching
dmd/gF/23/s2/gF_23_s2_2019-03-04T16;09;26+01;00_rgb_ann_distraction.json,13518,13569,reaching
dmd/gF/23/s2/gF_23_s2_2019-03-04T16;09;26+01;00_rgb_ann_distraction.json,14005,14044,reaching
dmd/gF/23/s1/gF_23_s1_2019-03-04T16;21;10+01;00_rgb_ann_distraction.json,3,724,safe
dmd/gF/23/s1/gF_23_s1_2019-03-04T16;21;10+01;00_rgb_ann_distraction.json,1040,1492,safe
dmd/gF/23/s1/gF_23_s1_2019-03-04T16;21;10+01;00_rgb_ann_distraction.json,1772,1804,safe
dmd/gF/23/s1/gF_23_s1_2019-03-04T16;21;10+01;00_rgb_ann_distraction.json,1854,2437,safe
dmd/gF/23/s1/gF_23_s1_2019-03-04T16;21;10+01;00_rgb_ann_distraction.json,2469,2542,safe
dmd/gF/23/s1/gF_23_s1_2019-03-04T16;21;10+01;00_rgb_ann_distraction.json,2568,2577,safe
dmd/gF/23/s1/gF_23_s1_2019-03-04T16;21;10+01;00_rgb_ann_distraction.json,2613,2673,safe
dmd/gF/23/s1/gF_23_s1_2019-03-04T16;21;10+01;00_rgb_ann_distraction.json,2697,2735,safe
dmd/gF/23/s1/gF_23_s1_2019-03-04T16;21;10+01;00_rgb_ann_distraction.json,2751,2766,safe
dmd/gF/23/s1/gF_23_s1_2019-03-04T16;21;10+01;00_rgb_ann_distraction.json,2789,2913,safe
dmd/gF/23/s1/gF_23_s1_2019-03-04T16;21;10+01;00_rgb_ann_distraction.json,2931,2943,safe
dmd/gF/23/s1/gF_23_s1_2019-03-04T16;21;10+01;00_rgb_ann_distraction.json,2970,3043,safe
dmd/gF/23/s1/gF_23_s1_2019-03-04T16;21;10+01;00_rgb_ann_distraction.json,3071,3468,safe
dmd/gF/23/s1/gF_23_s1_2019-03-04T16;21;10+01;00_rgb_ann_distraction.json,3918,3938,safe
dmd/gF/23/s1/gF_23_s1_2019-03-04T16;21;10+01;00_rgb_ann_distraction.json,4200,4498,safe
dmd/gF/23/s1/gF_23_s1_2019-03-04T16;21;10+01;00_rgb_ann_distraction.json,4702,4750,safe
dmd/gF/23/s1/gF_23_s1_2019-03-04T16;21;10+01;00_rgb_ann_distraction.json,4888,5327,safe
dmd/gF/23/s1/gF_23_s1_2019-03-04T16;21;10+01;00_rgb_ann_distraction.json,5349,5540,safe
dmd/gF/23/s1/gF_23_s1_2019-03-04T16;21;10+01;00_rgb_ann_distraction.json,5561,5646,safe
dmd/gF/23/s1/gF_23_s1_2019-03-04T16;21;10+01;00_rgb_ann_distraction.json,5669,5700,safe
dmd/gF/23/s1/gF_23_s1_2019-03-04T16;21;10+01;00_rgb_ann_distraction.json,5724,5742,safe
dmd/gF/23/s1/gF_23_s1_2019-03-04T16;21;10+01;00_rgb_ann_distraction.json,5761,5779,safe
dmd/gF/23/s1/gF_23_s1_2019-03-04T16;21;10+01;00_rgb_ann_distraction.json,5797,5870,safe
dmd/gF/23/s1/gF_23_s1_2019-03-04T16;21;10+01;00_rgb_ann_distraction.json,5893,6003,safe
dmd/gF/23/s1/gF_23_s1_2019-03-04T16;21;10+01;00_rgb_ann_distraction.json,6038,6192,safe
dmd/gF/23/s1/gF_23_s1_2019-03-04T16;21;10+01;00_rgb_ann_distraction.json,6225,6773,safe
dmd/gF/23/s1/gF_23_s1_2019-03-04T16;21;10+01;00_rgb_ann_distraction.json,7154,7273,safe
dmd/gF/23/s1/gF_23_s1_2019-03-04T16;21;10+01;00_rgb_ann_distraction.json,725,1039,unsafe
dmd/gF/23/s1/gF_23_s1_2019-03-04T16;21;10+01;00_rgb_ann_distraction.json,3939,4199,unsafe
dmd/gF/23/s1/gF_23_s1_2019-03-04T16;21;10+01;00_rgb_ann_distraction.json,1493,1555,reaching
dmd/gF/23/s1/gF_23_s1_2019-03-04T16;21;10+01;00_rgb_ann_distraction.json,1805,1853,reaching
dmd/gF/23/s1/gF_23_s1_2019-03-04T16;21;10+01;00_rgb_ann_distraction.json,3469,3542,reaching
dmd/gF/23/s1/gF_23_s1_2019-03-04T16;21;10+01;00_rgb_ann_distraction.json,3866,3917,reaching
dmd/gF/23/s1/gF_23_s1_2019-03-04T16;21;10+01;00_rgb_ann_distraction.json,4499,4547,reaching
dmd/gF/23/s1/gF_23_s1_2019-03-04T16;21;10+01;00_rgb_ann_distraction.json,4838,4887,reaching
dmd/gF/23/s1/gF_23_s1_2019-03-04T16;21;10+01;00_rgb_ann_distraction.json,6774,6848,reaching
dmd/gF/23/s1/gF_23_s1_2019-03-04T16;21;10+01;00_rgb_ann_distraction.json,7105,7153,reaching
dmd/gF/23/s1/gF_23_s1_2019-03-04T16;21;10+01;00_rgb_ann_distraction.json,2438,2468,unsafe
dmd/gF/23/s1/gF_23_s1_2019-03-04T16;21;10+01;00_rgb_ann_distraction.json,2543,2567,unsafe
dmd/gF/23/s1/gF_23_s1_2019-03-04T16;21;10+01;00_rgb_ann_distraction.json,2578,2612,unsafe
dmd/gF/23/s1/gF_23_s1_2019-03-04T16;21;10+01;00_rgb_ann_distraction.json,2674,2696,unsafe
dmd/gF/23/s1/gF_23_s1_2019-03-04T16;21;10+01;00_rgb_ann_distraction.json,2736,2750,unsafe
dmd/gF/23/s1/gF_23_s1_2019-03-04T16;21;10+01;00_rgb_ann_distraction.json,2767,2788,unsafe
dmd/gF/23/s1/gF_23_s1_2019-03-04T16;21;10+01;00_rgb_ann_distraction.json,2914,2930,unsafe
dmd/gF/23/s1/gF_23_s1_2019-03-04T16;21;10+01;00_rgb_ann_distraction.json,2944,2969,unsafe
dmd/gF/23/s1/gF_23_s1_2019-03-04T16;21;10+01;00_rgb_ann_distraction.json,3044,3070,unsafe
dmd/gF/23/s1/gF_23_s1_2019-03-04T16;21;10+01;00_rgb_ann_distraction.json,5328,5348,unsafe
dmd/gF/23/s1/gF_23_s1_2019-03-04T16;21;10+01;00_rgb_ann_distraction.json,5541,5560,unsafe
dmd/gF/23/s1/gF_23_s1_2019-03-04T16;21;10+01;00_rgb_ann_distraction.json,5647,5668,unsafe
dmd/gF/23/s1/gF_23_s1_2019-03-04T16;21;10+01;00_rgb_ann_distraction.json,5701,5723,unsafe
dmd/gF/23/s1/gF_23_s1_2019-03-04T16;21;10+01;00_rgb_ann_distraction.json,5743,5760,unsafe
dmd/gF/23/s1/gF_23_s1_2019-03-04T16;21;10+01;00_rgb_ann_distraction.json,5780,5796,unsafe
dmd/gF/23/s1/gF_23_s1_2019-03-04T16;21;10+01;00_rgb_ann_distraction.json,5871,5892,unsafe
dmd/gF/23/s1/gF_23_s1_2019-03-04T16;21;10+01;00_rgb_ann_distraction.json,6004,6037,unsafe
dmd/gF/23/s1/gF_23_s1_2019-03-04T16;21;10+01;00_rgb_ann_distraction.json,6193,6224,unsafe
dmd/gF/23/s1/gF_23_s1_2019-03-05T10;17;36+01;00_rgb_ann_distraction.json,11,531,safe
dmd/gF/23/s1/gF_23_s1_2019-03-05T10;17;36+01;00_rgb_ann_distraction.json,812,1098,safe
dmd/gF/23/s1/gF_23_s1_2019-03-05T10;17;36+01;00_rgb_ann_distraction.json,1505,1690,safe
dmd/gF/23/s1/gF_23_s1_2019-03-05T10;17;36+01;00_rgb_ann_distraction.json,1715,1754,safe
dmd/gF/23/s1/gF_23_s1_2019-03-05T10;17;36+01;00_rgb_ann_distraction.json,1778,1801,safe
dmd/gF/23/s1/gF_23_s1_2019-03-05T10;17;36+01;00_rgb_ann_distraction.json,1918,1984,safe
dmd/gF/23/s1/gF_23_s1_2019-03-05T10;17;36+01;00_rgb_ann_distraction.json,2011,2253,safe
dmd/gF/23/s1/gF_23_s1_2019-03-05T10;17;36+01;00_rgb_ann_distraction.json,2283,2389,safe
dmd/gF/23/s1/gF_23_s1_2019-03-05T10;17;36+01;00_rgb_ann_distraction.json,2406,2486,safe
dmd/gF/23/s1/gF_23_s1_2019-03-05T10;17;36+01;00_rgb_ann_distraction.json,2502,2734,safe
dmd/gF/23/s1/gF_23_s1_2019-03-05T10;17;36+01;00_rgb_ann_distraction.json,2759,2869,safe
dmd/gF/23/s1/gF_23_s1_2019-03-05T10;17;36+01;00_rgb_ann_distraction.json,2888,3090,safe
dmd/gF/23/s1/gF_23_s1_2019-03-05T10;17;36+01;00_rgb_ann_distraction.json,3662,4073,safe
dmd/gF/23/s1/gF_23_s1_2019-03-05T10;17;36+01;00_rgb_ann_distraction.json,4459,4709,safe
dmd/gF/23/s1/gF_23_s1_2019-03-05T10;17;36+01;00_rgb_ann_distraction.json,4737,4747,safe
dmd/gF/23/s1/gF_23_s1_2019-03-05T10;17;36+01;00_rgb_ann_distraction.json,4779,4810,safe
dmd/gF/23/s1/gF_23_s1_2019-03-05T10;17;36+01;00_rgb_ann_distraction.json,4836,4982,safe
dmd/gF/23/s1/gF_23_s1_2019-03-05T10;17;36+01;00_rgb_ann_distraction.json,5005,5250,safe
dmd/gF/23/s1/gF_23_s1_2019-03-05T10;17;36+01;00_rgb_ann_distraction.json,5274,5362,safe
dmd/gF/23/s1/gF_23_s1_2019-03-05T10;17;36+01;00_rgb_ann_distraction.json,5377,5803,safe
dmd/gF/23/s1/gF_23_s1_2019-03-05T10;17;36+01;00_rgb_ann_distraction.json,6119,6245,safe
dmd/gF/23/s1/gF_23_s1_2019-03-05T10;17;36+01;00_rgb_ann_distraction.json,6384,6759,safe
dmd/gF/23/s1/gF_23_s1_2019-03-05T10;17;36+01;00_rgb_ann_distraction.json,532,811,unsafe
dmd/gF/23/s1/gF_23_s1_2019-03-05T10;17;36+01;00_rgb_ann_distraction.json,3422,3661,unsafe
dmd/gF/23/s1/gF_23_s1_2019-03-05T10;17;36+01;00_rgb_ann_distraction.json,1099,1171,reaching
dmd/gF/23/s1/gF_23_s1_2019-03-05T10;17;36+01;00_rgb_ann_distraction.json,1464,1504,reaching
dmd/gF/23/s1/gF_23_s1_2019-03-05T10;17;36+01;00_rgb_ann_distraction.json,3091,3148,reaching
dmd/gF/23/s1/gF_23_s1_2019-03-05T10;17;36+01;00_rgb_ann_distraction.json,3368,3421,reaching
dmd/gF/23/s1/gF_23_s1_2019-03-05T10;17;36+01;00_rgb_ann_distraction.json,4074,4128,reaching
dmd/gF/23/s1/gF_23_s1_2019-03-05T10;17;36+01;00_rgb_ann_distraction.json,4388,4458,reaching
dmd/gF/23/s1/gF_23_s1_2019-03-05T10;17;36+01;00_rgb_ann_distraction.json,5804,5851,reaching
dmd/gF/23/s1/gF_23_s1_2019-03-05T10;17;36+01;00_rgb_ann_distraction.json,6326,6383,reaching
dmd/gF/23/s1/gF_23_s1_2019-03-05T10;17;36+01;00_rgb_ann_distraction.json,1691,1714,unsafe
dmd/gF/23/s1/gF_23_s1_2019-03-05T10;17;36+01;00_rgb_ann_distraction.json,1755,1777,unsafe
dmd/gF/23/s1/gF_23_s1_2019-03-05T10;17;36+01;00_rgb_ann_distraction.json,1802,1917,unsafe
dmd/gF/23/s1/gF_23_s1_2019-03-05T10;17;36+01;00_rgb_ann_distraction.json,1985,2010,unsafe
dmd/gF/23/s1/gF_23_s1_2019-03-05T10;17;36+01;00_rgb_ann_distraction.json,2254,2282,unsafe
dmd/gF/23/s1/gF_23_s1_2019-03-05T10;17;36+01;00_rgb_ann_distraction.json,2390,2405,unsafe
dmd/gF/23/s1/gF_23_s1_2019-03-05T10;17;36+01;00_rgb_ann_distraction.json,2487,2501,unsafe
dmd/gF/23/s1/gF_23_s1_2019-03-05T10;17;36+01;00_rgb_ann_distraction.json,2735,2758,unsafe
dmd/gF/23/s1/gF_23_s1_2019-03-05T10;17;36+01;00_rgb_ann_distraction.json,2870,2887,unsafe
dmd/gF/23/s1/gF_23_s1_2019-03-05T10;17;36+01;00_rgb_ann_distraction.json,4710,4736,unsafe
dmd/gF/23/s1/gF_23_s1_2019-03-05T10;17;36+01;00_rgb_ann_distraction.json,4748,4778,unsafe
dmd/gF/23/s1/gF_23_s1_2019-03-05T10;17;36+01;00_rgb_ann_distraction.json,4811,4835,unsafe
dmd/gF/23/s1/gF_23_s1_2019-03-05T10;17;36+01;00_rgb_ann_distraction.json,4983,5004,unsafe
dmd/gF/23/s1/gF_23_s1_2019-03-05T10;17;36+01;00_rgb_ann_distraction.json,5251,5273,unsafe
dmd/gF/23/s1/gF_23_s1_2019-03-05T10;17;36+01;00_rgb_ann_distraction.json,5363,5376,unsafe
dmd/gF/23/s1/gF_23_s1_2019-03-05T09;23;45+01;00_rgb_ann_distraction.json,15,544,safe
dmd/gF/23/s1/gF_23_s1_2019-03-05T09;23;45+01;00_rgb_ann_distraction.json,823,1102,safe
dmd/gF/23/s1/gF_23_s1_2019-03-05T09;23;45+01;00_rgb_ann_distraction.json,1189,1258,safe
dmd/gF/23/s1/gF_23_s1_2019-03-05T09;23;45+01;00_rgb_ann_distraction.json,1702,1828,safe
dmd/gF/23/s1/gF_23_s1_2019-03-05T09;23;45+01;00_rgb_ann_distraction.json,1855,1931,safe
dmd/gF/23/s1/gF_23_s1_2019-03-05T09;23;45+01;00_rgb_ann_distraction.json,1948,1963,safe
dmd/gF/23/s1/gF_23_s1_2019-03-05T09;23;45+01;00_rgb_ann_distraction.json,1986,2001,safe
dmd/gF/23/s1/gF_23_s1_2019-03-05T09;23;45+01;00_rgb_ann_distraction.json,2022,2079,safe
dmd/gF/23/s1/gF_23_s1_2019-03-05T09;23;45+01;00_rgb_ann_distraction.json,2100,2137,safe
dmd/gF/23/s1/gF_23_s1_2019-03-05T09;23;45+01;00_rgb_ann_distraction.json,2166,2678,safe
dmd/gF/23/s1/gF_23_s1_2019-03-05T09;23;45+01;00_rgb_ann_distraction.json,2744,2811,safe
dmd/gF/23/s1/gF_23_s1_2019-03-05T09;23;45+01;00_rgb_ann_distraction.json,3139,3151,safe
dmd/gF/23/s1/gF_23_s1_2019-03-05T09;23;45+01;00_rgb_ann_distraction.json,3427,3726,safe
dmd/gF/23/s1/gF_23_s1_2019-03-05T09;23;45+01;00_rgb_ann_distraction.json,4163,4623,safe
dmd/gF/23/s1/gF_23_s1_2019-03-05T09;23;45+01;00_rgb_ann_distraction.json,4637,4660,safe
dmd/gF/23/s1/gF_23_s1_2019-03-05T09;23;45+01;00_rgb_ann_distraction.json,4684,4908,safe
dmd/gF/23/s1/gF_23_s1_2019-03-05T09;23;45+01;00_rgb_ann_distraction.json,4933,5005,safe
dmd/gF/23/s1/gF_23_s1_2019-03-05T09;23;45+01;00_rgb_ann_distraction.json,5031,5532,safe
dmd/gF/23/s1/gF_23_s1_2019-03-05T09;23;45+01;00_rgb_ann_distraction.json,5907,6161,safe
dmd/gF/23/s1/gF_23_s1_2019-03-05T09;23;45+01;00_rgb_ann_distraction.json,545,822,unsafe
dmd/gF/23/s1/gF_23_s1_2019-03-05T09;23;45+01;00_rgb_ann_distraction.json,3176,3426,unsafe
dmd/gF/23/s1/gF_23_s1_2019-03-05T09;23;45+01;00_rgb_ann_distraction.json,1103,1188,reaching
dmd/gF/23/s1/gF_23_s1_2019-03-05T09;23;45+01;00_rgb_ann_distraction.json,1613,1701,reaching
dmd/gF/23/s1/gF_23_s1_2019-03-05T09;23;45+01;00_rgb_ann_distraction.json,2679,2743,reaching
dmd/gF/23/s1/gF_23_s1_2019-03-05T09;23;45+01;00_rgb_ann_distraction.json,3075,3138,reaching
dmd/gF/23/s1/gF_23_s1_2019-03-05T09;23;45+01;00_rgb_ann_distraction.json,3727,3791,reaching
dmd/gF/23/s1/gF_23_s1_2019-03-05T09;23;45+01;00_rgb_ann_distraction.json,4047,4162,reaching
dmd/gF/23/s1/gF_23_s1_2019-03-05T09;23;45+01;00_rgb_ann_distraction.json,5570,5625,reaching
dmd/gF/23/s1/gF_23_s1_2019-03-05T09;23;45+01;00_rgb_ann_distraction.json,5849,5906,reaching
dmd/gF/23/s1/gF_23_s1_2019-03-05T09;23;45+01;00_rgb_ann_distraction.json,1829,1854,unsafe
dmd/gF/23/s1/gF_23_s1_2019-03-05T09;23;45+01;00_rgb_ann_distraction.json,1932,1947,unsafe
dmd/gF/23/s1/gF_23_s1_2019-03-05T09;23;45+01;00_rgb_ann_distraction.json,1964,1985,unsafe
dmd/gF/23/s1/gF_23_s1_2019-03-05T09;23;45+01;00_rgb_ann_distraction.json,2002,2021,unsafe
dmd/gF/23/s1/gF_23_s1_2019-03-05T09;23;45+01;00_rgb_ann_distraction.json,2080,2099,unsafe
dmd/gF/23/s1/gF_23_s1_2019-03-05T09;23;45+01;00_rgb_ann_distraction.json,2138,2165,unsafe
dmd/gF/23/s1/gF_23_s1_2019-03-05T09;23;45+01;00_rgb_ann_distraction.json,4624,4636,unsafe
dmd/gF/23/s1/gF_23_s1_2019-03-05T09;23;45+01;00_rgb_ann_distraction.json,4661,4683,unsafe
dmd/gF/23/s1/gF_23_s1_2019-03-05T09;23;45+01;00_rgb_ann_distraction.json,4909,4932,unsafe
dmd/gF/23/s1/gF_23_s1_2019-03-05T09;23;45+01;00_rgb_ann_distraction.json,5006,5030,unsafe
dmd/gB/8/s4/gB_8_s4_2019-03-20T14;39;41+01;00_rgb_ann_distraction.json,2,188,safe
dmd/gB/8/s4/gB_8_s4_2019-03-20T14;39;41+01;00_rgb_ann_distraction.json,210,478,safe
dmd/gB/8/s4/gB_8_s4_2019-03-20T14;39;41+01;00_rgb_ann_distraction.json,1154,1364,safe
dmd/gB/8/s4/gB_8_s4_2019-03-20T14;39;41+01;00_rgb_ann_distraction.json,2593,2857,safe
dmd/gB/8/s4/gB_8_s4_2019-03-20T14;39;41+01;00_rgb_ann_distraction.json,3565,3738,safe
dmd/gB/8/s4/gB_8_s4_2019-03-20T14;39;41+01;00_rgb_ann_distraction.json,4428,4795,safe
dmd/gB/8/s4/gB_8_s4_2019-03-20T14;39;41+01;00_rgb_ann_distraction.json,5954,6039,safe
dmd/gB/8/s4/gB_8_s4_2019-03-20T14;39;41+01;00_rgb_ann_distraction.json,6069,6231,safe
dmd/gB/8/s4/gB_8_s4_2019-03-20T14;39;41+01;00_rgb_ann_distraction.json,6246,6336,safe
dmd/gB/8/s4/gB_8_s4_2019-03-20T14;39;41+01;00_rgb_ann_distraction.json,7090,7134,safe
dmd/gB/8/s4/gB_8_s4_2019-03-20T14;39;41+01;00_rgb_ann_distraction.json,7216,7275,safe
dmd/gB/8/s4/gB_8_s4_2019-03-20T14;39;41+01;00_rgb_ann_distraction.json,7303,7474,safe
dmd/gB/8/s4/gB_8_s4_2019-03-20T14;39;41+01;00_rgb_ann_distraction.json,8095,8126,safe
dmd/gB/8/s4/gB_8_s4_2019-03-20T14;39;41+01;00_rgb_ann_distraction.json,8145,8530,safe
dmd/gB/8/s4/gB_8_s4_2019-03-20T14;39;41+01;00_rgb_ann_distraction.json,9198,9298,safe
dmd/gB/8/s4/gB_8_s4_2019-03-20T14;39;41+01;00_rgb_ann_distraction.json,9334,9439,safe
dmd/gB/8/s4/gB_8_s4_2019-03-20T14;39;41+01;00_rgb_ann_distraction.json,9463,9576,safe
dmd/gB/8/s4/gB_8_s4_2019-03-20T14;39;41+01;00_rgb_ann_distraction.json,9738,9772,safe
dmd/gB/8/s4/gB_8_s4_2019-03-20T14;39;41+01;00_rgb_ann_distraction.json,11271,11378,safe
dmd/gB/8/s4/gB_8_s4_2019-03-20T14;39;41+01;00_rgb_ann_distraction.json,11416,11428,safe
dmd/gB/8/s4/gB_8_s4_2019-03-20T14;39;41+01;00_rgb_ann_distraction.json,11449,11461,safe
dmd/gB/8/s4/gB_8_s4_2019-03-20T14;39;41+01;00_rgb_ann_distraction.json,11482,11583,safe
dmd/gB/8/s4/gB_8_s4_2019-03-20T14;39;41+01;00_rgb_ann_distraction.json,12203,12399,safe
dmd/gB/8/s4/gB_8_s4_2019-03-20T14;39;41+01;00_rgb_ann_distraction.json,13007,13187,safe
dmd/gB/8/s4/gB_8_s4_2019-03-20T14;39;41+01;00_rgb_ann_distraction.json,13213,13233,safe
dmd/gB/8/s4/gB_8_s4_2019-03-20T14;39;41+01;00_rgb_ann_distraction.json,14677,14804,safe
dmd/gB/8/s4/gB_8_s4_2019-03-20T14;39;41+01;00_rgb_ann_distraction.json,15458,15578,safe
dmd/gB/8/s4/gB_8_s4_2019-03-20T14;39;41+01;00_rgb_ann_distraction.json,15603,15703,safe
dmd/gB/8/s4/gB_8_s4_2019-03-20T14;39;41+01;00_rgb_ann_distraction.json,16502,16669,safe
dmd/gB/8/s4/gB_8_s4_2019-03-20T14;39;41+01;00_rgb_ann_distraction.json,17206,17283,safe
dmd/gB/8/s4/gB_8_s4_2019-03-20T14;39;41+01;00_rgb_ann_distraction.json,2944,3486,unsafe
dmd/gB/8/s4/gB_8_s4_2019-03-20T14;39;41+01;00_rgb_ann_distraction.json,6449,6492,unsafe
dmd/gB/8/s4/gB_8_s4_2019-03-20T14;39;41+01;00_rgb_ann_distraction.json,6562,7033,unsafe
dmd/gB/8/s4/gB_8_s4_2019-03-20T14;39;41+01;00_rgb_ann_distraction.json,1448,2469,unsafe
dmd/gB/8/s4/gB_8_s4_2019-03-20T14;39;41+01;00_rgb_ann_distraction.json,4893,5088,unsafe
dmd/gB/8/s4/gB_8_s4_2019-03-20T14;39;41+01;00_rgb_ann_distraction.json,5159,5304,unsafe
dmd/gB/8/s4/gB_8_s4_2019-03-20T14;39;41+01;00_rgb_ann_distraction.json,5340,5850,unsafe
dmd/gB/8/s4/gB_8_s4_2019-03-20T14;39;41+01;00_rgb_ann_distraction.json,11718,12117,unsafe
dmd/gB/8/s4/gB_8_s4_2019-03-20T14;39;41+01;00_rgb_ann_distraction.json,14954,15328,unsafe
dmd/gB/8/s4/gB_8_s4_2019-03-20T14;39;41+01;00_rgb_ann_distraction.json,9857,9947,unsafe
dmd/gB/8/s4/gB_8_s4_2019-03-20T14;39;41+01;00_rgb_ann_distraction.json,9972,10212,unsafe
dmd/gB/8/s4/gB_8_s4_2019-03-20T14;39;41+01;00_rgb_ann_distraction.json,10236,10763,unsafe
dmd/gB/8/s4/gB_8_s4_2019-03-20T14;39;41+01;00_rgb_ann_distraction.json,10791,11106,unsafe
dmd/gB/8/s4/gB_8_s4_2019-03-20T14;39;41+01;00_rgb_ann_distraction.json,13459,13941,unsafe
dmd/gB/8/s4/gB_8_s4_2019-03-20T14;39;41+01;00_rgb_ann_distraction.json,13965,14271,unsafe
dmd/gB/8/s4/gB_8_s4_2019-03-20T14;39;41+01;00_rgb_ann_distraction.json,14310,14557,unsafe
dmd/gB/8/s4/gB_8_s4_2019-03-20T14;39;41+01;00_rgb_ann_distraction.json,479,599,reaching
dmd/gB/8/s4/gB_8_s4_2019-03-20T14;39;41+01;00_rgb_ann_distraction.json,1043,1153,reaching
dmd/gB/8/s4/gB_8_s4_2019-03-20T14;39;41+01;00_rgb_ann_distraction.json,1365,1447,reaching
dmd/gB/8/s4/gB_8_s4_2019-03-20T14;39;41+01;00_rgb_ann_distraction.json,2470,2592,reaching
dmd/gB/8/s4/gB_8_s4_2019-03-20T14;39;41+01;00_rgb_ann_distraction.json,2858,2911,reaching
dmd/gB/8/s4/gB_8_s4_2019-03-20T14;39;41+01;00_rgb_ann_distraction.json,3487,3564,reaching
dmd/gB/8/s4/gB_8_s4_2019-03-20T14;39;41+01;00_rgb_ann_distraction.json,3739,3808,reaching
dmd/gB/8/s4/gB_8_s4_2019-03-20T14;39;41+01;00_rgb_ann_distraction.json,4361,4427,reaching
dmd/gB/8/s4/gB_8_s4_2019-03-20T14;39;41+01;00_rgb_ann_distraction.json,4796,4859,reaching
dmd/gB/8/s4/gB_8_s4_2019-03-20T14;39;41+01;00_rgb_ann_distraction.json,5851,5905,reaching
dmd/gB/8/s4/gB_8_s4_2019-03-20T14;39;41+01;00_rgb_ann_distraction.json,6337,6448,reaching
dmd/gB/8/s4/gB_8_s4_2019-03-20T14;39;41+01;00_rgb_ann_distraction.json,7034,7089,reaching
dmd/gB/8/s4/gB_8_s4_2019-03-20T14;39;41+01;00_rgb_ann_distraction.json,7475,7576,reaching
dmd/gB/8/s4/gB_8_s4_2019-03-20T14;39;41+01;00_rgb_ann_distraction.json,8038,8094,reaching
dmd/gB/8/s4/gB_8_s4_2019-03-20T14;39;41+01;00_rgb_ann_distraction.json,8566,8644,reaching
dmd/gB/8/s4/gB_8_s4_2019-03-20T14;39;41+01;00_rgb_ann_distraction.json,9140,9155,reaching
dmd/gB/8/s4/gB_8_s4_2019-03-20T14;39;41+01;00_rgb_ann_distraction.json,9577,9704,reaching
dmd/gB/8/s4/gB_8_s4_2019-03-20T14;39;41+01;00_rgb_ann_distraction.json,11165,11270,reaching
dmd/gB/8/s4/gB_8_s4_2019-03-20T14;39;41+01;00_rgb_ann_distraction.json,11584,11655,reaching
dmd/gB/8/s4/gB_8_s4_2019-03-20T14;39;41+01;00_rgb_ann_distraction.json,12118,12202,reaching
dmd/gB/8/s4/gB_8_s4_2019-03-20T14;39;41+01;00_rgb_ann_distraction.json,12400,12434,reaching
dmd/gB/8/s4/gB_8_s4_2019-03-20T14;39;41+01;00_rgb_ann_distraction.json,12888,12940,reaching
dmd/gB/8/s4/gB_8_s4_2019-03-20T14;39;41+01;00_rgb_ann_distraction.json,13188,13212,reaching
dmd/gB/8/s4/gB_8_s4_2019-03-20T14;39;41+01;00_rgb_ann_distraction.json,13234,13272,reaching
dmd/gB/8/s4/gB_8_s4_2019-03-20T14;39;41+01;00_rgb_ann_distraction.json,14598,14676,reaching
dmd/gB/8/s4/gB_8_s4_2019-03-20T14;39;41+01;00_rgb_ann_distraction.json,14805,14871,reaching
dmd/gB/8/s4/gB_8_s4_2019-03-20T14;39;41+01;00_rgb_ann_distraction.json,15399,15457,reaching
dmd/gB/8/s4/gB_8_s4_2019-03-20T14;39;41+01;00_rgb_ann_distraction.json,15704,15896,reaching
dmd/gB/8/s4/gB_8_s4_2019-03-20T14;39;41+01;00_rgb_ann_distraction.json,16452,16501,reaching
dmd/gB/8/s4/gB_8_s4_2019-03-20T14;39;41+01;00_rgb_ann_distraction.json,16670,16752,reaching
dmd/gB/8/s4/gB_8_s4_2019-03-20T14;39;41+01;00_rgb_ann_distraction.json,17137,17205,reaching
dmd/gB/8/s4/gB_8_s4_2019-03-20T14;39;41+01;00_rgb_ann_distraction.json,6040,6068,unsafe
dmd/gB/8/s4/gB_8_s4_2019-03-20T14;39;41+01;00_rgb_ann_distraction.json,11379,11415,unsafe
dmd/gB/8/s4/gB_8_s4_2019-03-20T14;39;41+01;00_rgb_ann_distraction.json,11429,11448,unsafe
dmd/gB/8/s4/gB_8_s4_2019-03-20T14;39;41+01;00_rgb_ann_distraction.json,11462,11481,unsafe
dmd/gB/8/s2/gB_8_s2_2019-03-11T14;38;44+01;00_rgb_ann_distraction.json,127,666,safe
dmd/gB/8/s2/gB_8_s2_2019-03-11T14;38;44+01;00_rgb_ann_distraction.json,1236,1587,safe
dmd/gB/8/s2/gB_8_s2_2019-03-11T14;38;44+01;00_rgb_ann_distraction.json,2882,3377,safe
dmd/gB/8/s2/gB_8_s2_2019-03-11T14;38;44+01;00_rgb_ann_distraction.json,3986,4242,safe
dmd/gB/8/s2/gB_8_s2_2019-03-11T14;38;44+01;00_rgb_ann_distraction.json,5361,5661,safe
dmd/gB/8/s2/gB_8_s2_2019-03-11T14;38;44+01;00_rgb_ann_distraction.json,6371,6596,safe
dmd/gB/8/s2/gB_8_s2_2019-03-11T14;38;44+01;00_rgb_ann_distraction.json,7201,7479,safe
dmd/gB/8/s2/gB_8_s2_2019-03-11T14;38;44+01;00_rgb_ann_distraction.json,7502,7515,safe
dmd/gB/8/s2/gB_8_s2_2019-03-11T14;38;44+01;00_rgb_ann_distraction.json,8672,9067,safe
dmd/gB/8/s2/gB_8_s2_2019-03-11T14;38;44+01;00_rgb_ann_distraction.json,9727,10010,safe
dmd/gB/8/s2/gB_8_s2_2019-03-11T14;38;44+01;00_rgb_ann_distraction.json,11643,12051,safe
dmd/gB/8/s2/gB_8_s2_2019-03-11T14;38;44+01;00_rgb_ann_distraction.json,12716,12924,safe
dmd/gB/8/s2/gB_8_s2_2019-03-11T14;38;44+01;00_rgb_ann_distraction.json,13509,13627,safe
dmd/gB/8/s2/gB_8_s2_2019-03-11T14;38;44+01;00_rgb_ann_distraction.json,1657,1703,unsafe
dmd/gB/8/s2/gB_8_s2_2019-03-11T14;38;44+01;00_rgb_ann_distraction.json,2765,2789,unsafe
dmd/gB/8/s2/gB_8_s2_2019-03-11T14;38;44+01;00_rgb_ann_distraction.json,3493,3919,unsafe
dmd/gB/8/s2/gB_8_s2_2019-03-11T14;38;44+01;00_rgb_ann_distraction.json,4304,4362,unsafe
dmd/gB/8/s2/gB_8_s2_2019-03-11T14;38;44+01;00_rgb_ann_distraction.json,5817,6311,unsafe
dmd/gB/8/s2/gB_8_s2_2019-03-11T14;38;44+01;00_rgb_ann_distraction.json,1704,2764,unsafe
dmd/gB/8/s2/gB_8_s2_2019-03-11T14;38;44+01;00_rgb_ann_distraction.json,4363,5312,unsafe
dmd/gB/8/s2/gB_8_s2_2019-03-11T14;38;44+01;00_rgb_ann_distraction.json,7655,7696,unsafe
dmd/gB/8/s2/gB_8_s2_2019-03-11T14;38;44+01;00_rgb_ann_distraction.json,9156,9619,unsafe
dmd/gB/8/s2/gB_8_s2_2019-03-11T14;38;44+01;00_rgb_ann_distraction.json,10073,10114,unsafe
dmd/gB/8/s2/gB_8_s2_2019-03-11T14;38;44+01;00_rgb_ann_distraction.json,12212,12615,unsafe
dmd/gB/8/s2/gB_8_s2_2019-03-11T14;38;44+01;00_rgb_ann_distraction.json,7697,8597,unsafe
dmd/gB/8/s2/gB_8_s2_2019-03-11T14;38;44+01;00_rgb_ann_distraction.json,10115,11570,unsafe
dmd/gB/8/s2/gB_8_s2_2019-03-11T14;38;44+01;00_rgb_ann_distraction.json,667,775,reaching
dmd/gB/8/s2/gB_8_s2_2019-03-11T14;38;44+01;00_rgb_ann_distraction.json,1148,1235,reaching
dmd/gB/8/s2/gB_8_s2_2019-03-11T14;38;44+01;00_rgb_ann_distraction.json,1588,1655,reaching
dmd/gB/8/s2/gB_8_s2_2019-03-11T14;38;44+01;00_rgb_ann_distraction.json,2790,2881,reaching
dmd/gB/8/s2/gB_8_s2_2019-03-11T14;38;44+01;00_rgb_ann_distraction.json,3378,3440,reaching
dmd/gB/8/s2/gB_8_s2_2019-03-11T14;38;44+01;00_rgb_ann_distraction.json,3920,3985,reaching
dmd/gB/8/s2/gB_8_s2_2019-03-11T14;38;44+01;00_rgb_ann_distraction.json,4243,4303,reaching
dmd/gB/8/s2/gB_8_s2_2019-03-11T14;38;44+01;00_rgb_ann_distraction.json,5313,5360,reaching
dmd/gB/8/s2/gB_8_s2_2019-03-11T14;38;44+01;00_rgb_ann_distraction.json,5662,5711,reaching
dmd/gB/8/s2/gB_8_s2_2019-03-11T14;38;44+01;00_rgb_ann_distraction.json,6312,6370,reaching
dmd/gB/8/s2/gB_8_s2_2019-03-11T14;38;44+01;00_rgb_ann_distraction.json,6597,6725,reaching
dmd/gB/8/s2/gB_8_s2_2019-03-11T14;38;44+01;00_rgb_ann_distraction.json,7044,7200,reaching
dmd/gB/8/s2/gB_8_s2_2019-03-11T14;38;44+01;00_rgb_ann_distraction.json,7480,7501,reaching
dmd/gB/8/s2/gB_8_s2_2019-03-11T14;38;44+01;00_rgb_ann_distraction.json,7516,7567,reaching
dmd/gB/8/s2/gB_8_s2_2019-03-11T14;38;44+01;00_rgb_ann_distraction.json,8598,8671,reaching
dmd/gB/8/s2/gB_8_s2_2019-03-11T14;38;44+01;00_rgb_ann_distraction.json,9068,9118,reaching
dmd/gB/8/s2/gB_8_s2_2019-03-11T14;38;44+01;00_rgb_ann_distraction.json,9620,9726,reaching
dmd/gB/8/s2/gB_8_s2_2019-03-11T14;38;44+01;00_rgb_ann_distraction.json,10011,10072,reaching
dmd/gB/8/s2/gB_8_s2_2019-03-11T14;38;44+01;00_rgb_ann_distraction.json,11571,11642,reaching
dmd/gB/8/s2/gB_8_s2_2019-03-11T14;38;44+01;00_rgb_ann_distraction.json,12052,12095,reaching
dmd/gB/8/s2/gB_8_s2_2019-03-11T14;38;44+01;00_rgb_ann_distraction.json,12616,12715,reaching
dmd/gB/8/s2/gB_8_s2_2019-03-11T14;38;44+01;00_rgb_ann_distraction.json,12925,13032,reaching
dmd/gB/8/s2/gB_8_s2_2019-03-11T14;38;44+01;00_rgb_ann_distraction.json,13404,13508,reaching
dmd/gB/8/s3/gB_8_s3_2019-03-13T14;13;40+01;00_rgb_ann_distraction.json,0,80,safe
dmd/gB/8/s3/gB_8_s3_2019-03-13T14;13;40+01;00_rgb_ann_distraction.json,102,724,safe
dmd/gB/8/s3/gB_8_s3_2019-03-13T14;13;40+01;00_rgb_ann_distraction.json,816,874,safe
dmd/gB/8/s3/gB_8_s3_2019-03-13T14;13;40+01;00_rgb_ann_distraction.json,916,1339,safe
dmd/gB/8/s3/gB_8_s3_2019-03-13T14;13;40+01;00_rgb_ann_distraction.json,1499,3681,safe
dmd/gB/8/s3/gB_8_s3_2019-03-13T14;13;40+01;00_rgb_ann_distraction.json,875,915,reaching
dmd/gB/8/s3/gB_8_s3_2019-03-13T14;13;40+01;00_rgb_ann_distraction.json,1433,1498,reaching
dmd/gB/8/s3/gB_8_s3_2019-03-13T14;13;40+01;00_rgb_ann_distraction.json,725,815,reaching
dmd/gB/8/s3/gB_8_s3_2019-03-13T14;13;40+01;00_rgb_ann_distraction.json,1340,1432,reaching
dmd/gB/8/s1/gB_8_s1_2019-03-11T15;01;33+01;00_rgb_ann_distraction.json,3,77,safe
dmd/gB/8/s1/gB_8_s1_2019-03-11T15;01;33+01;00_rgb_ann_distraction.json,134,612,safe
dmd/gB/8/s1/gB_8_s1_2019-03-11T15;01;33+01;00_rgb_ann_distraction.json,857,891,safe
dmd/gB/8/s1/gB_8_s1_2019-03-11T15;01;33+01;00_rgb_ann_distraction.json,928,964,safe
dmd/gB/8/s1/gB_8_s1_2019-03-11T15;01;33+01;00_rgb_ann_distraction.json,1032,1318,safe
dmd/gB/8/s1/gB_8_s1_2019-03-11T15;01;33+01;00_rgb_ann_distraction.json,1723,1820,safe
dmd/gB/8/s1/gB_8_s1_2019-03-11T15;01;33+01;00_rgb_ann_distraction.json,1850,2078,safe
dmd/gB/8/s1/gB_8_s1_2019-03-11T15;01;33+01;00_rgb_ann_distraction.json,2125,2130,safe
dmd/gB/8/s1/gB_8_s1_2019-03-11T15;01;33+01;00_rgb_ann_distraction.json,2164,2184,safe
dmd/gB/8/s1/gB_8_s1_2019-03-11T15;01;33+01;00_rgb_ann_distraction.json,2223,2259,safe
dmd/gB/8/s1/gB_8_s1_2019-03-11T15;01;33+01;00_rgb_ann_distraction.json,2311,2335,safe
dmd/gB/8/s1/gB_8_s1_2019-03-11T15;01;33+01;00_rgb_ann_distraction.json,2385,2479,safe
dmd/gB/8/s1/gB_8_s1_2019-03-11T15;01;33+01;00_rgb_ann_distraction.json,2515,2607,safe
dmd/gB/8/s1/gB_8_s1_2019-03-11T15;01;33+01;00_rgb_ann_distraction.json,2645,2719,safe
dmd/gB/8/s1/gB_8_s1_2019-03-11T15;01;33+01;00_rgb_ann_distraction.json,2743,2783,safe
dmd/gB/8/s1/gB_8_s1_2019-03-11T15;01;33+01;00_rgb_ann_distraction.json,2812,2855,safe
dmd/gB/8/s1/gB_8_s1_2019-03-11T15;01;33+01;00_rgb_ann_distraction.json,2876,2932,safe
dmd/gB/8/s1/gB_8_s1_2019-03-11T15;01;33+01;00_rgb_ann_distraction.json,2967,3209,safe
dmd/gB/8/s1/gB_8_s1_2019-03-11T15;01;33+01;00_rgb_ann_distraction.json,3519,3742,safe
dmd/gB/8/s1/gB_8_s1_2019-03-11T15;01;33+01;00_rgb_ann_distraction.json,3822,3868,safe
dmd/gB/8/s1/gB_8_s1_2019-03-11T15;01;33+01;00_rgb_ann_distraction.json,4122,4645,safe
dmd/gB/8/s1/gB_8_s1_2019-03-11T15;01;33+01;00_rgb_ann_distraction.json,5055,5161,safe
dmd/gB/8/s1/gB_8_s1_2019-03-11T15;01;33+01;00_rgb_ann_distraction.json,5205,5314,safe
dmd/gB/8/s1/gB_8_s1_2019-03-11T15;01;33+01;00_rgb_ann_distraction.json,5343,5455,safe
dmd/gB/8/s1/gB_8_s1_2019-03-11T15;01;33+01;00_rgb_ann_distraction.json,5491,5538,safe
dmd/gB/8/s1/gB_8_s1_2019-03-11T15;01;33+01;00_rgb_ann_distraction.json,5616,5795,safe
dmd/gB/8/s1/gB_8_s1_2019-03-11T15;01;33+01;00_rgb_ann_distraction.json,5839,5893,safe
dmd/gB/8/s1/gB_8_s1_2019-03-11T15;01;33+01;00_rgb_ann_distraction.json,5939,6402,safe
dmd/gB/8/s1/gB_8_s1_2019-03-11T15;01;33+01;00_rgb_ann_distraction.json,6777,6876,safe
dmd/gB/8/s1/gB_8_s1_2019-03-11T15;01;33+01;00_rgb_ann_distraction.json,613,856,unsafe
dmd/gB/8/s1/gB_8_s1_2019-03-11T15;01;33+01;00_rgb_ann_distraction.json,892,927,unsafe
dmd/gB/8/s1/gB_8_s1_2019-03-11T15;01;33+01;00_rgb_ann_distraction.json,965,1031,unsafe
dmd/gB/8/s1/gB_8_s1_2019-03-11T15;01;33+01;00_rgb_ann_distraction.json,3743,3821,unsafe
dmd/gB/8/s1/gB_8_s1_2019-03-11T15;01;33+01;00_rgb_ann_distraction.json,3869,4121,unsafe
dmd/gB/8/s1/gB_8_s1_2019-03-11T15;01;33+01;00_rgb_ann_distraction.json,1319,1363,reaching
dmd/gB/8/s1/gB_8_s1_2019-03-11T15;01;33+01;00_rgb_ann_distraction.json,1649,1722,reaching
dmd/gB/8/s1/gB_8_s1_2019-03-11T15;01;33+01;00_rgb_ann_distraction.json,3210,3264,reaching
dmd/gB/8/s1/gB_8_s1_2019-03-11T15;01;33+01;00_rgb_ann_distraction.json,3452,3518,reaching
dmd/gB/8/s1/gB_8_s1_2019-03-11T15;01;33+01;00_rgb_ann_distraction.json,4646,4704,reaching
dmd/gB/8/s1/gB_8_s1_2019-03-11T15;01;33+01;00_rgb_ann_distraction.json,4985,5054,reaching
dmd/gB/8/s1/gB_8_s1_2019-03-11T15;01;33+01;00_rgb_ann_distraction.json,6403,6467,reaching
dmd/gB/8/s1/gB_8_s1_2019-03-11T15;01;33+01;00_rgb_ann_distraction.json,6710,6776,reaching
dmd/gB/8/s1/gB_8_s1_2019-03-11T15;01;33+01;00_rgb_ann_distraction.json,2079,2124,unsafe
dmd/gB/8/s1/gB_8_s1_2019-03-11T15;01;33+01;00_rgb_ann_distraction.json,2131,2163,unsafe
dmd/gB/8/s1/gB_8_s1_2019-03-11T15;01;33+01;00_rgb_ann_distraction.json,2185,2222,unsafe
dmd/gB/8/s1/gB_8_s1_2019-03-11T15;01;33+01;00_rgb_ann_distraction.json,2260,2310,unsafe
dmd/gB/8/s1/gB_8_s1_2019-03-11T15;01;33+01;00_rgb_ann_distraction.json,2336,2384,unsafe
dmd/gB/8/s1/gB_8_s1_2019-03-11T15;01;33+01;00_rgb_ann_distraction.json,2480,2514,unsafe
dmd/gB/8/s1/gB_8_s1_2019-03-11T15;01;33+01;00_rgb_ann_distraction.json,2608,2644,unsafe
dmd/gB/8/s1/gB_8_s1_2019-03-11T15;01;33+01;00_rgb_ann_distraction.json,2720,2742,unsafe
dmd/gB/8/s1/gB_8_s1_2019-03-11T15;01;33+01;00_rgb_ann_distraction.json,2784,2811,unsafe
dmd/gB/8/s1/gB_8_s1_2019-03-11T15;01;33+01;00_rgb_ann_distraction.json,2856,2875,unsafe
dmd/gB/8/s1/gB_8_s1_2019-03-11T15;01;33+01;00_rgb_ann_distraction.json,2933,2966,unsafe
dmd/gB/8/s1/gB_8_s1_2019-03-11T15;01;33+01;00_rgb_ann_distraction.json,5162,5204,unsafe
dmd/gB/8/s1/gB_8_s1_2019-03-11T15;01;33+01;00_rgb_ann_distraction.json,5315,5342,unsafe
dmd/gB/8/s1/gB_8_s1_2019-03-11T15;01;33+01;00_rgb_ann_distraction.json,5456,5490,unsafe
dmd/gB/8/s1/gB_8_s1_2019-03-11T15;01;33+01;00_rgb_ann_distraction.json,5539,5615,unsafe
dmd/gB/8/s1/gB_8_s1_2019-03-11T15;01;33+01;00_rgb_ann_distraction.json,5796,5838,unsafe
dmd/gB/8/s1/gB_8_s1_2019-03-11T15;01;33+01;00_rgb_ann_distraction.json,5894,5938,unsafe
dmd/gB/6/s4/gB_6_s4_2019-03-20T13;42;00+01;00_rgb_ann_distraction.json,3,86,safe
dmd/gB/6/s4/gB_6_s4_2019-03-20T13;42;00+01;00_rgb_ann_distraction.json,99,266,safe
dmd/gB/6/s4/gB_6_s4_2019-03-20T13;42;00+01;00_rgb_ann_distraction.json,295,389,safe
dmd/gB/6/s4/gB_6_s4_2019-03-20T13;42;00+01;00_rgb_ann_distraction.json,429,448,safe
dmd/gB/6/s4/gB_6_s4_2019-03-20T13;42;00+01;00_rgb_ann_distraction.json,967,1081,safe
dmd/gB/6/s4/gB_6_s4_2019-03-20T13;42;00+01;00_rgb_ann_distraction.json,1110,1272,safe
dmd/gB/6/s4/gB_6_s4_2019-03-20T13;42;00+01;00_rgb_ann_distraction.json,2660,2958,safe
dmd/gB/6/s4/gB_6_s4_2019-03-20T13;42;00+01;00_rgb_ann_distraction.json,3866,4064,safe
dmd/gB/6/s4/gB_6_s4_2019-03-20T13;42;00+01;00_rgb_ann_distraction.json,4561,4689,safe
dmd/gB/6/s4/gB_6_s4_2019-03-20T13;42;00+01;00_rgb_ann_distraction.json,5904,6100,safe
dmd/gB/6/s4/gB_6_s4_2019-03-20T13;42;00+01;00_rgb_ann_distraction.json,6608,6761,safe
dmd/gB/6/s4/gB_6_s4_2019-03-20T13;42;00+01;00_rgb_ann_distraction.json,6791,7029,safe
dmd/gB/6/s4/gB_6_s4_2019-03-20T13;42;00+01;00_rgb_ann_distraction.json,7494,7545,safe
dmd/gB/6/s4/gB_6_s4_2019-03-20T13;42;00+01;00_rgb_ann_distraction.json,7579,7728,safe
dmd/gB/6/s4/gB_6_s4_2019-03-20T13;42;00+01;00_rgb_ann_distraction.json,8166,8193,safe
dmd/gB/6/s4/gB_6_s4_2019-03-20T13;42;00+01;00_rgb_ann_distraction.json,8208,8365,safe
dmd/gB/6/s4/gB_6_s4_2019-03-20T13;42;00+01;00_rgb_ann_distraction.json,8413,8433,safe
dmd/gB/6/s4/gB_6_s4_2019-03-20T13;42;00+01;00_rgb_ann_distraction.json,9707,9995,safe
dmd/gB/6/s4/gB_6_s4_2019-03-20T13;42;00+01;00_rgb_ann_distraction.json,10728,10781,safe
dmd/gB/6/s4/gB_6_s4_2019-03-20T13;42;00+01;00_rgb_ann_distraction.json,10818,10907,safe
dmd/gB/6/s4/gB_6_s4_2019-03-20T13;42;00+01;00_rgb_ann_distraction.json,11262,11298,safe
dmd/gB/6/s4/gB_6_s4_2019-03-20T13;42;00+01;00_rgb_ann_distraction.json,11332,11384,safe
dmd/gB/6/s4/gB_6_s4_2019-03-20T13;42;00+01;00_rgb_ann_distraction.json,11434,11525,safe
dmd/gB/6/s4/gB_6_s4_2019-03-20T13;42;00+01;00_rgb_ann_distraction.json,11583,11753,safe
dmd/gB/6/s4/gB_6_s4_2019-03-20T13;42;00+01;00_rgb_ann_distraction.json,13066,13376,safe
dmd/gB/6/s4/gB_6_s4_2019-03-20T13;42;00+01;00_rgb_ann_distraction.json,14058,14131,safe
dmd/gB/6/s4/gB_6_s4_2019-03-20T13;42;00+01;00_rgb_ann_distraction.json,14232,14297,safe
dmd/gB/6/s4/gB_6_s4_2019-03-20T13;42;00+01;00_rgb_ann_distraction.json,14328,14525,safe
dmd/gB/6/s4/gB_6_s4_2019-03-20T13;42;00+01;00_rgb_ann_distraction.json,14542,14693,safe
dmd/gB/6/s4/gB_6_s4_2019-03-20T13;42;00+01;00_rgb_ann_distraction.json,15210,15231,safe
dmd/gB/6/s4/gB_6_s4_2019-03-20T13;42;00+01;00_rgb_ann_distraction.json,15260,15315,safe
dmd/gB/6/s4/gB_6_s4_2019-03-20T13;42;00+01;00_rgb_ann_distraction.json,15820,15876,safe
dmd/gB/6/s4/gB_6_s4_2019-03-20T13;42;00+01;00_rgb_ann_distraction.json,2559,2570,unsafe
dmd/gB/6/s4/gB_6_s4_2019-03-20T13;42;00+01;00_rgb_ann_distraction.json,3249,3318,unsafe
dmd/gB/6/s4/gB_6_s4_2019-03-20T13;42;00+01;00_rgb_ann_distraction.json,3414,3724,unsafe
dmd/gB/6/s4/gB_6_s4_2019-03-20T13;42;00+01;00_rgb_ann_distraction.json,4772,4787,unsafe
dmd/gB/6/s4/gB_6_s4_2019-03-20T13;42;00+01;00_rgb_ann_distraction.json,5816,5828,unsafe
dmd/gB/6/s4/gB_6_s4_2019-03-20T13;42;00+01;00_rgb_ann_distraction.json,6232,6347,unsafe
dmd/gB/6/s4/gB_6_s4_2019-03-20T13;42;00+01;00_rgb_ann_distraction.json,6396,6529,unsafe
dmd/gB/6/s4/gB_6_s4_2019-03-20T13;42;00+01;00_rgb_ann_distraction.json,1332,2558,unsafe
dmd/gB/6/s4/gB_6_s4_2019-03-20T13;42;00+01;00_rgb_ann_distraction.json,4788,5815,unsafe
dmd/gB/6/s4/gB_6_s4_2019-03-20T13;42;00+01;00_rgb_ann_distraction.json,8527,8541,unsafe
dmd/gB/6/s4/gB_6_s4_2019-03-20T13;42;00+01;00_rgb_ann_distraction.json,9613,9622,unsafe
dmd/gB/6/s4/gB_6_s4_2019-03-20T13;42;00+01;00_rgb_ann_distraction.json,10113,10600,unsafe
dmd/gB/6/s4/gB_6_s4_2019-03-20T13;42;00+01;00_rgb_ann_distraction.json,11837,11846,unsafe
dmd/gB/6/s4/gB_6_s4_2019-03-20T13;42;00+01;00_rgb_ann_distraction.json,12930,12978,unsafe
dmd/gB/6/s4/gB_6_s4_2019-03-20T13;42;00+01;00_rgb_ann_distraction.json,13557,13703,unsafe
dmd/gB/6/s4/gB_6_s4_2019-03-20T13;42;00+01;00_rgb_ann_distraction.json,13744,13951,unsafe
dmd/gB/6/s4/gB_6_s4_2019-03-20T13;42;00+01;00_rgb_ann_distraction.json,8542,9325,unsafe
dmd/gB/6/s4/gB_6_s4_2019-03-20T13;42;00+01;00_rgb_ann_distraction.json,9369,9612,unsafe
dmd/gB/6/s4/gB_6_s4_2019-03-20T13;42;00+01;00_rgb_ann_distraction.json,11847,12334,unsafe
dmd/gB/6/s4/gB_6_s4_2019-03-20T13;42;00+01;00_rgb_ann_distraction.json,12372,12929,unsafe
dmd/gB/6/s4/gB_6_s4_2019-03-20T13;42;00+01;00_rgb_ann_distraction.json,598,706,reaching
dmd/gB/6/s4/gB_6_s4_2019-03-20T13;42;00+01;00_rgb_ann_distraction.json,916,966,reaching
dmd/gB/6/s4/gB_6_s4_2019-03-20T13;42;00+01;00_rgb_ann_distraction.json,1273,1331,reaching
dmd/gB/6/s4/gB_6_s4_2019-03-20T13;42;00+01;00_rgb_ann_distraction.json,2571,2659,reaching
dmd/gB/6/s4/gB_6_s4_2019-03-20T13;42;00+01;00_rgb_ann_distraction.json,2959,3059,reaching
dmd/gB/6/s4/gB_6_s4_2019-03-20T13;42;00+01;00_rgb_ann_distraction.json,3725,3865,reaching
dmd/gB/6/s4/gB_6_s4_2019-03-20T13;42;00+01;00_rgb_ann_distraction.json,4065,4134,reaching
dmd/gB/6/s4/gB_6_s4_2019-03-20T13;42;00+01;00_rgb_ann_distraction.json,4500,4560,reaching
dmd/gB/6/s4/gB_6_s4_2019-03-20T13;42;00+01;00_rgb_ann_distraction.json,4690,4771,reaching
dmd/gB/6/s4/gB_6_s4_2019-03-20T13;42;00+01;00_rgb_ann_distraction.json,5829,5903,reaching
dmd/gB/6/s4/gB_6_s4_2019-03-20T13;42;00+01;00_rgb_ann_distraction.json,6154,6231,reaching
dmd/gB/6/s4/gB_6_s4_2019-03-20T13;42;00+01;00_rgb_ann_distraction.json,6530,6607,reaching
dmd/gB/6/s4/gB_6_s4_2019-03-20T13;42;00+01;00_rgb_ann_distraction.json,7030,7081,reaching
dmd/gB/6/s4/gB_6_s4_2019-03-20T13;42;00+01;00_rgb_ann_distraction.json,7354,7493,reaching
dmd/gB/6/s4/gB_6_s4_2019-03-20T13;42;00+01;00_rgb_ann_distraction.json,7753,7808,reaching
dmd/gB/6/s4/gB_6_s4_2019-03-20T13;42;00+01;00_rgb_ann_distraction.json,8103,8165,reaching
dmd/gB/6/s4/gB_6_s4_2019-03-20T13;42;00+01;00_rgb_ann_distraction.json,8434,8514,reaching
dmd/gB/6/s4/gB_6_s4_2019-03-20T13;42;00+01;00_rgb_ann_distraction.json,9637,9706,reaching
dmd/gB/6/s4/gB_6_s4_2019-03-20T13;42;00+01;00_rgb_ann_distraction.json,9996,10078,reaching
dmd/gB/6/s4/gB_6_s4_2019-03-20T13;42;00+01;00_rgb_ann_distraction.json,10628,10727,reaching
dmd/gB/6/s4/gB_6_s4_2019-03-20T13;42;00+01;00_rgb_ann_distraction.json,10908,10964,reaching
dmd/gB/6/s4/gB_6_s4_2019-03-20T13;42;00+01;00_rgb_ann_distraction.json,11186,11261,reaching
dmd/gB/6/s4/gB_6_s4_2019-03-20T13;42;00+01;00_rgb_ann_distraction.json,11754,11797,reaching
dmd/gB/6/s4/gB_6_s4_2019-03-20T13;42;00+01;00_rgb_ann_distraction.json,13013,13065,reaching
dmd/gB/6/s4/gB_6_s4_2019-03-20T13;42;00+01;00_rgb_ann_distraction.json,13421,13495,reaching
dmd/gB/6/s4/gB_6_s4_2019-03-20T13;42;00+01;00_rgb_ann_distraction.json,13968,14013,reaching
dmd/gB/6/s4/gB_6_s4_2019-03-20T13;42;00+01;00_rgb_ann_distraction.json,14721,14780,reaching
dmd/gB/6/s4/gB_6_s4_2019-03-20T13;42;00+01;00_rgb_ann_distraction.json,15111,15157,reaching
dmd/gB/6/s4/gB_6_s4_2019-03-20T13;42;00+01;00_rgb_ann_distraction.json,15316,15376,reaching
dmd/gB/6/s4/gB_6_s4_2019-03-20T13;42;00+01;00_rgb_ann_distraction.json,15755,15819,reaching
dmd/gB/6/s3/gB_6_s3_2019-03-13T13;41;02+01;00_rgb_ann_distraction.json,21,42,safe
dmd/gB/6/s3/gB_6_s3_2019-03-13T13;41;02+01;00_rgb_ann_distraction.json,118,147,safe
dmd/gB/6/s3/gB_6_s3_2019-03-13T13;41;02+01;00_rgb_ann_distraction.json,176,839,safe
dmd/gB/6/s3/gB_6_s3_2019-03-13T13;41;02+01;00_rgb_ann_distraction.json,1026,1310,safe
dmd/gB/6/s3/gB_6_s3_2019-03-13T13;41;02+01;00_rgb_ann_distraction.json,1345,1352,safe
dmd/gB/6/s3/gB_6_s3_2019-03-13T13;41;02+01;00_rgb_ann_distraction.json,1530,1945,safe
dmd/gB/6/s3/gB_6_s3_2019-03-13T13;41;02+01;00_rgb_ann_distraction.json,43,91,unsafe
dmd/gB/6/s3/gB_6_s3_2019-03-13T13;41;02+01;00_rgb_ann_distraction.json,840,1003,reaching
dmd/gB/6/s3/gB_6_s3_2019-03-13T13;41;02+01;00_rgb_ann_distraction.json,1353,1518,reaching
dmd/gB/6/s1/gB_6_s1_2019-03-11T13;55;14+01;00_rgb_ann_distraction.json,81,105,safe
dmd/gB/6/s1/gB_6_s1_2019-03-11T13;55;14+01;00_rgb_ann_distraction.json,134,794,safe
dmd/gB/6/s1/gB_6_s1_2019-03-11T13;55;14+01;00_rgb_ann_distraction.json,994,1154,safe
dmd/gB/6/s1/gB_6_s1_2019-03-11T13;55;14+01;00_rgb_ann_distraction.json,1323,1575,safe
dmd/gB/6/s1/gB_6_s1_2019-03-11T13;55;14+01;00_rgb_ann_distraction.json,2100,2297,safe
dmd/gB/6/s1/gB_6_s1_2019-03-11T13;55;14+01;00_rgb_ann_distraction.json,2326,2735,safe
dmd/gB/6/s1/gB_6_s1_2019-03-11T13;55;14+01;00_rgb_ann_distraction.json,2772,2777,safe
dmd/gB/6/s1/gB_6_s1_2019-03-11T13;55;14+01;00_rgb_ann_distraction.json,2819,2842,safe
dmd/gB/6/s1/gB_6_s1_2019-03-11T13;55;14+01;00_rgb_ann_distraction.json,2881,2921,safe
dmd/gB/6/s1/gB_6_s1_2019-03-11T13;55;14+01;00_rgb_ann_distraction.json,2953,2978,safe
dmd/gB/6/s1/gB_6_s1_2019-03-11T13;55;14+01;00_rgb_ann_distraction.json,3022,3053,safe
dmd/gB/6/s1/gB_6_s1_2019-03-11T13;55;14+01;00_rgb_ann_distraction.json,3102,3126,safe
dmd/gB/6/s1/gB_6_s1_2019-03-11T13;55;14+01;00_rgb_ann_distraction.json,3157,3320,safe
dmd/gB/6/s1/gB_6_s1_2019-03-11T13;55;14+01;00_rgb_ann_distraction.json,3350,3356,safe
dmd/gB/6/s1/gB_6_s1_2019-03-11T13;55;14+01;00_rgb_ann_distraction.json,3728,3962,safe
dmd/gB/6/s1/gB_6_s1_2019-03-11T13;55;14+01;00_rgb_ann_distraction.json,4011,4148,safe
dmd/gB/6/s1/gB_6_s1_2019-03-11T13;55;14+01;00_rgb_ann_distraction.json,4480,4772,safe
dmd/gB/6/s1/gB_6_s1_2019-03-11T13;55;14+01;00_rgb_ann_distraction.json,5103,5126,safe
dmd/gB/6/s1/gB_6_s1_2019-03-11T13;55;14+01;00_rgb_ann_distraction.json,5157,5368,safe
dmd/gB/6/s1/gB_6_s1_2019-03-11T13;55;14+01;00_rgb_ann_distraction.json,5396,5422,safe
dmd/gB/6/s1/gB_6_s1_2019-03-11T13;55;14+01;00_rgb_ann_distraction.json,5451,5464,safe
dmd/gB/6/s1/gB_6_s1_2019-03-11T13;55;14+01;00_rgb_ann_distraction.json,5508,5540,safe
dmd/gB/6/s1/gB_6_s1_2019-03-11T13;55;14+01;00_rgb_ann_distraction.json,5578,5650,safe
dmd/gB/6/s1/gB_6_s1_2019-03-11T13;55;14+01;00_rgb_ann_distraction.json,5685,5722,safe
dmd/gB/6/s1/gB_6_s1_2019-03-11T13;55;14+01;00_rgb_ann_distraction.json,5754,6211,safe
dmd/gB/6/s1/gB_6_s1_2019-03-11T13;55;14+01;00_rgb_ann_distraction.json,6610,6746,safe
dmd/gB/6/s1/gB_6_s1_2019-03-11T13;55;14+01;00_rgb_ann_distraction.json,795,993,unsafe
dmd/gB/6/s1/gB_6_s1_2019-03-11T13;55;14+01;00_rgb_ann_distraction.json,1155,1322,unsafe
dmd/gB/6/s1/gB_6_s1_2019-03-11T13;55;14+01;00_rgb_ann_distraction.json,4149,4479,unsafe
dmd/gB/6/s1/gB_6_s1_2019-03-11T13;55;14+01;00_rgb_ann_distraction.json,1576,1639,reaching
dmd/gB/6/s1/gB_6_s1_2019-03-11T13;55;14+01;00_rgb_ann_distraction.json,2032,2099,reaching
dmd/gB/6/s1/gB_6_s1_2019-03-11T13;55;14+01;00_rgb_ann_distraction.json,3357,3406,reaching
dmd/gB/6/s1/gB_6_s1_2019-03-11T13;55;14+01;00_rgb_ann_distraction.json,3649,3727,reaching
dmd/gB/6/s1/gB_6_s1_2019-03-11T13;55;14+01;00_rgb_ann_distraction.json,4773,4833,reaching
dmd/gB/6/s1/gB_6_s1_2019-03-11T13;55;14+01;00_rgb_ann_distraction.json,5046,5102,reaching
dmd/gB/6/s1/gB_6_s1_2019-03-11T13;55;14+01;00_rgb_ann_distraction.json,6212,6288,reaching
dmd/gB/6/s1/gB_6_s1_2019-03-11T13;55;14+01;00_rgb_ann_distraction.json,6517,6609,reaching
dmd/gB/6/s1/gB_6_s1_2019-03-11T13;55;14+01;00_rgb_ann_distraction.json,2298,2325,unsafe
dmd/gB/6/s1/gB_6_s1_2019-03-11T13;55;14+01;00_rgb_ann_distraction.json,2736,2771,unsafe
dmd/gB/6/s1/gB_6_s1_2019-03-11T13;55;14+01;00_rgb_ann_distraction.json,2778,2818,unsafe
dmd/gB/6/s1/gB_6_s1_2019-03-11T13;55;14+01;00_rgb_ann_distraction.json,2843,2880,unsafe
dmd/gB/6/s1/gB_6_s1_2019-03-11T13;55;14+01;00_rgb_ann_distraction.json,2922,2952,unsafe
dmd/gB/6/s1/gB_6_s1_2019-03-11T13;55;14+01;00_rgb_ann_distraction.json,2979,3021,unsafe
dmd/gB/6/s1/gB_6_s1_2019-03-11T13;55;14+01;00_rgb_ann_distraction.json,3054,3101,unsafe
dmd/gB/6/s1/gB_6_s1_2019-03-11T13;55;14+01;00_rgb_ann_distraction.json,3127,3156,unsafe
dmd/gB/6/s1/gB_6_s1_2019-03-11T13;55;14+01;00_rgb_ann_distraction.json,5369,5395,unsafe
dmd/gB/6/s1/gB_6_s1_2019-03-11T13;55;14+01;00_rgb_ann_distraction.json,5423,5450,unsafe
dmd/gB/6/s1/gB_6_s1_2019-03-11T13;55;14+01;00_rgb_ann_distraction.json,5465,5507,unsafe
dmd/gB/6/s1/gB_6_s1_2019-03-11T13;55;14+01;00_rgb_ann_distraction.json,5541,5577,unsafe
dmd/gB/6/s1/gB_6_s1_2019-03-11T13;55;14+01;00_rgb_ann_distraction.json,5651,5684,unsafe
dmd/gB/6/s1/gB_6_s1_2019-03-11T13;55;14+01;00_rgb_ann_distraction.json,5723,5753,unsafe
dmd/gB/6/s2/gB_6_s2_2019-03-11T13;46;14+01;00_rgb_ann_distraction.json,14,82,safe
dmd/gB/6/s2/gB_6_s2_2019-03-11T13;46;14+01;00_rgb_ann_distraction.json,115,602,safe
dmd/gB/6/s2/gB_6_s2_2019-03-11T13;46;14+01;00_rgb_ann_distraction.json,1199,1472,safe
dmd/gB/6/s2/gB_6_s2_2019-03-11T13;46;14+01;00_rgb_ann_distraction.json,3307,3627,safe
dmd/gB/6/s2/gB_6_s2_2019-03-11T13;46;14+01;00_rgb_ann_distraction.json,4351,4668,safe
dmd/gB/6/s2/gB_6_s2_2019-03-11T13;46;14+01;00_rgb_ann_distraction.json,6200,6212,safe
dmd/gB/6/s2/gB_6_s2_2019-03-11T13;46;14+01;00_rgb_ann_distraction.json,6272,6478,safe
dmd/gB/6/s2/gB_6_s2_2019-03-11T13;46;14+01;00_rgb_ann_distraction.json,7113,7318,safe
dmd/gB/6/s2/gB_6_s2_2019-03-11T13;46;14+01;00_rgb_ann_distraction.json,7593,7677,safe
dmd/gB/6/s2/gB_6_s2_2019-03-11T13;46;14+01;00_rgb_ann_distraction.json,7984,8223,safe
dmd/gB/6/s2/gB_6_s2_2019-03-11T13;46;14+01;00_rgb_ann_distraction.json,9578,9924,safe
dmd/gB/6/s2/gB_6_s2_2019-03-11T13;46;14+01;00_rgb_ann_distraction.json,10604,10847,safe
dmd/gB/6/s2/gB_6_s2_2019-03-11T13;46;14+01;00_rgb_ann_distraction.json,13024,13146,safe
dmd/gB/6/s2/gB_6_s2_2019-03-11T13;46;14+01;00_rgb_ann_distraction.json,13844,14077,safe
dmd/gB/6/s2/gB_6_s2_2019-03-11T13;46;14+01;00_rgb_ann_distraction.json,14448,14536,safe
dmd/gB/6/s2/gB_6_s2_2019-03-11T13;46;14+01;00_rgb_ann_distraction.json,14770,14880,safe
dmd/gB/6/s2/gB_6_s2_2019-03-11T13;46;14+01;00_rgb_ann_distraction.json,3795,4271,unsafe
dmd/gB/6/s2/gB_6_s2_2019-03-11T13;46;14+01;00_rgb_ann_distraction.json,6124,6145,unsafe
dmd/gB/6/s2/gB_6_s2_2019-03-11T13;46;14+01;00_rgb_ann_distraction.json,6568,7053,unsafe
dmd/gB/6/s2/gB_6_s2_2019-03-11T13;46;14+01;00_rgb_ann_distraction.json,1523,3221,unsafe
dmd/gB/6/s2/gB_6_s2_2019-03-11T13;46;14+01;00_rgb_ann_distraction.json,4716,6123,unsafe
dmd/gB/6/s2/gB_6_s2_2019-03-11T13;46;14+01;00_rgb_ann_distraction.json,9450,9478,unsafe
dmd/gB/6/s2/gB_6_s2_2019-03-11T13;46;14+01;00_rgb_ann_distraction.json,10110,10488,unsafe
dmd/gB/6/s2/gB_6_s2_2019-03-11T13;46;14+01;00_rgb_ann_distraction.json,10936,10958,unsafe
dmd/gB/6/s2/gB_6_s2_2019-03-11T13;46;14+01;00_rgb_ann_distraction.json,12918,12936,unsafe
dmd/gB/6/s2/gB_6_s2_2019-03-11T13;46;14+01;00_rgb_ann_distraction.json,13217,13730,unsafe
dmd/gB/6/s2/gB_6_s2_2019-03-11T13;46;14+01;00_rgb_ann_distraction.json,8330,9449,unsafe
dmd/gB/6/s2/gB_6_s2_2019-03-11T13;46;14+01;00_rgb_ann_distraction.json,10959,12917,unsafe
dmd/gB/6/s2/gB_6_s2_2019-03-11T13;46;14+01;00_rgb_ann_distraction.json,603,731,reaching
dmd/gB/6/s2/gB_6_s2_2019-03-11T13;46;14+01;00_rgb_ann_distraction.json,1104,1198,reaching
dmd/gB/6/s2/gB_6_s2_2019-03-11T13;46;14+01;00_rgb_ann_distraction.json,1473,1522,reaching
dmd/gB/6/s2/gB_6_s2_2019-03-11T13;46;14+01;00_rgb_ann_distraction.json,3222,3306,reaching
dmd/gB/6/s2/gB_6_s2_2019-03-11T13;46;14+01;00_rgb_ann_distraction.json,3628,3692,reaching
dmd/gB/6/s2/gB_6_s2_2019-03-11T13;46;14+01;00_rgb_ann_distraction.json,4272,4350,reaching
dmd/gB/6/s2/gB_6_s2_2019-03-11T13;46;14+01;00_rgb_ann_distraction.json,4669,4715,reaching
dmd/gB/6/s2/gB_6_s2_2019-03-11T13;46;14+01;00_rgb_ann_distraction.json,6146,6199,reaching
dmd/gB/6/s2/gB_6_s2_2019-03-11T13;46;14+01;00_rgb_ann_distraction.json,6479,6540,reaching
dmd/gB/6/s2/gB_6_s2_2019-03-11T13;46;14+01;00_rgb_ann_distraction.json,7054,7112,reaching
dmd/gB/6/s2/gB_6_s2_2019-03-11T13;46;14+01;00_rgb_ann_distraction.json,7319,7483,reaching
dmd/gB/6/s2/gB_6_s2_2019-03-11T13;46;14+01;00_rgb_ann_distraction.json,7847,7983,reaching
dmd/gB/6/s2/gB_6_s2_2019-03-11T13;46;14+01;00_rgb_ann_distraction.json,8224,8283,reaching
dmd/gB/6/s2/gB_6_s2_2019-03-11T13;46;14+01;00_rgb_ann_distraction.json,9521,9577,reaching
dmd/gB/6/s2/gB_6_s2_2019-03-11T13;46;14+01;00_rgb_ann_distraction.json,9925,9982,reaching
dmd/gB/6/s2/gB_6_s2_2019-03-11T13;46;14+01;00_rgb_ann_distraction.json,10548,10603,reaching
dmd/gB/6/s2/gB_6_s2_2019-03-11T13;46;14+01;00_rgb_ann_distraction.json,10848,10902,reaching
dmd/gB/6/s2/gB_6_s2_2019-03-11T13;46;14+01;00_rgb_ann_distraction.json,12968,13023,reaching
dmd/gB/6/s2/gB_6_s2_2019-03-11T13;46;14+01;00_rgb_ann_distraction.json,13147,13216,reaching
dmd/gB/6/s2/gB_6_s2_2019-03-11T13;46;14+01;00_rgb_ann_distraction.json,13793,13843,reaching
dmd/gB/6/s2/gB_6_s2_2019-03-11T13;46;14+01;00_rgb_ann_distraction.json,14078,14258,reaching
dmd/gB/6/s2/gB_6_s2_2019-03-11T13;46;14+01;00_rgb_ann_distraction.json,14622,14769,reaching
dmd/gB/7/s2/gB_7_s2_2019-03-11T14;12;25+01;00_rgb_ann_distraction.json,41,117,safe
dmd/gB/7/s2/gB_7_s2_2019-03-11T14;12;25+01;00_rgb_ann_distraction.json,147,738,safe
dmd/gB/7/s2/gB_7_s2_2019-03-11T14;12;25+01;00_rgb_ann_distraction.json,1339,1614,safe
dmd/gB/7/s2/gB_7_s2_2019-03-11T14;12;25+01;00_rgb_ann_distraction.json,2543,2860,safe
dmd/gB/7/s2/gB_7_s2_2019-03-11T14;12;25+01;00_rgb_ann_distraction.json,3442,3654,safe
dmd/gB/7/s2/gB_7_s2_2019-03-11T14;12;25+01;00_rgb_ann_distraction.json,4764,5084,safe
dmd/gB/7/s2/gB_7_s2_2019-03-11T14;12;25+01;00_rgb_ann_distraction.json,5711,5949,safe
dmd/gB/7/s2/gB_7_s2_2019-03-11T14;12;25+01;00_rgb_ann_distraction.json,6541,6807,safe
dmd/gB/7/s2/gB_7_s2_2019-03-11T14;12;25+01;00_rgb_ann_distraction.json,7417,7796,safe
dmd/gB/7/s2/gB_7_s2_2019-03-11T14;12;25+01;00_rgb_ann_distraction.json,9498,9875,safe
dmd/gB/7/s2/gB_7_s2_2019-03-11T14;12;25+01;00_rgb_ann_distraction.json,10632,11036,safe
dmd/gB/7/s2/gB_7_s2_2019-03-11T14;12;25+01;00_rgb_ann_distraction.json,12590,12768,safe
dmd/gB/7/s2/gB_7_s2_2019-03-11T14;12;25+01;00_rgb_ann_distraction.json,13287,13392,safe
dmd/gB/7/s2/gB_7_s2_2019-03-11T14;12;25+01;00_rgb_ann_distraction.json,2448,2477,unsafe
dmd/gB/7/s2/gB_7_s2_2019-03-11T14;12;25+01;00_rgb_ann_distraction.json,2934,3385,unsafe
dmd/gB/7/s2/gB_7_s2_2019-03-11T14;12;25+01;00_rgb_ann_distraction.json,5297,5662,unsafe
dmd/gB/7/s2/gB_7_s2_2019-03-11T14;12;25+01;00_rgb_ann_distraction.json,1744,2447,unsafe
dmd/gB/7/s2/gB_7_s2_2019-03-11T14;12;25+01;00_rgb_ann_distraction.json,3695,4715,unsafe
dmd/gB/7/s2/gB_7_s2_2019-03-11T14;12;25+01;00_rgb_ann_distraction.json,5121,5296,unsafe
dmd/gB/7/s2/gB_7_s2_2019-03-11T14;12;25+01;00_rgb_ann_distraction.json,6924,7332,unsafe
dmd/gB/7/s2/gB_7_s2_2019-03-11T14;12;25+01;00_rgb_ann_distraction.json,9976,10548,unsafe
dmd/gB/7/s2/gB_7_s2_2019-03-11T14;12;25+01;00_rgb_ann_distraction.json,7881,9412,unsafe
dmd/gB/7/s2/gB_7_s2_2019-03-11T14;12;25+01;00_rgb_ann_distraction.json,11097,12538,unsafe
dmd/gB/7/s2/gB_7_s2_2019-03-11T14;12;25+01;00_rgb_ann_distraction.json,739,904,reaching
dmd/gB/7/s2/gB_7_s2_2019-03-11T14;12;25+01;00_rgb_ann_distraction.json,1167,1338,reaching
dmd/gB/7/s2/gB_7_s2_2019-03-11T14;12;25+01;00_rgb_ann_distraction.json,1707,1743,reaching
dmd/gB/7/s2/gB_7_s2_2019-03-11T14;12;25+01;00_rgb_ann_distraction.json,2478,2542,reaching
dmd/gB/7/s2/gB_7_s2_2019-03-11T14;12;25+01;00_rgb_ann_distraction.json,2861,2933,reaching
dmd/gB/7/s2/gB_7_s2_2019-03-11T14;12;25+01;00_rgb_ann_distraction.json,3386,3441,reaching
dmd/gB/7/s2/gB_7_s2_2019-03-11T14;12;25+01;00_rgb_ann_distraction.json,3655,3694,reaching
dmd/gB/7/s2/gB_7_s2_2019-03-11T14;12;25+01;00_rgb_ann_distraction.json,4716,4763,reaching
dmd/gB/7/s2/gB_7_s2_2019-03-11T14;12;25+01;00_rgb_ann_distraction.json,5085,5120,reaching
dmd/gB/7/s2/gB_7_s2_2019-03-11T14;12;25+01;00_rgb_ann_distraction.json,5663,5710,reaching
dmd/gB/7/s2/gB_7_s2_2019-03-11T14;12;25+01;00_rgb_ann_distraction.json,5950,6132,reaching
dmd/gB/7/s2/gB_7_s2_2019-03-11T14;12;25+01;00_rgb_ann_distraction.json,6401,6540,reaching
dmd/gB/7/s2/gB_7_s2_2019-03-11T14;12;25+01;00_rgb_ann_distraction.json,6808,6845,reaching
dmd/gB/7/s2/gB_7_s2_2019-03-11T14;12;25+01;00_rgb_ann_distraction.json,7333,7416,reaching
dmd/gB/7/s2/gB_7_s2_2019-03-11T14;12;25+01;00_rgb_ann_distraction.json,7797,7867,reaching
dmd/gB/7/s2/gB_7_s2_2019-03-11T14;12;25+01;00_rgb_ann_distraction.json,9432,9497,reaching
dmd/gB/7/s2/gB_7_s2_2019-03-11T14;12;25+01;00_rgb_ann_distraction.json,9876,9931,reaching
dmd/gB/7/s2/gB_7_s2_2019-03-11T14;12;25+01;00_rgb_ann_distraction.json,10578,10631,reaching
dmd/gB/7/s2/gB_7_s2_2019-03-11T14;12;25+01;00_rgb_ann_distraction.json,11037,11076,reaching
dmd/gB/7/s2/gB_7_s2_2019-03-11T14;12;25+01;00_rgb_ann_distraction.json,12539,12589,reaching
dmd/gB/7/s2/gB_7_s2_2019-03-11T14;12;25+01;00_rgb_ann_distraction.json,12769,12885,reaching
dmd/gB/7/s2/gB_7_s2_2019-03-11T14;12;25+01;00_rgb_ann_distraction.json,13148,13286,reaching
dmd/gB/7/s2/gB_7_s2_2019-03-11T14;12;25+01;00_rgb_ann_distraction.json,1615,1706,unsafe
dmd/gB/7/s1/gB_7_s1_2019-03-11T14;22;01+01;00_rgb_ann_distraction.json,10,66,safe
dmd/gB/7/s1/gB_7_s1_2019-03-11T14;22;01+01;00_rgb_ann_distraction.json,90,204,safe
dmd/gB/7/s1/gB_7_s1_2019-03-11T14;22;01+01;00_rgb_ann_distraction.json,260,355,safe
dmd/gB/7/s1/gB_7_s1_2019-03-11T14;22;01+01;00_rgb_ann_distraction.json,407,471,safe
dmd/gB/7/s1/gB_7_s1_2019-03-11T14;22;01+01;00_rgb_ann_distraction.json,584,873,safe
dmd/gB/7/s1/gB_7_s1_2019-03-11T14;22;01+01;00_rgb_ann_distraction.json,1207,1519,safe
dmd/gB/7/s1/gB_7_s1_2019-03-11T14;22;01+01;00_rgb_ann_distraction.json,1884,1930,safe
dmd/gB/7/s1/gB_7_s1_2019-03-11T14;22;01+01;00_rgb_ann_distraction.json,1959,2088,safe
dmd/gB/7/s1/gB_7_s1_2019-03-11T14;22;01+01;00_rgb_ann_distraction.json,2121,2155,safe
dmd/gB/7/s1/gB_7_s1_2019-03-11T14;22;01+01;00_rgb_ann_distraction.json,2193,2220,safe
dmd/gB/7/s1/gB_7_s1_2019-03-11T14;22;01+01;00_rgb_ann_distraction.json,2246,2628,safe
dmd/gB/7/s1/gB_7_s1_2019-03-11T14;22;01+01;00_rgb_ann_distraction.json,2665,2708,safe
dmd/gB/7/s1/gB_7_s1_2019-03-11T14;22;01+01;00_rgb_ann_distraction.json,2727,3154,safe
dmd/gB/7/s1/gB_7_s1_2019-03-11T14;22;01+01;00_rgb_ann_distraction.json,3459,3637,safe
dmd/gB/7/s1/gB_7_s1_2019-03-11T14;22;01+01;00_rgb_ann_distraction.json,3862,4255,safe
dmd/gB/7/s1/gB_7_s1_2019-03-11T14;22;01+01;00_rgb_ann_distraction.json,4543,4769,safe
dmd/gB/7/s1/gB_7_s1_2019-03-11T14;22;01+01;00_rgb_ann_distraction.json,4796,4808,safe
dmd/gB/7/s1/gB_7_s1_2019-03-11T14;22;01+01;00_rgb_ann_distraction.json,4832,4948,safe
dmd/gB/7/s1/gB_7_s1_2019-03-11T14;22;01+01;00_rgb_ann_distraction.json,4978,5024,safe
dmd/gB/7/s1/gB_7_s1_2019-03-11T14;22;01+01;00_rgb_ann_distraction.json,5061,5199,safe
dmd/gB/7/s1/gB_7_s1_2019-03-11T14;22;01+01;00_rgb_ann_distraction.json,5226,5390,safe
dmd/gB/7/s1/gB_7_s1_2019-03-11T14;22;01+01;00_rgb_ann_distraction.json,5418,5789,safe
dmd/gB/7/s1/gB_7_s1_2019-03-11T14;22;01+01;00_rgb_ann_distraction.json,6163,6488,safe
dmd/gB/7/s1/gB_7_s1_2019-03-11T14;22;01+01;00_rgb_ann_distraction.json,874,1206,unsafe
dmd/gB/7/s1/gB_7_s1_2019-03-11T14;22;01+01;00_rgb_ann_distraction.json,3638,3861,unsafe
dmd/gB/7/s1/gB_7_s1_2019-03-11T14;22;01+01;00_rgb_ann_distraction.json,1520,1558,reaching
dmd/gB/7/s1/gB_7_s1_2019-03-11T14;22;01+01;00_rgb_ann_distraction.json,1816,1883,reaching
dmd/gB/7/s1/gB_7_s1_2019-03-11T14;22;01+01;00_rgb_ann_distraction.json,3155,3224,reaching
dmd/gB/7/s1/gB_7_s1_2019-03-11T14;22;01+01;00_rgb_ann_distraction.json,3415,3458,reaching
dmd/gB/7/s1/gB_7_s1_2019-03-11T14;22;01+01;00_rgb_ann_distraction.json,4256,4302,reaching
dmd/gB/7/s1/gB_7_s1_2019-03-11T14;22;01+01;00_rgb_ann_distraction.json,4497,4542,reaching
dmd/gB/7/s1/gB_7_s1_2019-03-11T14;22;01+01;00_rgb_ann_distraction.json,5790,5887,reaching
dmd/gB/7/s1/gB_7_s1_2019-03-11T14;22;01+01;00_rgb_ann_distraction.json,6047,6162,reaching
dmd/gB/7/s1/gB_7_s1_2019-03-11T14;22;01+01;00_rgb_ann_distraction.json,2089,2120,unsafe
dmd/gB/7/s1/gB_7_s1_2019-03-11T14;22;01+01;00_rgb_ann_distraction.json,2156,2192,unsafe
dmd/gB/7/s1/gB_7_s1_2019-03-11T14;22;01+01;00_rgb_ann_distraction.json,2221,2245,unsafe
dmd/gB/7/s1/gB_7_s1_2019-03-11T14;22;01+01;00_rgb_ann_distraction.json,2629,2664,unsafe
dmd/gB/7/s1/gB_7_s1_2019-03-11T14;22;01+01;00_rgb_ann_distraction.json,2709,2726,unsafe
dmd/gB/7/s1/gB_7_s1_2019-03-11T14;22;01+01;00_rgb_ann_distraction.json,4770,4795,unsafe
dmd/gB/7/s1/gB_7_s1_2019-03-11T14;22;01+01;00_rgb_ann_distraction.json,4809,4831,unsafe
dmd/gB/7/s1/gB_7_s1_2019-03-11T14;22;01+01;00_rgb_ann_distraction.json,4949,4977,unsafe
dmd/gB/7/s1/gB_7_s1_2019-03-11T14;22;01+01;00_rgb_ann_distraction.json,5025,5060,unsafe
dmd/gB/7/s1/gB_7_s1_2019-03-11T14;22;01+01;00_rgb_ann_distraction.json,5200,5225,unsafe
dmd/gB/7/s1/gB_7_s1_2019-03-11T14;22;01+01;00_rgb_ann_distraction.json,5391,5417,unsafe
dmd/gB/7/s3/gB_7_s3_2019-03-13T13;59;54+01;00_rgb_ann_distraction.json,8,63,safe
dmd/gB/7/s3/gB_7_s3_2019-03-13T13;59;54+01;00_rgb_ann_distraction.json,86,699,safe
dmd/gB/7/s3/gB_7_s3_2019-03-13T13;59;54+01;00_rgb_ann_distraction.json,985,1262,safe
dmd/gB/7/s3/gB_7_s3_2019-03-13T13;59;54+01;00_rgb_ann_distraction.json,1519,1845,safe
dmd/gB/7/s3/gB_7_s3_2019-03-13T13;59;54+01;00_rgb_ann_distraction.json,1471,1518,reaching
dmd/gB/7/s3/gB_7_s3_2019-03-13T13;59;54+01;00_rgb_ann_distraction.json,700,913,reaching
dmd/gB/7/s3/gB_7_s3_2019-03-13T13;59;54+01;00_rgb_ann_distraction.json,1263,1398,reaching
dmd/gB/7/s4/gB_7_s4_2019-03-22T10;42;09+01;00_rgb_ann_distraction.json,1,39,safe
dmd/gB/7/s4/gB_7_s4_2019-03-22T10;42;09+01;00_rgb_ann_distraction.json,57,168,safe
dmd/gB/7/s4/gB_7_s4_2019-03-22T10;42;09+01;00_rgb_ann_distraction.json,193,219,safe
dmd/gB/7/s4/gB_7_s4_2019-03-22T10;42;09+01;00_rgb_ann_distraction.json,244,494,safe
dmd/gB/7/s4/gB_7_s4_2019-03-22T10;42;09+01;00_rgb_ann_distraction.json,509,537,safe
dmd/gB/7/s4/gB_7_s4_2019-03-22T10;42;09+01;00_rgb_ann_distraction.json,977,1209,safe
dmd/gB/7/s4/gB_7_s4_2019-03-22T10;42;09+01;00_rgb_ann_distraction.json,2722,2955,safe
dmd/gB/7/s4/gB_7_s4_2019-03-22T10;42;09+01;00_rgb_ann_distraction.json,3589,3678,safe
dmd/gB/7/s4/gB_7_s4_2019-03-22T10;42;09+01;00_rgb_ann_distraction.json,4272,4297,safe
dmd/gB/7/s4/gB_7_s4_2019-03-22T10;42;09+01;00_rgb_ann_distraction.json,4408,4427,safe
dmd/gB/7/s4/gB_7_s4_2019-03-22T10;42;09+01;00_rgb_ann_distraction.json,5819,5957,safe
dmd/gB/7/s4/gB_7_s4_2019-03-22T10;42;09+01;00_rgb_ann_distraction.json,6753,6816,safe
dmd/gB/7/s4/gB_7_s4_2019-03-22T10;42;09+01;00_rgb_ann_distraction.json,6833,7055,safe
dmd/gB/7/s4/gB_7_s4_2019-03-22T10;42;09+01;00_rgb_ann_distraction.json,7650,7816,safe
dmd/gB/7/s4/gB_7_s4_2019-03-22T10;42;09+01;00_rgb_ann_distraction.json,8416,8754,safe
dmd/gB/7/s4/gB_7_s4_2019-03-22T10;42;09+01;00_rgb_ann_distraction.json,8767,8786,safe
dmd/gB/7/s4/gB_7_s4_2019-03-22T10;42;09+01;00_rgb_ann_distraction.json,8828,8894,safe
dmd/gB/7/s4/gB_7_s4_2019-03-22T10;42;09+01;00_rgb_ann_distraction.json,8904,9177,safe
dmd/gB/7/s4/gB_7_s4_2019-03-22T10;42;09+01;00_rgb_ann_distraction.json,9192,9259,safe
dmd/gB/7/s4/gB_7_s4_2019-03-22T10;42;09+01;00_rgb_ann_distraction.json,10618,10802,safe
dmd/gB/7/s4/gB_7_s4_2019-03-22T10;42;09+01;00_rgb_ann_distraction.json,11731,11863,safe
dmd/gB/7/s4/gB_7_s4_2019-03-22T10;42;09+01;00_rgb_ann_distraction.json,11938,12108,safe
dmd/gB/7/s4/gB_7_s4_2019-03-22T10;42;09+01;00_rgb_ann_distraction.json,13310,13401,safe
dmd/gB/7/s4/gB_7_s4_2019-03-22T10;42;09+01;00_rgb_ann_distraction.json,13441,13529,safe
dmd/gB/7/s4/gB_7_s4_2019-03-22T10;42;09+01;00_rgb_ann_distraction.json,14477,14705,safe
dmd/gB/7/s4/gB_7_s4_2019-03-22T10;42;09+01;00_rgb_ann_distraction.json,15408,15594,safe
dmd/gB/7/s4/gB_7_s4_2019-03-22T10;42;09+01;00_rgb_ann_distraction.json,15614,15865,safe
dmd/gB/7/s4/gB_7_s4_2019-03-22T10;42;09+01;00_rgb_ann_distraction.json,16192,16250,safe
dmd/gB/7/s4/gB_7_s4_2019-03-22T10;42;09+01;00_rgb_ann_distraction.json,3017,3437,unsafe
dmd/gB/7/s4/gB_7_s4_2019-03-22T10;42;09+01;00_rgb_ann_distraction.json,6059,6097,unsafe
dmd/gB/7/s4/gB_7_s4_2019-03-22T10;42;09+01;00_rgb_ann_distraction.json,6198,6580,unsafe
dmd/gB/7/s4/gB_7_s4_2019-03-22T10;42;09+01;00_rgb_ann_distraction.json,1381,2664,unsafe
dmd/gB/7/s4/gB_7_s4_2019-03-22T10;42;09+01;00_rgb_ann_distraction.json,4515,4715,unsafe
dmd/gB/7/s4/gB_7_s4_2019-03-22T10;42;09+01;00_rgb_ann_distraction.json,4779,5120,unsafe
dmd/gB/7/s4/gB_7_s4_2019-03-22T10;42;09+01;00_rgb_ann_distraction.json,5377,5726,unsafe
dmd/gB/7/s4/gB_7_s4_2019-03-22T10;42;09+01;00_rgb_ann_distraction.json,10901,11097,unsafe
dmd/gB/7/s4/gB_7_s4_2019-03-22T10;42;09+01;00_rgb_ann_distraction.json,11124,11318,unsafe
dmd/gB/7/s4/gB_7_s4_2019-03-22T10;42;09+01;00_rgb_ann_distraction.json,13621,14012,unsafe
dmd/gB/7/s4/gB_7_s4_2019-03-22T10;42;09+01;00_rgb_ann_distraction.json,14194,14386,unsafe
dmd/gB/7/s4/gB_7_s4_2019-03-22T10;42;09+01;00_rgb_ann_distraction.json,5121,5376,unsafe
dmd/gB/7/s4/gB_7_s4_2019-03-22T10;42;09+01;00_rgb_ann_distraction.json,9336,10444,unsafe
dmd/gB/7/s4/gB_7_s4_2019-03-22T10;42;09+01;00_rgb_ann_distraction.json,10466,10505,unsafe
dmd/gB/7/s4/gB_7_s4_2019-03-22T10;42;09+01;00_rgb_ann_distraction.json,12192,12427,unsafe
dmd/gB/7/s4/gB_7_s4_2019-03-22T10;42;09+01;00_rgb_ann_distraction.json,12435,12689,unsafe
dmd/gB/7/s4/gB_7_s4_2019-03-22T10;42;09+01;00_rgb_ann_distraction.json,12721,12957,unsafe
dmd/gB/7/s4/gB_7_s4_2019-03-22T10;42;09+01;00_rgb_ann_distraction.json,12978,13192,unsafe
dmd/gB/7/s4/gB_7_s4_2019-03-22T10;42;09+01;00_rgb_ann_distraction.json,538,585,reaching
dmd/gB/7/s4/gB_7_s4_2019-03-22T10;42;09+01;00_rgb_ann_distraction.json,852,899,reaching
dmd/gB/7/s4/gB_7_s4_2019-03-22T10;42;09+01;00_rgb_ann_distraction.json,1293,1380,reaching
dmd/gB/7/s4/gB_7_s4_2019-03-22T10;42;09+01;00_rgb_ann_distraction.json,2665,2721,reaching
dmd/gB/7/s4/gB_7_s4_2019-03-22T10;42;09+01;00_rgb_ann_distraction.json,2956,3016,reaching
dmd/gB/7/s4/gB_7_s4_2019-03-22T10;42;09+01;00_rgb_ann_distraction.json,3520,3588,reaching
dmd/gB/7/s4/gB_7_s4_2019-03-22T10;42;09+01;00_rgb_ann_distraction.json,3774,3878,reaching
dmd/gB/7/s4/gB_7_s4_2019-03-22T10;42;09+01;00_rgb_ann_distraction.json,4188,4237,reaching
dmd/gB/7/s4/gB_7_s4_2019-03-22T10;42;09+01;00_rgb_ann_distraction.json,4428,4514,reaching
dmd/gB/7/s4/gB_7_s4_2019-03-22T10;42;09+01;00_rgb_ann_distraction.json,5727,5818,reaching
dmd/gB/7/s4/gB_7_s4_2019-03-22T10;42;09+01;00_rgb_ann_distraction.json,5958,6058,reaching
dmd/gB/7/s4/gB_7_s4_2019-03-22T10;42;09+01;00_rgb_ann_distraction.json,6660,6690,reaching
dmd/gB/7/s4/gB_7_s4_2019-03-22T10;42;09+01;00_rgb_ann_distraction.json,7056,7218,reaching
dmd/gB/7/s4/gB_7_s4_2019-03-22T10;42;09+01;00_rgb_ann_distraction.json,7584,7649,reaching
dmd/gB/7/s4/gB_7_s4_2019-03-22T10;42;09+01;00_rgb_ann_distraction.json,7817,7878,reaching
dmd/gB/7/s4/gB_7_s4_2019-03-22T10;42;09+01;00_rgb_ann_distraction.json,8357,8415,reaching
dmd/gB/7/s4/gB_7_s4_2019-03-22T10;42;09+01;00_rgb_ann_distraction.json,9260,9319,reaching
dmd/gB/7/s4/gB_7_s4_2019-03-22T10;42;09+01;00_rgb_ann_distraction.json,10534,10617,reaching
dmd/gB/7/s4/gB_7_s4_2019-03-22T10;42;09+01;00_rgb_ann_distraction.json,10803,10853,reaching
dmd/gB/7/s4/gB_7_s4_2019-03-22T10;42;09+01;00_rgb_ann_distraction.json,11338,11422,reaching
dmd/gB/7/s4/gB_7_s4_2019-03-22T10;42;09+01;00_rgb_ann_distraction.json,11680,11730,reaching
dmd/gB/7/s4/gB_7_s4_2019-03-22T10;42;09+01;00_rgb_ann_distraction.json,12109,12164,reaching
dmd/gB/7/s4/gB_7_s4_2019-03-22T10;42;09+01;00_rgb_ann_distraction.json,13225,13309,reaching
dmd/gB/7/s4/gB_7_s4_2019-03-22T10;42;09+01;00_rgb_ann_distraction.json,13530,13580,reaching
dmd/gB/7/s4/gB_7_s4_2019-03-22T10;42;09+01;00_rgb_ann_distraction.json,14426,14476,reaching
dmd/gB/7/s4/gB_7_s4_2019-03-22T10;42;09+01;00_rgb_ann_distraction.json,14706,14753,reaching
dmd/gB/7/s4/gB_7_s4_2019-03-22T10;42;09+01;00_rgb_ann_distraction.json,15369,15407,reaching
dmd/gB/7/s4/gB_7_s4_2019-03-22T10;42;09+01;00_rgb_ann_distraction.json,15866,15920,reaching
dmd/gB/7/s4/gB_7_s4_2019-03-22T10;42;09+01;00_rgb_ann_distraction.json,16100,16191,reaching
dmd/gC/14/s2/gC_14_s2_2019-03-04T11;48;02+01;00_rgb_ann_distraction.json,4,374,safe
dmd/gC/14/s2/gC_14_s2_2019-03-04T11;48;02+01;00_rgb_ann_distraction.json,781,1153,safe
dmd/gC/14/s2/gC_14_s2_2019-03-04T11;48;02+01;00_rgb_ann_distraction.json,2485,2770,safe
dmd/gC/14/s2/gC_14_s2_2019-03-04T11;48;02+01;00_rgb_ann_distraction.json,3279,3340,safe
dmd/gC/14/s2/gC_14_s2_2019-03-04T11;48;02+01;00_rgb_ann_distraction.json,3375,3600,safe
dmd/gC/14/s2/gC_14_s2_2019-03-04T11;48;02+01;00_rgb_ann_distraction.json,4986,5010,safe
dmd/gC/14/s2/gC_14_s2_2019-03-04T11;48;02+01;00_rgb_ann_distraction.json,5043,5204,safe
dmd/gC/14/s2/gC_14_s2_2019-03-04T11;48;02+01;00_rgb_ann_distraction.json,5789,5904,safe
dmd/gC/14/s2/gC_14_s2_2019-03-04T11;48;02+01;00_rgb_ann_distraction.json,6412,6664,safe
dmd/gC/14/s2/gC_14_s2_2019-03-04T11;48;02+01;00_rgb_ann_distraction.json,8120,8374,safe
dmd/gC/14/s2/gC_14_s2_2019-03-04T11;48;02+01;00_rgb_ann_distraction.json,8781,8906,safe
dmd/gC/14/s2/gC_14_s2_2019-03-04T11;48;02+01;00_rgb_ann_distraction.json,10017,10261,safe
dmd/gC/14/s2/gC_14_s2_2019-03-04T11;48;02+01;00_rgb_ann_distraction.json,10859,11101,safe
dmd/gC/14/s2/gC_14_s2_2019-03-04T11;48;02+01;00_rgb_ann_distraction.json,11267,11310,safe
dmd/gC/14/s2/gC_14_s2_2019-03-04T11;48;02+01;00_rgb_ann_distraction.json,11364,11401,safe
dmd/gC/14/s2/gC_14_s2_2019-03-04T11;48;02+01;00_rgb_ann_distraction.json,11418,11444,safe
dmd/gC/14/s2/gC_14_s2_2019-03-04T11;48;02+01;00_rgb_ann_distraction.json,11552,11636,safe
dmd/gC/14/s2/gC_14_s2_2019-03-04T11;48;02+01;00_rgb_ann_distraction.json,11727,11919,safe
dmd/gC/14/s2/gC_14_s2_2019-03-04T11;48;02+01;00_rgb_ann_distraction.json,2857,3233,unsafe
dmd/gC/14/s2/gC_14_s2_2019-03-04T11;48;02+01;00_rgb_ann_distraction.json,5313,5736,unsafe
dmd/gC/14/s2/gC_14_s2_2019-03-04T11;48;02+01;00_rgb_ann_distraction.json,1234,2412,unsafe
dmd/gC/14/s2/gC_14_s2_2019-03-04T11;48;02+01;00_rgb_ann_distraction.json,3647,4939,unsafe
dmd/gC/14/s2/gC_14_s2_2019-03-04T11;48;02+01;00_rgb_ann_distraction.json,6723,6735,unsafe
dmd/gC/14/s2/gC_14_s2_2019-03-04T11;48;02+01;00_rgb_ann_distraction.json,8470,8722,unsafe
dmd/gC/14/s2/gC_14_s2_2019-03-04T11;48;02+01;00_rgb_ann_distraction.json,10350,10805,unsafe
dmd/gC/14/s2/gC_14_s2_2019-03-04T11;48;02+01;00_rgb_ann_distraction.json,6736,8035,unsafe
dmd/gC/14/s2/gC_14_s2_2019-03-04T11;48;02+01;00_rgb_ann_distraction.json,8990,9950,unsafe
dmd/gC/14/s2/gC_14_s2_2019-03-04T11;48;02+01;00_rgb_ann_distraction.json,375,446,reaching
dmd/gC/14/s2/gC_14_s2_2019-03-04T11;48;02+01;00_rgb_ann_distraction.json,696,780,reaching
dmd/gC/14/s2/gC_14_s2_2019-03-04T11;48;02+01;00_rgb_ann_distraction.json,1154,1233,reaching
dmd/gC/14/s2/gC_14_s2_2019-03-04T11;48;02+01;00_rgb_ann_distraction.json,2413,2484,reaching
dmd/gC/14/s2/gC_14_s2_2019-03-04T11;48;02+01;00_rgb_ann_distraction.json,2771,2856,reaching
dmd/gC/14/s2/gC_14_s2_2019-03-04T11;48;02+01;00_rgb_ann_distraction.json,3234,3278,reaching
dmd/gC/14/s2/gC_14_s2_2019-03-04T11;48;02+01;00_rgb_ann_distraction.json,3601,3646,reaching
dmd/gC/14/s2/gC_14_s2_2019-03-04T11;48;02+01;00_rgb_ann_distraction.json,4940,4985,reaching
dmd/gC/14/s2/gC_14_s2_2019-03-04T11;48;02+01;00_rgb_ann_distraction.json,5205,5274,reaching
dmd/gC/14/s2/gC_14_s2_2019-03-04T11;48;02+01;00_rgb_ann_distraction.json,5737,5788,reaching
dmd/gC/14/s2/gC_14_s2_2019-03-04T11;48;02+01;00_rgb_ann_distraction.json,5905,5987,reaching
dmd/gC/14/s2/gC_14_s2_2019-03-04T11;48;02+01;00_rgb_ann_distraction.json,6349,6411,reaching
dmd/gC/14/s2/gC_14_s2_2019-03-04T11;48;02+01;00_rgb_ann_distraction.json,6665,6722,reaching
dmd/gC/14/s2/gC_14_s2_2019-03-04T11;48;02+01;00_rgb_ann_distraction.json,8036,8119,reaching
dmd/gC/14/s2/gC_14_s2_2019-03-04T11;48;02+01;00_rgb_ann_distraction.json,8375,8431,reaching
dmd/gC/14/s2/gC_14_s2_2019-03-04T11;48;02+01;00_rgb_ann_distraction.json,8723,8780,reaching
dmd/gC/14/s2/gC_14_s2_2019-03-04T11;48;02+01;00_rgb_ann_distraction.json,8907,8960,reaching
dmd/gC/14/s2/gC_14_s2_2019-03-04T11;48;02+01;00_rgb_ann_distraction.json,9951,10016,reaching
dmd/gC/14/s2/gC_14_s2_2019-03-04T11;48;02+01;00_rgb_ann_distraction.json,10262,10321,reaching
dmd/gC/14/s2/gC_14_s2_2019-03-04T11;48;02+01;00_rgb_ann_distraction.json,10806,10858,reaching
dmd/gC/14/s2/gC_14_s2_2019-03-04T11;48;02+01;00_rgb_ann_distraction.json,11102,11151,reaching
dmd/gC/14/s2/gC_14_s2_2019-03-04T11;48;02+01;00_rgb_ann_distraction.json,11637,11726,reaching
dmd/gC/14/s1/gC_14_s1_2019-03-04T11;56;20+01;00_rgb_ann_distraction.json,4,147,safe
dmd/gC/14/s1/gC_14_s1_2019-03-04T11;56;20+01;00_rgb_ann_distraction.json,160,362,safe
dmd/gC/14/s1/gC_14_s1_2019-03-04T11;56;20+01;00_rgb_ann_distraction.json,687,716,safe
dmd/gC/14/s1/gC_14_s1_2019-03-04T11;56;20+01;00_rgb_ann_distraction.json,742,769,safe
dmd/gC/14/s1/gC_14_s1_2019-03-04T11;56;20+01;00_rgb_ann_distraction.json,797,1216,safe
dmd/gC/14/s1/gC_14_s1_2019-03-04T11;56;20+01;00_rgb_ann_distraction.json,1668,1838,safe
dmd/gC/14/s1/gC_14_s1_2019-03-04T11;56;20+01;00_rgb_ann_distraction.json,1884,2151,safe
dmd/gC/14/s1/gC_14_s1_2019-03-04T11;56;20+01;00_rgb_ann_distraction.json,2482,2716,safe
dmd/gC/14/s1/gC_14_s1_2019-03-04T11;56;20+01;00_rgb_ann_distraction.json,2752,2849,safe
dmd/gC/14/s1/gC_14_s1_2019-03-04T11;56;20+01;00_rgb_ann_distraction.json,2867,2991,safe
dmd/gC/14/s1/gC_14_s1_2019-03-04T11;56;20+01;00_rgb_ann_distraction.json,3009,3327,safe
dmd/gC/14/s1/gC_14_s1_2019-03-04T11;56;20+01;00_rgb_ann_distraction.json,3728,3884,safe
dmd/gC/14/s1/gC_14_s1_2019-03-04T11;56;20+01;00_rgb_ann_distraction.json,4263,4538,safe
dmd/gC/14/s1/gC_14_s1_2019-03-04T11;56;20+01;00_rgb_ann_distraction.json,4592,4673,safe
dmd/gC/14/s1/gC_14_s1_2019-03-04T11;56;20+01;00_rgb_ann_distraction.json,4944,4990,safe
dmd/gC/14/s1/gC_14_s1_2019-03-04T11;56;20+01;00_rgb_ann_distraction.json,5117,5328,safe
dmd/gC/14/s1/gC_14_s1_2019-03-04T11;56;20+01;00_rgb_ann_distraction.json,5351,5400,safe
dmd/gC/14/s1/gC_14_s1_2019-03-04T11;56;20+01;00_rgb_ann_distraction.json,5500,5639,safe
dmd/gC/14/s1/gC_14_s1_2019-03-04T11;56;20+01;00_rgb_ann_distraction.json,5756,5972,safe
dmd/gC/14/s1/gC_14_s1_2019-03-04T11;56;20+01;00_rgb_ann_distraction.json,6036,6134,safe
dmd/gC/14/s1/gC_14_s1_2019-03-04T11;56;20+01;00_rgb_ann_distraction.json,6490,6680,safe
dmd/gC/14/s1/gC_14_s1_2019-03-04T11;56;20+01;00_rgb_ann_distraction.json,363,686,unsafe
dmd/gC/14/s1/gC_14_s1_2019-03-04T11;56;20+01;00_rgb_ann_distraction.json,717,741,unsafe
dmd/gC/14/s1/gC_14_s1_2019-03-04T11;56;20+01;00_rgb_ann_distraction.json,770,796,unsafe
dmd/gC/14/s1/gC_14_s1_2019-03-04T11;56;20+01;00_rgb_ann_distraction.json,3885,4262,unsafe
dmd/gC/14/s1/gC_14_s1_2019-03-04T11;56;20+01;00_rgb_ann_distraction.json,4539,4591,unsafe
dmd/gC/14/s1/gC_14_s1_2019-03-04T11;56;20+01;00_rgb_ann_distraction.json,1217,1291,reaching
dmd/gC/14/s1/gC_14_s1_2019-03-04T11;56;20+01;00_rgb_ann_distraction.json,1600,1667,reaching
dmd/gC/14/s1/gC_14_s1_2019-03-04T11;56;20+01;00_rgb_ann_distraction.json,1839,1883,reaching
dmd/gC/14/s1/gC_14_s1_2019-03-04T11;56;20+01;00_rgb_ann_distraction.json,2152,2242,reaching
dmd/gC/14/s1/gC_14_s1_2019-03-04T11;56;20+01;00_rgb_ann_distraction.json,2450,2481,reaching
dmd/gC/14/s1/gC_14_s1_2019-03-04T11;56;20+01;00_rgb_ann_distraction.json,3328,3372,reaching
dmd/gC/14/s1/gC_14_s1_2019-03-04T11;56;20+01;00_rgb_ann_distraction.json,3671,3727,reaching
dmd/gC/14/s1/gC_14_s1_2019-03-04T11;56;20+01;00_rgb_ann_distraction.json,4674,4753,reaching
dmd/gC/14/s1/gC_14_s1_2019-03-04T11;56;20+01;00_rgb_ann_distraction.json,5019,5116,reaching
dmd/gC/14/s1/gC_14_s1_2019-03-04T11;56;20+01;00_rgb_ann_distraction.json,5973,6035,reaching
dmd/gC/14/s1/gC_14_s1_2019-03-04T11;56;20+01;00_rgb_ann_distraction.json,6135,6181,reaching
dmd/gC/14/s1/gC_14_s1_2019-03-04T11;56;20+01;00_rgb_ann_distraction.json,6435,6489,reaching
dmd/gC/14/s1/gC_14_s1_2019-03-04T11;56;20+01;00_rgb_ann_distraction.json,2243,2342,unsafe
dmd/gC/14/s1/gC_14_s1_2019-03-04T11;56;20+01;00_rgb_ann_distraction.json,2418,2449,unsafe
dmd/gC/14/s1/gC_14_s1_2019-03-04T11;56;20+01;00_rgb_ann_distraction.json,2717,2751,unsafe
dmd/gC/14/s1/gC_14_s1_2019-03-04T11;56;20+01;00_rgb_ann_distraction.json,2850,2866,unsafe
dmd/gC/14/s1/gC_14_s1_2019-03-04T11;56;20+01;00_rgb_ann_distraction.json,2992,3008,unsafe
dmd/gC/14/s1/gC_14_s1_2019-03-04T11;56;20+01;00_rgb_ann_distraction.json,5329,5350,unsafe
dmd/gC/14/s1/gC_14_s1_2019-03-04T11;56;20+01;00_rgb_ann_distraction.json,5401,5417,unsafe
dmd/gC/14/s1/gC_14_s1_2019-03-04T11;56;20+01;00_rgb_ann_distraction.json,6280,6303,unsafe
dmd/gC/14/s3/gC_14_s3_2019-03-12T09;23;37+01;00_rgb_ann_distraction.json,5,75,safe
dmd/gC/14/s3/gC_14_s3_2019-03-12T09;23;37+01;00_rgb_ann_distraction.json,94,729,safe
dmd/gC/14/s3/gC_14_s3_2019-03-12T09;23;37+01;00_rgb_ann_distraction.json,1030,1068,safe
dmd/gC/14/s3/gC_14_s3_2019-03-12T09;23;37+01;00_rgb_ann_distraction.json,1135,1435,safe
dmd/gC/14/s3/gC_14_s3_2019-03-12T09;23;37+01;00_rgb_ann_distraction.json,1679,1721,safe
dmd/gC/14/s3/gC_14_s3_2019-03-12T09;23;37+01;00_rgb_ann_distraction.json,1773,1931,safe
dmd/gC/14/s3/gC_14_s3_2019-03-12T09;23;37+01;00_rgb_ann_distraction.json,1069,1134,reaching
dmd/gC/14/s3/gC_14_s3_2019-03-12T09;23;37+01;00_rgb_ann_distraction.json,1722,1772,reaching
dmd/gC/14/s3/gC_14_s3_2019-03-12T09;23;37+01;00_rgb_ann_distraction.json,730,986,reaching
dmd/gC/14/s3/gC_14_s3_2019-03-12T09;23;37+01;00_rgb_ann_distraction.json,1436,1649,reaching
dmd/gC/12/s4/gC_12_s4_2019-03-21T09;33;21+01;00_rgb_ann_distraction.json,6,35,safe
dmd/gC/12/s4/gC_12_s4_2019-03-21T09;33;21+01;00_rgb_ann_distraction.json,53,83,safe
dmd/gC/12/s4/gC_12_s4_2019-03-21T09;33;21+01;00_rgb_ann_distraction.json,112,149,safe
dmd/gC/12/s4/gC_12_s4_2019-03-21T09;33;21+01;00_rgb_ann_distraction.json,173,639,safe
dmd/gC/12/s4/gC_12_s4_2019-03-21T09;33;21+01;00_rgb_ann_distraction.json,923,945,safe
dmd/gC/12/s4/gC_12_s4_2019-03-21T09;33;21+01;00_rgb_ann_distraction.json,1012,1405,safe
dmd/gC/12/s4/gC_12_s4_2019-03-21T09;33;21+01;00_rgb_ann_distraction.json,2509,2898,safe
dmd/gC/12/s4/gC_12_s4_2019-03-21T09;33;21+01;00_rgb_ann_distraction.json,3394,3910,safe
dmd/gC/12/s4/gC_12_s4_2019-03-21T09;33;21+01;00_rgb_ann_distraction.json,4324,4703,safe
dmd/gC/12/s4/gC_12_s4_2019-03-21T09;33;21+01;00_rgb_ann_distraction.json,4717,4871,safe
dmd/gC/12/s4/gC_12_s4_2019-03-21T09;33;21+01;00_rgb_ann_distraction.json,5949,6029,safe
dmd/gC/12/s4/gC_12_s4_2019-03-21T09;33;21+01;00_rgb_ann_distraction.json,6051,6103,safe
dmd/gC/12/s4/gC_12_s4_2019-03-21T09;33;21+01;00_rgb_ann_distraction.json,6666,6934,safe
dmd/gC/12/s4/gC_12_s4_2019-03-21T09;33;21+01;00_rgb_ann_distraction.json,6953,7177,safe
dmd/gC/12/s4/gC_12_s4_2019-03-21T09;33;21+01;00_rgb_ann_distraction.json,7521,7572,safe
dmd/gC/12/s4/gC_12_s4_2019-03-21T09;33;21+01;00_rgb_ann_distraction.json,7607,8120,safe
dmd/gC/12/s4/gC_12_s4_2019-03-21T09;33;21+01;00_rgb_ann_distraction.json,8155,8207,safe
dmd/gC/12/s4/gC_12_s4_2019-03-21T09;33;21+01;00_rgb_ann_distraction.json,8240,8269,safe
dmd/gC/12/s4/gC_12_s4_2019-03-21T09;33;21+01;00_rgb_ann_distraction.json,8295,8475,safe
dmd/gC/12/s4/gC_12_s4_2019-03-21T09;33;21+01;00_rgb_ann_distraction.json,8804,9341,safe
dmd/gC/12/s4/gC_12_s4_2019-03-21T09;33;21+01;00_rgb_ann_distraction.json,9378,9623,safe
dmd/gC/12/s4/gC_12_s4_2019-03-21T09;33;21+01;00_rgb_ann_distraction.json,9640,9649,safe
dmd/gC/12/s4/gC_12_s4_2019-03-21T09;33;21+01;00_rgb_ann_distraction.json,10588,10683,safe
dmd/gC/12/s4/gC_12_s4_2019-03-21T09;33;21+01;00_rgb_ann_distraction.json,10705,10755,safe
dmd/gC/12/s4/gC_12_s4_2019-03-21T09;33;21+01;00_rgb_ann_distraction.json,10801,10868,safe
dmd/gC/12/s4/gC_12_s4_2019-03-21T09;33;21+01;00_rgb_ann_distraction.json,11250,11427,safe
dmd/gC/12/s4/gC_12_s4_2019-03-21T09;33;21+01;00_rgb_ann_distraction.json,11839,12226,safe
dmd/gC/12/s4/gC_12_s4_2019-03-21T09;33;21+01;00_rgb_ann_distraction.json,13220,13374,safe
dmd/gC/12/s4/gC_12_s4_2019-03-21T09;33;21+01;00_rgb_ann_distraction.json,13515,13568,safe
dmd/gC/12/s4/gC_12_s4_2019-03-21T09;33;21+01;00_rgb_ann_distraction.json,13910,14162,safe
dmd/gC/12/s4/gC_12_s4_2019-03-21T09;33;21+01;00_rgb_ann_distraction.json,14231,14317,safe
dmd/gC/12/s4/gC_12_s4_2019-03-21T09;33;21+01;00_rgb_ann_distraction.json,14403,14699,safe
dmd/gC/12/s4/gC_12_s4_2019-03-21T09;33;21+01;00_rgb_ann_distraction.json,15067,15285,safe
dmd/gC/12/s4/gC_12_s4_2019-03-21T09;33;21+01;00_rgb_ann_distraction.json,15559,15646,safe
dmd/gC/12/s4/gC_12_s4_2019-03-21T09;33;21+01;00_rgb_ann_distraction.json,1495,1516,unsafe
dmd/gC/12/s4/gC_12_s4_2019-03-21T09;33;21+01;00_rgb_ann_distraction.json,2969,3326,unsafe
dmd/gC/12/s4/gC_12_s4_2019-03-21T09;33;21+01;00_rgb_ann_distraction.json,4939,4968,unsafe
dmd/gC/12/s4/gC_12_s4_2019-03-21T09;33;21+01;00_rgb_ann_distraction.json,6185,6579,unsafe
dmd/gC/12/s4/gC_12_s4_2019-03-21T09;33;21+01;00_rgb_ann_distraction.json,12336,12352,unsafe
dmd/gC/12/s4/gC_12_s4_2019-03-21T09;33;21+01;00_rgb_ann_distraction.json,13143,13153,unsafe
dmd/gC/12/s4/gC_12_s4_2019-03-21T09;33;21+01;00_rgb_ann_distraction.json,1517,2318,unsafe
dmd/gC/12/s4/gC_12_s4_2019-03-21T09;33;21+01;00_rgb_ann_distraction.json,2354,2440,unsafe
dmd/gC/12/s4/gC_12_s4_2019-03-21T09;33;21+01;00_rgb_ann_distraction.json,4969,5849,unsafe
dmd/gC/12/s4/gC_12_s4_2019-03-21T09;33;21+01;00_rgb_ann_distraction.json,12353,13142,unsafe
dmd/gC/12/s4/gC_12_s4_2019-03-21T09;33;21+01;00_rgb_ann_distraction.json,10994,11159,unsafe
dmd/gC/12/s4/gC_12_s4_2019-03-21T09;33;21+01;00_rgb_ann_distraction.json,13663,13853,unsafe
dmd/gC/12/s4/gC_12_s4_2019-03-21T09;33;21+01;00_rgb_ann_distraction.json,9744,10512,unsafe
dmd/gC/12/s4/gC_12_s4_2019-03-21T09;33;21+01;00_rgb_ann_distraction.json,640,683,reaching
dmd/gC/12/s4/gC_12_s4_2019-03-21T09;33;21+01;00_rgb_ann_distraction.json,879,922,reaching
dmd/gC/12/s4/gC_12_s4_2019-03-21T09;33;21+01;00_rgb_ann_distraction.json,1406,1465,reaching
dmd/gC/12/s4/gC_12_s4_2019-03-21T09;33;21+01;00_rgb_ann_distraction.json,2441,2479,reaching
dmd/gC/12/s4/gC_12_s4_2019-03-21T09;33;21+01;00_rgb_ann_distraction.json,2899,2968,reaching
dmd/gC/12/s4/gC_12_s4_2019-03-21T09;33;21+01;00_rgb_ann_distraction.json,3327,3393,reaching
dmd/gC/12/s4/gC_12_s4_2019-03-21T09;33;21+01;00_rgb_ann_distraction.json,3911,3952,reaching
dmd/gC/12/s4/gC_12_s4_2019-03-21T09;33;21+01;00_rgb_ann_distraction.json,4227,4323,reaching
dmd/gC/12/s4/gC_12_s4_2019-03-21T09;33;21+01;00_rgb_ann_distraction.json,4872,4938,reaching
dmd/gC/12/s4/gC_12_s4_2019-03-21T09;33;21+01;00_rgb_ann_distraction.json,5850,5948,reaching
dmd/gC/12/s4/gC_12_s4_2019-03-21T09;33;21+01;00_rgb_ann_distraction.json,6104,6156,reaching
dmd/gC/12/s4/gC_12_s4_2019-03-21T09;33;21+01;00_rgb_ann_distraction.json,6580,6632,reaching
dmd/gC/12/s4/gC_12_s4_2019-03-21T09;33;21+01;00_rgb_ann_distraction.json,7178,7228,reaching
dmd/gC/12/s4/gC_12_s4_2019-03-21T09;33;21+01;00_rgb_ann_distraction.json,7475,7520,reaching
dmd/gC/12/s4/gC_12_s4_2019-03-21T09;33;21+01;00_rgb_ann_distraction.json,7573,7606,reaching
dmd/gC/12/s4/gC_12_s4_2019-03-21T09;33;21+01;00_rgb_ann_distraction.json,8476,8508,reaching
dmd/gC/12/s4/gC_12_s4_2019-03-21T09;33;21+01;00_rgb_ann_distraction.json,8717,8803,reaching
dmd/gC/12/s4/gC_12_s4_2019-03-21T09;33;21+01;00_rgb_ann_distraction.json,9342,9377,reaching
dmd/gC/12/s4/gC_12_s4_2019-03-21T09;33;21+01;00_rgb_ann_distraction.json,9650,9716,reaching
dmd/gC/12/s4/gC_12_s4_2019-03-21T09;33;21+01;00_rgb_ann_distraction.json,10513,10562,reaching
dmd/gC/12/s4/gC_12_s4_2019-03-21T09;33;21+01;00_rgb_ann_distraction.json,10869,10911,reaching
dmd/gC/12/s4/gC_12_s4_2019-03-21T09;33;21+01;00_rgb_ann_distraction.json,11173,11249,reaching
dmd/gC/12/s4/gC_12_s4_2019-03-21T09;33;21+01;00_rgb_ann_distraction.json,11428,11490,reaching
dmd/gC/12/s4/gC_12_s4_2019-03-21T09;33;21+01;00_rgb_ann_distraction.json,11714,11838,reaching
dmd/gC/12/s4/gC_12_s4_2019-03-21T09;33;21+01;00_rgb_ann_distraction.json,12227,12313,reaching
dmd/gC/12/s4/gC_12_s4_2019-03-21T09;33;21+01;00_rgb_ann_distraction.json,13154,13219,reaching
dmd/gC/12/s4/gC_12_s4_2019-03-21T09;33;21+01;00_rgb_ann_distraction.json,13375,13490,reaching
dmd/gC/12/s4/gC_12_s4_2019-03-21T09;33;21+01;00_rgb_ann_distraction.json,13870,13909,reaching
dmd/gC/12/s4/gC_12_s4_2019-03-21T09;33;21+01;00_rgb_ann_distraction.json,14318,14402,reaching
dmd/gC/12/s4/gC_12_s4_2019-03-21T09;33;21+01;00_rgb_ann_distraction.json,14991,15066,reaching
dmd/gC/12/s4/gC_12_s4_2019-03-21T09;33;21+01;00_rgb_ann_distraction.json,15286,15362,reaching
dmd/gC/12/s4/gC_12_s4_2019-03-21T09;33;21+01;00_rgb_ann_distraction.json,15520,15558,reaching
dmd/gC/12/s2/gC_12_s2_2019-03-13T10;14;41+01;00_rgb_ann_distraction.json,16,82,safe
dmd/gC/12/s2/gC_12_s2_2019-03-13T10;14;41+01;00_rgb_ann_distraction.json,150,693,safe
dmd/gC/12/s2/gC_12_s2_2019-03-13T10;14;41+01;00_rgb_ann_distraction.json,1134,1456,safe
dmd/gC/12/s2/gC_12_s2_2019-03-13T10;14;41+01;00_rgb_ann_distraction.json,2480,2870,safe
dmd/gC/12/s2/gC_12_s2_2019-03-13T10;14;41+01;00_rgb_ann_distraction.json,3293,3662,safe
dmd/gC/12/s2/gC_12_s2_2019-03-13T10;14;41+01;00_rgb_ann_distraction.json,4802,5172,safe
dmd/gC/12/s2/gC_12_s2_2019-03-13T10;14;41+01;00_rgb_ann_distraction.json,5900,6280,safe
dmd/gC/12/s2/gC_12_s2_2019-03-13T10;14;41+01;00_rgb_ann_distraction.json,6735,7100,safe
dmd/gC/12/s2/gC_12_s2_2019-03-13T10;14;41+01;00_rgb_ann_distraction.json,8659,8670,safe
dmd/gC/12/s2/gC_12_s2_2019-03-13T10;14;41+01;00_rgb_ann_distraction.json,8792,8911,safe
dmd/gC/12/s2/gC_12_s2_2019-03-13T10;14;41+01;00_rgb_ann_distraction.json,9553,9747,safe
dmd/gC/12/s2/gC_12_s2_2019-03-13T10;14;41+01;00_rgb_ann_distraction.json,10936,11083,safe
dmd/gC/12/s2/gC_12_s2_2019-03-13T10;14;41+01;00_rgb_ann_distraction.json,11536,11684,safe
dmd/gC/12/s2/gC_12_s2_2019-03-13T10;14;41+01;00_rgb_ann_distraction.json,12071,12207,safe
dmd/gC/12/s2/gC_12_s2_2019-03-13T10;14;41+01;00_rgb_ann_distraction.json,1545,1573,unsafe
dmd/gC/12/s2/gC_12_s2_2019-03-13T10;14;41+01;00_rgb_ann_distraction.json,2970,3238,unsafe
dmd/gC/12/s2/gC_12_s2_2019-03-13T10;14;41+01;00_rgb_ann_distraction.json,3739,3758,unsafe
dmd/gC/12/s2/gC_12_s2_2019-03-13T10;14;41+01;00_rgb_ann_distraction.json,5264,5852,unsafe
dmd/gC/12/s2/gC_12_s2_2019-03-13T10;14;41+01;00_rgb_ann_distraction.json,1574,2433,unsafe
dmd/gC/12/s2/gC_12_s2_2019-03-13T10;14;41+01;00_rgb_ann_distraction.json,3759,4754,unsafe
dmd/gC/12/s2/gC_12_s2_2019-03-13T10;14;41+01;00_rgb_ann_distraction.json,9049,9489,unsafe
dmd/gC/12/s2/gC_12_s2_2019-03-13T10;14;41+01;00_rgb_ann_distraction.json,9784,9794,unsafe
dmd/gC/12/s2/gC_12_s2_2019-03-13T10;14;41+01;00_rgb_ann_distraction.json,11124,11492,unsafe
dmd/gC/12/s2/gC_12_s2_2019-03-13T10;14;41+01;00_rgb_ann_distraction.json,7189,8594,unsafe
dmd/gC/12/s2/gC_12_s2_2019-03-13T10;14;41+01;00_rgb_ann_distraction.json,9795,10893,unsafe
dmd/gC/12/s2/gC_12_s2_2019-03-13T10;14;41+01;00_rgb_ann_distraction.json,694,808,reaching
dmd/gC/12/s2/gC_12_s2_2019-03-13T10;14;41+01;00_rgb_ann_distraction.json,1056,1133,reaching
dmd/gC/12/s2/gC_12_s2_2019-03-13T10;14;41+01;00_rgb_ann_distraction.json,1457,1511,reaching
dmd/gC/12/s2/gC_12_s2_2019-03-13T10;14;41+01;00_rgb_ann_distraction.json,2434,2479,reaching
dmd/gC/12/s2/gC_12_s2_2019-03-13T10;14;41+01;00_rgb_ann_distraction.json,2871,2943,reaching
dmd/gC/12/s2/gC_12_s2_2019-03-13T10;14;41+01;00_rgb_ann_distraction.json,3239,3292,reaching
dmd/gC/12/s2/gC_12_s2_2019-03-13T10;14;41+01;00_rgb_ann_distraction.json,3663,3707,reaching
dmd/gC/12/s2/gC_12_s2_2019-03-13T10;14;41+01;00_rgb_ann_distraction.json,4755,4801,reaching
dmd/gC/12/s2/gC_12_s2_2019-03-13T10;14;41+01;00_rgb_ann_distraction.json,5173,5216,reaching
dmd/gC/12/s2/gC_12_s2_2019-03-13T10;14;41+01;00_rgb_ann_distraction.json,5853,5899,reaching
dmd/gC/12/s2/gC_12_s2_2019-03-13T10;14;41+01;00_rgb_ann_distraction.json,6281,6388,reaching
dmd/gC/12/s2/gC_12_s2_2019-03-13T10;14;41+01;00_rgb_ann_distraction.json,6642,6734,reaching
dmd/gC/12/s2/gC_12_s2_2019-03-13T10;14;41+01;00_rgb_ann_distraction.json,7101,7130,reaching
dmd/gC/12/s2/gC_12_s2_2019-03-13T10;14;41+01;00_rgb_ann_distraction.json,8595,8658,reaching
dmd/gC/12/s2/gC_12_s2_2019-03-13T10;14;41+01;00_rgb_ann_distraction.json,8671,8748,reaching
dmd/gC/12/s2/gC_12_s2_2019-03-13T10;14;41+01;00_rgb_ann_distraction.json,8912,8950,reaching
dmd/gC/12/s2/gC_12_s2_2019-03-13T10;14;41+01;00_rgb_ann_distraction.json,9490,9552,reaching
dmd/gC/12/s2/gC_12_s2_2019-03-13T10;14;41+01;00_rgb_ann_distraction.json,9748,9783,reaching
dmd/gC/12/s2/gC_12_s2_2019-03-13T10;14;41+01;00_rgb_ann_distraction.json,10894,10935,reaching
dmd/gC/12/s2/gC_12_s2_2019-03-13T10;14;41+01;00_rgb_ann_distraction.json,11084,11123,reaching
dmd/gC/12/s2/gC_12_s2_2019-03-13T10;14;41+01;00_rgb_ann_distraction.json,11493,11535,reaching
dmd/gC/12/s2/gC_12_s2_2019-03-13T10;14;41+01;00_rgb_ann_distraction.json,11685,11784,reaching
dmd/gC/12/s2/gC_12_s2_2019-03-13T10;14;41+01;00_rgb_ann_distraction.json,12014,12070,reaching
dmd/gC/12/s3/gC_12_s3_2019-03-14T10;00;44+01;00_rgb_ann_distraction.json,7,53,safe
dmd/gC/12/s3/gC_12_s3_2019-03-14T10;00;44+01;00_rgb_ann_distraction.json,77,642,safe
dmd/gC/12/s3/gC_12_s3_2019-03-14T10;00;44+01;00_rgb_ann_distraction.json,763,781,safe
dmd/gC/12/s3/gC_12_s3_2019-03-14T10;00;44+01;00_rgb_ann_distraction.json,845,1278,safe
dmd/gC/12/s3/gC_12_s3_2019-03-14T10;00;44+01;00_rgb_ann_distraction.json,1426,1825,safe
dmd/gC/12/s3/gC_12_s3_2019-03-14T10;00;44+01;00_rgb_ann_distraction.json,813,844,reaching
dmd/gC/12/s3/gC_12_s3_2019-03-14T10;00;44+01;00_rgb_ann_distraction.json,1381,1425,reaching
dmd/gC/12/s3/gC_12_s3_2019-03-14T10;00;44+01;00_rgb_ann_distraction.json,643,762,reaching
dmd/gC/12/s3/gC_12_s3_2019-03-14T10;00;44+01;00_rgb_ann_distraction.json,1279,1380,reaching
dmd/gC/12/s1/gC_12_s1_2019-03-13T10;23;45+01;00_rgb_ann_distraction.json,14,91,safe
dmd/gC/12/s1/gC_12_s1_2019-03-13T10;23;45+01;00_rgb_ann_distraction.json,111,394,safe
dmd/gC/12/s1/gC_12_s1_2019-03-13T10;23;45+01;00_rgb_ann_distraction.json,416,516,safe
dmd/gC/12/s1/gC_12_s1_2019-03-13T10;23;45+01;00_rgb_ann_distraction.json,824,1262,safe
dmd/gC/12/s1/gC_12_s1_2019-03-13T10;23;45+01;00_rgb_ann_distraction.json,1646,1848,safe
dmd/gC/12/s1/gC_12_s1_2019-03-13T10;23;45+01;00_rgb_ann_distraction.json,1872,1890,safe
dmd/gC/12/s1/gC_12_s1_2019-03-13T10;23;45+01;00_rgb_ann_distraction.json,1924,1932,safe
dmd/gC/12/s1/gC_12_s1_2019-03-13T10;23;45+01;00_rgb_ann_distraction.json,1955,1968,safe
dmd/gC/12/s1/gC_12_s1_2019-03-13T10;23;45+01;00_rgb_ann_distraction.json,2007,2035,safe
dmd/gC/12/s1/gC_12_s1_2019-03-13T10;23;45+01;00_rgb_ann_distraction.json,2121,2133,safe
dmd/gC/12/s1/gC_12_s1_2019-03-13T10;23;45+01;00_rgb_ann_distraction.json,2243,2265,safe
dmd/gC/12/s1/gC_12_s1_2019-03-13T10;23;45+01;00_rgb_ann_distraction.json,2290,2325,safe
dmd/gC/12/s1/gC_12_s1_2019-03-13T10;23;45+01;00_rgb_ann_distraction.json,2350,2419,safe
dmd/gC/12/s1/gC_12_s1_2019-03-13T10;23;45+01;00_rgb_ann_distraction.json,2447,2579,safe
dmd/gC/12/s1/gC_12_s1_2019-03-13T10;23;45+01;00_rgb_ann_distraction.json,2601,2624,safe
dmd/gC/12/s1/gC_12_s1_2019-03-13T10;23;45+01;00_rgb_ann_distraction.json,2666,2852,safe
dmd/gC/12/s1/gC_12_s1_2019-03-13T10;23;45+01;00_rgb_ann_distraction.json,3206,3325,safe
dmd/gC/12/s1/gC_12_s1_2019-03-13T10;23;45+01;00_rgb_ann_distraction.json,3589,3608,safe
dmd/gC/12/s1/gC_12_s1_2019-03-13T10;23;45+01;00_rgb_ann_distraction.json,3711,4260,safe
dmd/gC/12/s1/gC_12_s1_2019-03-13T10;23;45+01;00_rgb_ann_distraction.json,4690,4966,safe
dmd/gC/12/s1/gC_12_s1_2019-03-13T10;23;45+01;00_rgb_ann_distraction.json,5006,5015,safe
dmd/gC/12/s1/gC_12_s1_2019-03-13T10;23;45+01;00_rgb_ann_distraction.json,5054,5090,safe
dmd/gC/12/s1/gC_12_s1_2019-03-13T10;23;45+01;00_rgb_ann_distraction.json,5124,5158,safe
dmd/gC/12/s1/gC_12_s1_2019-03-13T10;23;45+01;00_rgb_ann_distraction.json,5219,5299,safe
dmd/gC/12/s1/gC_12_s1_2019-03-13T10;23;45+01;00_rgb_ann_distraction.json,5323,5422,safe
dmd/gC/12/s1/gC_12_s1_2019-03-13T10;23;45+01;00_rgb_ann_distraction.json,5489,5506,safe
dmd/gC/12/s1/gC_12_s1_2019-03-13T10;23;45+01;00_rgb_ann_distraction.json,5530,5593,safe
dmd/gC/12/s1/gC_12_s1_2019-03-13T10;23;45+01;00_rgb_ann_distraction.json,5632,5656,safe
dmd/gC/12/s1/gC_12_s1_2019-03-13T10;23;45+01;00_rgb_ann_distraction.json,5693,5773,safe
dmd/gC/12/s1/gC_12_s1_2019-03-13T10;23;45+01;00_rgb_ann_distraction.json,5809,5852,safe
dmd/gC/12/s1/gC_12_s1_2019-03-13T10;23;45+01;00_rgb_ann_distraction.json,5882,6182,safe
dmd/gC/12/s1/gC_12_s1_2019-03-13T10;23;45+01;00_rgb_ann_distraction.json,6643,6777,safe
dmd/gC/12/s1/gC_12_s1_2019-03-13T10;23;45+01;00_rgb_ann_distraction.json,517,823,unsafe
dmd/gC/12/s1/gC_12_s1_2019-03-13T10;23;45+01;00_rgb_ann_distraction.json,3326,3588,unsafe
dmd/gC/12/s1/gC_12_s1_2019-03-13T10;23;45+01;00_rgb_ann_distraction.json,3609,3710,unsafe
dmd/gC/12/s1/gC_12_s1_2019-03-13T10;23;45+01;00_rgb_ann_distraction.json,1263,1323,reaching
dmd/gC/12/s1/gC_12_s1_2019-03-13T10;23;45+01;00_rgb_ann_distraction.json,1590,1645,reaching
dmd/gC/12/s1/gC_12_s1_2019-03-13T10;23;45+01;00_rgb_ann_distraction.json,2853,2902,reaching
dmd/gC/12/s1/gC_12_s1_2019-03-13T10;23;45+01;00_rgb_ann_distraction.json,3152,3205,reaching
dmd/gC/12/s1/gC_12_s1_2019-03-13T10;23;45+01;00_rgb_ann_distraction.json,4261,4317,reaching
dmd/gC/12/s1/gC_12_s1_2019-03-13T10;23;45+01;00_rgb_ann_distraction.json,4623,4689,reaching
dmd/gC/12/s1/gC_12_s1_2019-03-13T10;23;45+01;00_rgb_ann_distraction.json,6183,6244,reaching
dmd/gC/12/s1/gC_12_s1_2019-03-13T10;23;45+01;00_rgb_ann_distraction.json,6583,6642,reaching
dmd/gC/12/s1/gC_12_s1_2019-03-13T10;23;45+01;00_rgb_ann_distraction.json,1891,1923,unsafe
dmd/gC/12/s1/gC_12_s1_2019-03-13T10;23;45+01;00_rgb_ann_distraction.json,1933,1954,unsafe
dmd/gC/12/s1/gC_12_s1_2019-03-13T10;23;45+01;00_rgb_ann_distraction.json,1969,2006,unsafe
dmd/gC/12/s1/gC_12_s1_2019-03-13T10;23;45+01;00_rgb_ann_distraction.json,2036,2072,unsafe
dmd/gC/12/s1/gC_12_s1_2019-03-13T10;23;45+01;00_rgb_ann_distraction.json,2134,2176,unsafe
dmd/gC/12/s1/gC_12_s1_2019-03-13T10;23;45+01;00_rgb_ann_distraction.json,2266,2289,unsafe
dmd/gC/12/s1/gC_12_s1_2019-03-13T10;23;45+01;00_rgb_ann_distraction.json,2326,2349,unsafe
dmd/gC/12/s1/gC_12_s1_2019-03-13T10;23;45+01;00_rgb_ann_distraction.json,2420,2446,unsafe
dmd/gC/12/s1/gC_12_s1_2019-03-13T10;23;45+01;00_rgb_ann_distraction.json,2580,2600,unsafe
dmd/gC/12/s1/gC_12_s1_2019-03-13T10;23;45+01;00_rgb_ann_distraction.json,2625,2665,unsafe
dmd/gC/12/s1/gC_12_s1_2019-03-13T10;23;45+01;00_rgb_ann_distraction.json,5016,5053,unsafe
dmd/gC/12/s1/gC_12_s1_2019-03-13T10;23;45+01;00_rgb_ann_distraction.json,5091,5123,unsafe
dmd/gC/12/s1/gC_12_s1_2019-03-13T10;23;45+01;00_rgb_ann_distraction.json,5159,5218,unsafe
dmd/gC/12/s1/gC_12_s1_2019-03-13T10;23;45+01;00_rgb_ann_distraction.json,5300,5322,unsafe
dmd/gC/12/s1/gC_12_s1_2019-03-13T10;23;45+01;00_rgb_ann_distraction.json,5423,5456,unsafe
dmd/gC/12/s1/gC_12_s1_2019-03-13T10;23;45+01;00_rgb_ann_distraction.json,5594,5631,unsafe
dmd/gC/12/s1/gC_12_s1_2019-03-13T10;23;45+01;00_rgb_ann_distraction.json,5657,5692,unsafe
dmd/gC/12/s1/gC_12_s1_2019-03-13T10;23;45+01;00_rgb_ann_distraction.json,5774,5808,unsafe
dmd/gC/12/s1/gC_12_s1_2019-03-13T10;23;45+01;00_rgb_ann_distraction.json,5853,5881,unsafe
dmd/gC/15/s3/gC_15_s3_2019-03-12T11;08;06+01;00_rgb_ann_distraction.json,3,59,safe
dmd/gC/15/s3/gC_15_s3_2019-03-12T11;08;06+01;00_rgb_ann_distraction.json,75,649,safe
dmd/gC/15/s3/gC_15_s3_2019-03-12T11;08;06+01;00_rgb_ann_distraction.json,805,898,safe
dmd/gC/15/s3/gC_15_s3_2019-03-12T11;08;06+01;00_rgb_ann_distraction.json,979,1200,safe
dmd/gC/15/s3/gC_15_s3_2019-03-12T11;08;06+01;00_rgb_ann_distraction.json,1358,1464,safe
dmd/gC/15/s3/gC_15_s3_2019-03-12T11;08;06+01;00_rgb_ann_distraction.json,1556,1831,safe
dmd/gC/15/s3/gC_15_s3_2019-03-12T11;08;06+01;00_rgb_ann_distraction.json,899,978,reaching
dmd/gC/15/s3/gC_15_s3_2019-03-12T11;08;06+01;00_rgb_ann_distraction.json,1465,1555,reaching
dmd/gC/15/s3/gC_15_s3_2019-03-12T11;08;06+01;00_rgb_ann_distraction.json,650,804,reaching
dmd/gC/15/s3/gC_15_s3_2019-03-12T11;08;06+01;00_rgb_ann_distraction.json,1201,1357,reaching
dmd/gC/15/s1/gC_15_s1_2019-03-04T11;24;57+01;00_rgb_ann_distraction.json,2,519,safe
dmd/gC/15/s1/gC_15_s1_2019-03-04T11;24;57+01;00_rgb_ann_distraction.json,540,581,safe
dmd/gC/15/s1/gC_15_s1_2019-03-04T11;24;57+01;00_rgb_ann_distraction.json,670,845,safe
dmd/gC/15/s1/gC_15_s1_2019-03-04T11;24;57+01;00_rgb_ann_distraction.json,1123,1150,safe
dmd/gC/15/s1/gC_15_s1_2019-03-04T11;24;57+01;00_rgb_ann_distraction.json,1241,1703,safe
dmd/gC/15/s1/gC_15_s1_2019-03-04T11;24;57+01;00_rgb_ann_distraction.json,2112,2445,safe
dmd/gC/15/s1/gC_15_s1_2019-03-04T11;24;57+01;00_rgb_ann_distraction.json,2481,2590,safe
dmd/gC/15/s1/gC_15_s1_2019-03-04T11;24;57+01;00_rgb_ann_distraction.json,2627,2661,safe
dmd/gC/15/s1/gC_15_s1_2019-03-04T11;24;57+01;00_rgb_ann_distraction.json,2701,2823,safe
dmd/gC/15/s1/gC_15_s1_2019-03-04T11;24;57+01;00_rgb_ann_distraction.json,2872,2886,safe
dmd/gC/15/s1/gC_15_s1_2019-03-04T11;24;57+01;00_rgb_ann_distraction.json,2925,2955,safe
dmd/gC/15/s1/gC_15_s1_2019-03-04T11;24;57+01;00_rgb_ann_distraction.json,2976,3192,safe
dmd/gC/15/s1/gC_15_s1_2019-03-04T11;24;57+01;00_rgb_ann_distraction.json,3221,3559,safe
dmd/gC/15/s1/gC_15_s1_2019-03-04T11;24;57+01;00_rgb_ann_distraction.json,3575,3640,safe
dmd/gC/15/s1/gC_15_s1_2019-03-04T11;24;57+01;00_rgb_ann_distraction.json,4070,4105,safe
dmd/gC/15/s1/gC_15_s1_2019-03-04T11;24;57+01;00_rgb_ann_distraction.json,4631,4942,safe
dmd/gC/15/s1/gC_15_s1_2019-03-04T11;24;57+01;00_rgb_ann_distraction.json,5321,5642,safe
dmd/gC/15/s1/gC_15_s1_2019-03-04T11;24;57+01;00_rgb_ann_distraction.json,5660,5956,safe
dmd/gC/15/s1/gC_15_s1_2019-03-04T11;24;57+01;00_rgb_ann_distraction.json,6003,6178,safe
dmd/gC/15/s1/gC_15_s1_2019-03-04T11;24;57+01;00_rgb_ann_distraction.json,6198,6429,safe
dmd/gC/15/s1/gC_15_s1_2019-03-04T11;24;57+01;00_rgb_ann_distraction.json,6831,6976,safe
dmd/gC/15/s1/gC_15_s1_2019-03-04T11;24;57+01;00_rgb_ann_distraction.json,520,539,unsafe
dmd/gC/15/s1/gC_15_s1_2019-03-04T11;24;57+01;00_rgb_ann_distraction.json,582,669,unsafe
dmd/gC/15/s1/gC_15_s1_2019-03-04T11;24;57+01;00_rgb_ann_distraction.json,846,1122,unsafe
dmd/gC/15/s1/gC_15_s1_2019-03-04T11;24;57+01;00_rgb_ann_distraction.json,1151,1240,unsafe
dmd/gC/15/s1/gC_15_s1_2019-03-04T11;24;57+01;00_rgb_ann_distraction.json,4106,4630,unsafe
dmd/gC/15/s1/gC_15_s1_2019-03-04T11;24;57+01;00_rgb_ann_distraction.json,1704,1748,reaching
dmd/gC/15/s1/gC_15_s1_2019-03-04T11;24;57+01;00_rgb_ann_distraction.json,2042,2093,reaching
dmd/gC/15/s1/gC_15_s1_2019-03-04T11;24;57+01;00_rgb_ann_distraction.json,3641,3687,reaching
dmd/gC/15/s1/gC_15_s1_2019-03-04T11;24;57+01;00_rgb_ann_distraction.json,3991,4069,reaching
dmd/gC/15/s1/gC_15_s1_2019-03-04T11;24;57+01;00_rgb_ann_distraction.json,4943,5000,reaching
dmd/gC/15/s1/gC_15_s1_2019-03-04T11;24;57+01;00_rgb_ann_distraction.json,5250,5320,reaching
dmd/gC/15/s1/gC_15_s1_2019-03-04T11;24;57+01;00_rgb_ann_distraction.json,6430,6473,reaching
dmd/gC/15/s1/gC_15_s1_2019-03-04T11;24;57+01;00_rgb_ann_distraction.json,6759,6830,reaching
dmd/gC/15/s1/gC_15_s1_2019-03-04T11;24;57+01;00_rgb_ann_distraction.json,2446,2480,unsafe
dmd/gC/15/s1/gC_15_s1_2019-03-04T11;24;57+01;00_rgb_ann_distraction.json,2591,2626,unsafe
dmd/gC/15/s1/gC_15_s1_2019-03-04T11;24;57+01;00_rgb_ann_distraction.json,2662,2700,unsafe
dmd/gC/15/s1/gC_15_s1_2019-03-04T11;24;57+01;00_rgb_ann_distraction.json,2824,2871,unsafe
dmd/gC/15/s1/gC_15_s1_2019-03-04T11;24;57+01;00_rgb_ann_distraction.json,2887,2924,unsafe
dmd/gC/15/s1/gC_15_s1_2019-03-04T11;24;57+01;00_rgb_ann_distraction.json,2956,2975,unsafe
dmd/gC/15/s1/gC_15_s1_2019-03-04T11;24;57+01;00_rgb_ann_distraction.json,3193,3220,unsafe
dmd/gC/15/s1/gC_15_s1_2019-03-04T11;24;57+01;00_rgb_ann_distraction.json,3560,3574,unsafe
dmd/gC/15/s1/gC_15_s1_2019-03-04T11;24;57+01;00_rgb_ann_distraction.json,5643,5659,unsafe
dmd/gC/15/s1/gC_15_s1_2019-03-04T11;24;57+01;00_rgb_ann_distraction.json,5957,6002,unsafe
dmd/gC/15/s1/gC_15_s1_2019-03-04T11;24;57+01;00_rgb_ann_distraction.json,6179,6197,unsafe
dmd/gC/15/s2/gC_15_s2_2019-03-04T11;14;58+01;00_rgb_ann_distraction.json,4,303,safe
dmd/gC/15/s2/gC_15_s2_2019-03-04T11;14;58+01;00_rgb_ann_distraction.json,833,1142,safe
dmd/gC/15/s2/gC_15_s2_2019-03-04T11;14;58+01;00_rgb_ann_distraction.json,2446,2793,safe
dmd/gC/15/s2/gC_15_s2_2019-03-04T11;14;58+01;00_rgb_ann_distraction.json,3362,3707,safe
dmd/gC/15/s2/gC_15_s2_2019-03-04T11;14;58+01;00_rgb_ann_distraction.json,4940,5224,safe
dmd/gC/15/s2/gC_15_s2_2019-03-04T11;14;58+01;00_rgb_ann_distraction.json,5760,5866,safe
dmd/gC/15/s2/gC_15_s2_2019-03-04T11;14;58+01;00_rgb_ann_distraction.json,6468,6737,safe
dmd/gC/15/s2/gC_15_s2_2019-03-04T11;14;58+01;00_rgb_ann_distraction.json,8271,8581,safe
dmd/gC/15/s2/gC_15_s2_2019-03-04T11;14;58+01;00_rgb_ann_distraction.json,9240,9566,safe
dmd/gC/15/s2/gC_15_s2_2019-03-04T11;14;58+01;00_rgb_ann_distraction.json,10625,10831,safe
dmd/gC/15/s2/gC_15_s2_2019-03-04T11;14;58+01;00_rgb_ann_distraction.json,10888,10907,safe
dmd/gC/15/s2/gC_15_s2_2019-03-04T11;14;58+01;00_rgb_ann_distraction.json,11630,11832,safe
dmd/gC/15/s2/gC_15_s2_2019-03-04T11;14;58+01;00_rgb_ann_distraction.json,12375,12565,safe
dmd/gC/15/s2/gC_15_s2_2019-03-04T11;14;58+01;00_rgb_ann_distraction.json,1221,1337,unsafe
dmd/gC/15/s2/gC_15_s2_2019-03-04T11;14;58+01;00_rgb_ann_distraction.json,2873,3287,unsafe
dmd/gC/15/s2/gC_15_s2_2019-03-04T11;14;58+01;00_rgb_ann_distraction.json,3759,3772,unsafe
dmd/gC/15/s2/gC_15_s2_2019-03-04T11;14;58+01;00_rgb_ann_distraction.json,4861,4875,unsafe
dmd/gC/15/s2/gC_15_s2_2019-03-04T11;14;58+01;00_rgb_ann_distraction.json,5338,5698,unsafe
dmd/gC/15/s2/gC_15_s2_2019-03-04T11;14;58+01;00_rgb_ann_distraction.json,1338,2370,unsafe
dmd/gC/15/s2/gC_15_s2_2019-03-04T11;14;58+01;00_rgb_ann_distraction.json,3773,4860,unsafe
dmd/gC/15/s2/gC_15_s2_2019-03-04T11;14;58+01;00_rgb_ann_distraction.json,6852,6937,unsafe
dmd/gC/15/s2/gC_15_s2_2019-03-04T11;14;58+01;00_rgb_ann_distraction.json,8188,8201,unsafe
dmd/gC/15/s2/gC_15_s2_2019-03-04T11;14;58+01;00_rgb_ann_distraction.json,8673,9105,unsafe
dmd/gC/15/s2/gC_15_s2_2019-03-04T11;14;58+01;00_rgb_ann_distraction.json,9638,9657,unsafe
dmd/gC/15/s2/gC_15_s2_2019-03-04T11;14;58+01;00_rgb_ann_distraction.json,11030,11513,unsafe
dmd/gC/15/s2/gC_15_s2_2019-03-04T11;14;58+01;00_rgb_ann_distraction.json,6938,8187,unsafe
dmd/gC/15/s2/gC_15_s2_2019-03-04T11;14;58+01;00_rgb_ann_distraction.json,9658,10554,unsafe
dmd/gC/15/s2/gC_15_s2_2019-03-04T11;14;58+01;00_rgb_ann_distraction.json,304,360,reaching
dmd/gC/15/s2/gC_15_s2_2019-03-04T11;14;58+01;00_rgb_ann_distraction.json,767,832,reaching
dmd/gC/15/s2/gC_15_s2_2019-03-04T11;14;58+01;00_rgb_ann_distraction.json,1143,1194,reaching
dmd/gC/15/s2/gC_15_s2_2019-03-04T11;14;58+01;00_rgb_ann_distraction.json,2371,2445,reaching
dmd/gC/15/s2/gC_15_s2_2019-03-04T11;14;58+01;00_rgb_ann_distraction.json,2794,2842,reaching
dmd/gC/15/s2/gC_15_s2_2019-03-04T11;14;58+01;00_rgb_ann_distraction.json,3288,3361,reaching
dmd/gC/15/s2/gC_15_s2_2019-03-04T11;14;58+01;00_rgb_ann_distraction.json,3708,3758,reaching
dmd/gC/15/s2/gC_15_s2_2019-03-04T11;14;58+01;00_rgb_ann_distraction.json,4876,4939,reaching
dmd/gC/15/s2/gC_15_s2_2019-03-04T11;14;58+01;00_rgb_ann_distraction.json,5225,5295,reaching
dmd/gC/15/s2/gC_15_s2_2019-03-04T11;14;58+01;00_rgb_ann_distraction.json,5699,5759,reaching
dmd/gC/15/s2/gC_15_s2_2019-03-04T11;14;58+01;00_rgb_ann_distraction.json,5867,5915,reaching
dmd/gC/15/s2/gC_15_s2_2019-03-04T11;14;58+01;00_rgb_ann_distraction.json,6424,6467,reaching
dmd/gC/15/s2/gC_15_s2_2019-03-04T11;14;58+01;00_rgb_ann_distraction.json,6738,6810,reaching
dmd/gC/15/s2/gC_15_s2_2019-03-04T11;14;58+01;00_rgb_ann_distraction.json,8202,8270,reaching
dmd/gC/15/s2/gC_15_s2_2019-03-04T11;14;58+01;00_rgb_ann_distraction.json,8582,8634,reaching
dmd/gC/15/s2/gC_15_s2_2019-03-04T11;14;58+01;00_rgb_ann_distraction.json,9141,9239,reaching
dmd/gC/15/s2/gC_15_s2_2019-03-04T11;14;58+01;00_rgb_ann_distraction.json,9567,9617,reaching
dmd/gC/15/s2/gC_15_s2_2019-03-04T11;14;58+01;00_rgb_ann_distraction.json,10555,10624,reaching
dmd/gC/15/s2/gC_15_s2_2019-03-04T11;14;58+01;00_rgb_ann_distraction.json,10908,10993,reaching
dmd/gC/15/s2/gC_15_s2_2019-03-04T11;14;58+01;00_rgb_ann_distraction.json,11514,11629,reaching
dmd/gC/15/s2/gC_15_s2_2019-03-04T11;14;58+01;00_rgb_ann_distraction.json,11833,11932,reaching
dmd/gC/15/s2/gC_15_s2_2019-03-04T11;14;58+01;00_rgb_ann_distraction.json,12300,12374,reaching
dmd/gC/15/s4/gC_15_s4_2019-03-20T15;47;21+01;00_rgb_ann_distraction.json,5,103,safe
dmd/gC/15/s4/gC_15_s4_2019-03-20T15;47;21+01;00_rgb_ann_distraction.json,128,502,safe
dmd/gC/15/s4/gC_15_s4_2019-03-20T15;47;21+01;00_rgb_ann_distraction.json,673,696,safe
dmd/gC/15/s4/gC_15_s4_2019-03-20T15;47;21+01;00_rgb_ann_distraction.json,996,1547,safe
dmd/gC/15/s4/gC_15_s4_2019-03-20T15;47;21+01;00_rgb_ann_distraction.json,1613,1750,safe
dmd/gC/15/s4/gC_15_s4_2019-03-20T15;47;21+01;00_rgb_ann_distraction.json,2265,2295,safe
dmd/gC/15/s4/gC_15_s4_2019-03-20T15;47;21+01;00_rgb_ann_distraction.json,3129,3157,safe
dmd/gC/15/s4/gC_15_s4_2019-03-20T15;47;21+01;00_rgb_ann_distraction.json,3467,3652,safe
dmd/gC/15/s4/gC_15_s4_2019-03-20T15;47;21+01;00_rgb_ann_distraction.json,4318,4540,safe
dmd/gC/15/s4/gC_15_s4_2019-03-20T15;47;21+01;00_rgb_ann_distraction.json,5009,5182,safe
dmd/gC/15/s4/gC_15_s4_2019-03-20T15;47;21+01;00_rgb_ann_distraction.json,6619,6650,safe
dmd/gC/15/s4/gC_15_s4_2019-03-20T15;47;21+01;00_rgb_ann_distraction.json,6688,6807,safe
dmd/gC/15/s4/gC_15_s4_2019-03-20T15;47;21+01;00_rgb_ann_distraction.json,7168,7227,safe
dmd/gC/15/s4/gC_15_s4_2019-03-20T15;47;21+01;00_rgb_ann_distraction.json,7269,7330,safe
dmd/gC/15/s4/gC_15_s4_2019-03-20T15;47;21+01;00_rgb_ann_distraction.json,7793,7955,safe
dmd/gC/15/s4/gC_15_s4_2019-03-20T15;47;21+01;00_rgb_ann_distraction.json,8574,8750,safe
dmd/gC/15/s4/gC_15_s4_2019-03-20T15;47;21+01;00_rgb_ann_distraction.json,9350,9371,safe
dmd/gC/15/s4/gC_15_s4_2019-03-20T15;47;21+01;00_rgb_ann_distraction.json,9416,9534,safe
dmd/gC/15/s4/gC_15_s4_2019-03-20T15;47;21+01;00_rgb_ann_distraction.json,9748,9807,safe
dmd/gC/15/s4/gC_15_s4_2019-03-20T15;47;21+01;00_rgb_ann_distraction.json,9824,9841,safe
dmd/gC/15/s4/gC_15_s4_2019-03-20T15;47;21+01;00_rgb_ann_distraction.json,11004,11146,safe
dmd/gC/15/s4/gC_15_s4_2019-03-20T15;47;21+01;00_rgb_ann_distraction.json,11210,11228,safe
dmd/gC/15/s4/gC_15_s4_2019-03-20T15;47;21+01;00_rgb_ann_distraction.json,11490,11519,safe
dmd/gC/15/s4/gC_15_s4_2019-03-20T15;47;21+01;00_rgb_ann_distraction.json,12022,12196,safe
dmd/gC/15/s4/gC_15_s4_2019-03-20T15;47;21+01;00_rgb_ann_distraction.json,12394,12511,safe
dmd/gC/15/s4/gC_15_s4_2019-03-20T15;47;21+01;00_rgb_ann_distraction.json,12548,12703,safe
dmd/gC/15/s4/gC_15_s4_2019-03-20T15;47;21+01;00_rgb_ann_distraction.json,12965,13081,safe
dmd/gC/15/s4/gC_15_s4_2019-03-20T15;47;21+01;00_rgb_ann_distraction.json,13259,13369,safe
dmd/gC/15/s4/gC_15_s4_2019-03-20T15;47;21+01;00_rgb_ann_distraction.json,13429,13634,safe
dmd/gC/15/s4/gC_15_s4_2019-03-20T15;47;21+01;00_rgb_ann_distraction.json,13682,13769,safe
dmd/gC/15/s4/gC_15_s4_2019-03-20T15;47;21+01;00_rgb_ann_distraction.json,13806,13887,safe
dmd/gC/15/s4/gC_15_s4_2019-03-20T15;47;21+01;00_rgb_ann_distraction.json,13902,14038,safe
dmd/gC/15/s4/gC_15_s4_2019-03-20T15;47;21+01;00_rgb_ann_distraction.json,14055,14113,safe
dmd/gC/15/s4/gC_15_s4_2019-03-20T15;47;21+01;00_rgb_ann_distraction.json,14216,14397,safe
dmd/gC/15/s4/gC_15_s4_2019-03-20T15;47;21+01;00_rgb_ann_distraction.json,14521,14539,safe
dmd/gC/15/s4/gC_15_s4_2019-03-20T15;47;21+01;00_rgb_ann_distraction.json,14564,14724,safe
dmd/gC/15/s4/gC_15_s4_2019-03-20T15;47;21+01;00_rgb_ann_distraction.json,15223,15392,safe
dmd/gC/15/s4/gC_15_s4_2019-03-20T15;47;21+01;00_rgb_ann_distraction.json,15926,16007,safe
dmd/gC/15/s4/gC_15_s4_2019-03-20T15;47;21+01;00_rgb_ann_distraction.json,16334,16390,safe
dmd/gC/15/s4/gC_15_s4_2019-03-20T15;47;21+01;00_rgb_ann_distraction.json,16424,16433,safe
dmd/gC/15/s4/gC_15_s4_2019-03-20T15;47;21+01;00_rgb_ann_distraction.json,3783,3859,unsafe
dmd/gC/15/s4/gC_15_s4_2019-03-20T15;47;21+01;00_rgb_ann_distraction.json,3902,4160,unsafe
dmd/gC/15/s4/gC_15_s4_2019-03-20T15;47;21+01;00_rgb_ann_distraction.json,4208,4250,unsafe
dmd/gC/15/s4/gC_15_s4_2019-03-20T15;47;21+01;00_rgb_ann_distraction.json,6956,7096,unsafe
dmd/gC/15/s4/gC_15_s4_2019-03-20T15;47;21+01;00_rgb_ann_distraction.json,7331,7369,unsafe
dmd/gC/15/s4/gC_15_s4_2019-03-20T15;47;21+01;00_rgb_ann_distraction.json,7461,7704,unsafe
dmd/gC/15/s4/gC_15_s4_2019-03-20T15;47;21+01;00_rgb_ann_distraction.json,1889,1951,unsafe
dmd/gC/15/s4/gC_15_s4_2019-03-20T15;47;21+01;00_rgb_ann_distraction.json,1983,2199,unsafe
dmd/gC/15/s4/gC_15_s4_2019-03-20T15;47;21+01;00_rgb_ann_distraction.json,2296,3009,unsafe
dmd/gC/15/s4/gC_15_s4_2019-03-20T15;47;21+01;00_rgb_ann_distraction.json,5311,6241,unsafe
dmd/gC/15/s4/gC_15_s4_2019-03-20T15;47;21+01;00_rgb_ann_distraction.json,6290,6543,unsafe
dmd/gC/15/s4/gC_15_s4_2019-03-20T15;47;21+01;00_rgb_ann_distraction.json,14114,14147,unsafe
dmd/gC/15/s4/gC_15_s4_2019-03-20T15;47;21+01;00_rgb_ann_distraction.json,9842,9854,unsafe
dmd/gC/15/s4/gC_15_s4_2019-03-20T15;47;21+01;00_rgb_ann_distraction.json,11413,11461,unsafe
dmd/gC/15/s4/gC_15_s4_2019-03-20T15;47;21+01;00_rgb_ann_distraction.json,11520,11937,unsafe
dmd/gC/15/s4/gC_15_s4_2019-03-20T15;47;21+01;00_rgb_ann_distraction.json,14495,14520,unsafe
dmd/gC/15/s4/gC_15_s4_2019-03-20T15;47;21+01;00_rgb_ann_distraction.json,14725,15125,unsafe
dmd/gC/15/s4/gC_15_s4_2019-03-20T15;47;21+01;00_rgb_ann_distraction.json,9855,10578,unsafe
dmd/gC/15/s4/gC_15_s4_2019-03-20T15;47;21+01;00_rgb_ann_distraction.json,10618,10865,unsafe
dmd/gC/15/s4/gC_15_s4_2019-03-20T15;47;21+01;00_rgb_ann_distraction.json,13154,13237,unsafe
dmd/gC/15/s4/gC_15_s4_2019-03-20T15;47;21+01;00_rgb_ann_distraction.json,521,568,reaching
dmd/gC/15/s4/gC_15_s4_2019-03-20T15;47;21+01;00_rgb_ann_distraction.json,956,995,reaching
dmd/gC/15/s4/gC_15_s4_2019-03-20T15;47;21+01;00_rgb_ann_distraction.json,1778,1869,reaching
dmd/gC/15/s4/gC_15_s4_2019-03-20T15;47;21+01;00_rgb_ann_distraction.json,2200,2229,reaching
dmd/gC/15/s4/gC_15_s4_2019-03-20T15;47;21+01;00_rgb_ann_distraction.json,3010,3128,reaching
dmd/gC/15/s4/gC_15_s4_2019-03-20T15;47;21+01;00_rgb_ann_distraction.json,3688,3782,reaching
dmd/gC/15/s4/gC_15_s4_2019-03-20T15;47;21+01;00_rgb_ann_distraction.json,4251,4317,reaching
dmd/gC/15/s4/gC_15_s4_2019-03-20T15;47;21+01;00_rgb_ann_distraction.json,4541,4608,reaching
dmd/gC/15/s4/gC_15_s4_2019-03-20T15;47;21+01;00_rgb_ann_distraction.json,4914,5008,reaching
dmd/gC/15/s4/gC_15_s4_2019-03-20T15;47;21+01;00_rgb_ann_distraction.json,5214,5310,reaching
dmd/gC/15/s4/gC_15_s4_2019-03-20T15;47;21+01;00_rgb_ann_distraction.json,6544,6618,reaching
dmd/gC/15/s4/gC_15_s4_2019-03-20T15;47;21+01;00_rgb_ann_distraction.json,6808,6855,reaching
dmd/gC/15/s4/gC_15_s4_2019-03-20T15;47;21+01;00_rgb_ann_distraction.json,6888,6955,reaching
dmd/gC/15/s4/gC_15_s4_2019-03-20T15;47;21+01;00_rgb_ann_distraction.json,7705,7792,reaching
dmd/gC/15/s4/gC_15_s4_2019-03-20T15;47;21+01;00_rgb_ann_distraction.json,7956,8081,reaching
dmd/gC/15/s4/gC_15_s4_2019-03-20T15;47;21+01;00_rgb_ann_distraction.json,8366,8451,reaching
dmd/gC/15/s4/gC_15_s4_2019-03-20T15;47;21+01;00_rgb_ann_distraction.json,8785,8915,reaching
dmd/gC/15/s4/gC_15_s4_2019-03-20T15;47;21+01;00_rgb_ann_distraction.json,9235,9349,reaching
dmd/gC/15/s4/gC_15_s4_2019-03-20T15;47;21+01;00_rgb_ann_distraction.json,9535,9650,reaching
dmd/gC/15/s4/gC_15_s4_2019-03-20T15;47;21+01;00_rgb_ann_distraction.json,10913,11003,reaching
dmd/gC/15/s4/gC_15_s4_2019-03-20T15;47;21+01;00_rgb_ann_distraction.json,11147,11193,reaching
dmd/gC/15/s4/gC_15_s4_2019-03-20T15;47;21+01;00_rgb_ann_distraction.json,11297,11412,reaching
dmd/gC/15/s4/gC_15_s4_2019-03-20T15;47;21+01;00_rgb_ann_distraction.json,11938,12021,reaching
dmd/gC/15/s4/gC_15_s4_2019-03-20T15;47;21+01;00_rgb_ann_distraction.json,12197,12254,reaching
dmd/gC/15/s4/gC_15_s4_2019-03-20T15;47;21+01;00_rgb_ann_distraction.json,12888,12940,reaching
dmd/gC/15/s4/gC_15_s4_2019-03-20T15;47;21+01;00_rgb_ann_distraction.json,13082,13153,reaching
dmd/gC/15/s4/gC_15_s4_2019-03-20T15;47;21+01;00_rgb_ann_distraction.json,14148,14215,reaching
dmd/gC/15/s4/gC_15_s4_2019-03-20T15;47;21+01;00_rgb_ann_distraction.json,14398,14459,reaching
dmd/gC/15/s4/gC_15_s4_2019-03-20T15;47;21+01;00_rgb_ann_distraction.json,15159,15222,reaching
dmd/gC/15/s4/gC_15_s4_2019-03-20T15;47;21+01;00_rgb_ann_distraction.json,15393,15503,reaching
dmd/gC/15/s4/gC_15_s4_2019-03-20T15;47;21+01;00_rgb_ann_distraction.json,15826,15902,reaching
dmd/gC/15/s4/gC_15_s4_2019-03-20T15;47;21+01;00_rgb_ann_distraction.json,16008,16084,reaching
dmd/gC/15/s4/gC_15_s4_2019-03-20T15;47;21+01;00_rgb_ann_distraction.json,16269,16333,reaching
dmd/gC/13/s2/gC_13_s2_2019-03-04T10;11;37+01;00_rgb_ann_distraction.json,2,463,safe
dmd/gC/13/s2/gC_13_s2_2019-03-04T10;11;37+01;00_rgb_ann_distraction.json,959,1392,safe
dmd/gC/13/s2/gC_13_s2_2019-03-04T10;11;37+01;00_rgb_ann_distraction.json,2366,2781,safe
dmd/gC/13/s2/gC_13_s2_2019-03-04T10;11;37+01;00_rgb_ann_distraction.json,3408,3567,safe
dmd/gC/13/s2/gC_13_s2_2019-03-04T10;11;37+01;00_rgb_ann_distraction.json,4519,4777,safe
dmd/gC/13/s2/gC_13_s2_2019-03-04T10;11;37+01;00_rgb_ann_distraction.json,5345,5629,safe
dmd/gC/13/s2/gC_13_s2_2019-03-04T10;11;37+01;00_rgb_ann_distraction.json,6033,6333,safe
dmd/gC/13/s2/gC_13_s2_2019-03-04T10;11;37+01;00_rgb_ann_distraction.json,6390,6404,safe
dmd/gC/13/s2/gC_13_s2_2019-03-04T10;11;37+01;00_rgb_ann_distraction.json,7410,7424,safe
dmd/gC/13/s2/gC_13_s2_2019-03-04T10;11;37+01;00_rgb_ann_distraction.json,7501,7790,safe
dmd/gC/13/s2/gC_13_s2_2019-03-04T10;11;37+01;00_rgb_ann_distraction.json,7824,7850,safe
dmd/gC/13/s2/gC_13_s2_2019-03-04T10;11;37+01;00_rgb_ann_distraction.json,8402,8415,safe
dmd/gC/13/s2/gC_13_s2_2019-03-04T10;11;37+01;00_rgb_ann_distraction.json,8478,8739,safe
dmd/gC/13/s2/gC_13_s2_2019-03-04T10;11;37+01;00_rgb_ann_distraction.json,10063,10087,safe
dmd/gC/13/s2/gC_13_s2_2019-03-04T10;11;37+01;00_rgb_ann_distraction.json,10140,10434,safe
dmd/gC/13/s2/gC_13_s2_2019-03-04T10;11;37+01;00_rgb_ann_distraction.json,10484,10502,safe
dmd/gC/13/s2/gC_13_s2_2019-03-04T10;11;37+01;00_rgb_ann_distraction.json,11092,11464,safe
dmd/gC/13/s2/gC_13_s2_2019-03-04T10;11;37+01;00_rgb_ann_distraction.json,11827,12212,safe
dmd/gC/13/s2/gC_13_s2_2019-03-04T10;11;37+01;00_rgb_ann_distraction.json,1497,1526,unsafe
dmd/gC/13/s2/gC_13_s2_2019-03-04T10;11;37+01;00_rgb_ann_distraction.json,2298,2313,unsafe
dmd/gC/13/s2/gC_13_s2_2019-03-04T10;11;37+01;00_rgb_ann_distraction.json,2885,3361,unsafe
dmd/gC/13/s2/gC_13_s2_2019-03-04T10;11;37+01;00_rgb_ann_distraction.json,3642,3654,unsafe
dmd/gC/13/s2/gC_13_s2_2019-03-04T10;11;37+01;00_rgb_ann_distraction.json,4864,5281,unsafe
dmd/gC/13/s2/gC_13_s2_2019-03-04T10;11;37+01;00_rgb_ann_distraction.json,1527,2297,unsafe
dmd/gC/13/s2/gC_13_s2_2019-03-04T10;11;37+01;00_rgb_ann_distraction.json,3655,4458,unsafe
dmd/gC/13/s2/gC_13_s2_2019-03-04T10;11;37+01;00_rgb_ann_distraction.json,7382,7409,unsafe
dmd/gC/13/s2/gC_13_s2_2019-03-04T10;11;37+01;00_rgb_ann_distraction.json,7874,8376,unsafe
dmd/gC/13/s2/gC_13_s2_2019-03-04T10;11;37+01;00_rgb_ann_distraction.json,10043,10062,unsafe
dmd/gC/13/s2/gC_13_s2_2019-03-04T10;11;37+01;00_rgb_ann_distraction.json,10503,11046,unsafe
dmd/gC/13/s2/gC_13_s2_2019-03-04T10;11;37+01;00_rgb_ann_distraction.json,6440,7381,unsafe
dmd/gC/13/s2/gC_13_s2_2019-03-04T10;11;37+01;00_rgb_ann_distraction.json,8852,10042,unsafe
dmd/gC/13/s2/gC_13_s2_2019-03-04T10;11;37+01;00_rgb_ann_distraction.json,464,516,reaching
dmd/gC/13/s2/gC_13_s2_2019-03-04T10;11;37+01;00_rgb_ann_distraction.json,905,958,reaching
dmd/gC/13/s2/gC_13_s2_2019-03-04T10;11;37+01;00_rgb_ann_distraction.json,1393,1473,reaching
dmd/gC/13/s2/gC_13_s2_2019-03-04T10;11;37+01;00_rgb_ann_distraction.json,2314,2365,reaching
dmd/gC/13/s2/gC_13_s2_2019-03-04T10;11;37+01;00_rgb_ann_distraction.json,2782,2825,reaching
dmd/gC/13/s2/gC_13_s2_2019-03-04T10;11;37+01;00_rgb_ann_distraction.json,3362,3407,reaching
dmd/gC/13/s2/gC_13_s2_2019-03-04T10;11;37+01;00_rgb_ann_distraction.json,3568,3621,reaching
dmd/gC/13/s2/gC_13_s2_2019-03-04T10;11;37+01;00_rgb_ann_distraction.json,4459,4518,reaching
dmd/gC/13/s2/gC_13_s2_2019-03-04T10;11;37+01;00_rgb_ann_distraction.json,4778,4829,reaching
dmd/gC/13/s2/gC_13_s2_2019-03-04T10;11;37+01;00_rgb_ann_distraction.json,5282,5344,reaching
dmd/gC/13/s2/gC_13_s2_2019-03-04T10;11;37+01;00_rgb_ann_distraction.json,5668,5740,reaching
dmd/gC/13/s2/gC_13_s2_2019-03-04T10;11;37+01;00_rgb_ann_distraction.json,5991,6032,reaching
dmd/gC/13/s2/gC_13_s2_2019-03-04T10;11;37+01;00_rgb_ann_distraction.json,6334,6389,reaching
dmd/gC/13/s2/gC_13_s2_2019-03-04T10;11;37+01;00_rgb_ann_distraction.json,7425,7500,reaching
dmd/gC/13/s2/gC_13_s2_2019-03-04T10;11;37+01;00_rgb_ann_distraction.json,7791,7823,reaching
dmd/gC/13/s2/gC_13_s2_2019-03-04T10;11;37+01;00_rgb_ann_distraction.json,8416,8477,reaching
dmd/gC/13/s2/gC_13_s2_2019-03-04T10;11;37+01;00_rgb_ann_distraction.json,8740,8831,reaching
dmd/gC/13/s2/gC_13_s2_2019-03-04T10;11;37+01;00_rgb_ann_distraction.json,10088,10139,reaching
dmd/gC/13/s2/gC_13_s2_2019-03-04T10;11;37+01;00_rgb_ann_distraction.json,10435,10483,reaching
dmd/gC/13/s2/gC_13_s2_2019-03-04T10;11;37+01;00_rgb_ann_distraction.json,11047,11091,reaching
dmd/gC/13/s2/gC_13_s2_2019-03-04T10;11;37+01;00_rgb_ann_distraction.json,11465,11504,reaching
dmd/gC/13/s2/gC_13_s2_2019-03-04T10;11;37+01;00_rgb_ann_distraction.json,11782,11826,reaching
dmd/gC/13/s4/gC_13_s4_2019-03-25T10;09;22+01;00_rgb_ann_distraction.json,3,28,safe
dmd/gC/13/s4/gC_13_s4_2019-03-25T10;09;22+01;00_rgb_ann_distraction.json,126,150,safe
dmd/gC/13/s4/gC_13_s4_2019-03-25T10;09;22+01;00_rgb_ann_distraction.json,1003,1025,safe
dmd/gC/13/s4/gC_13_s4_2019-03-25T10;09;22+01;00_rgb_ann_distraction.json,1122,1271,safe
dmd/gC/13/s4/gC_13_s4_2019-03-25T10;09;22+01;00_rgb_ann_distraction.json,2028,2534,safe
dmd/gC/13/s4/gC_13_s4_2019-03-25T10;09;22+01;00_rgb_ann_distraction.json,2579,2591,safe
dmd/gC/13/s4/gC_13_s4_2019-03-25T10;09;22+01;00_rgb_ann_distraction.json,3000,3140,safe
dmd/gC/13/s4/gC_13_s4_2019-03-25T10;09;22+01;00_rgb_ann_distraction.json,3431,3448,safe
dmd/gC/13/s4/gC_13_s4_2019-03-25T10;09;22+01;00_rgb_ann_distraction.json,3507,3596,safe
dmd/gC/13/s4/gC_13_s4_2019-03-25T10;09;22+01;00_rgb_ann_distraction.json,1394,1425,unsafe
dmd/gC/13/s4/gC_13_s4_2019-03-25T10;09;22+01;00_rgb_ann_distraction.json,1493,1966,unsafe
dmd/gC/13/s4/gC_13_s4_2019-03-25T10;09;22+01;00_rgb_ann_distraction.json,151,1002,unsafe
dmd/gC/13/s4/gC_13_s4_2019-03-25T10;09;22+01;00_rgb_ann_distraction.json,1026,1121,reaching
dmd/gC/13/s4/gC_13_s4_2019-03-25T10;09;22+01;00_rgb_ann_distraction.json,1272,1326,reaching
dmd/gC/13/s4/gC_13_s4_2019-03-25T10;09;22+01;00_rgb_ann_distraction.json,1967,2027,reaching
dmd/gC/13/s4/gC_13_s4_2019-03-25T10;09;22+01;00_rgb_ann_distraction.json,2592,2678,reaching
dmd/gC/13/s4/gC_13_s4_2019-03-25T10;09;22+01;00_rgb_ann_distraction.json,2941,2999,reaching
dmd/gC/13/s4/gC_13_s4_2019-03-25T10;09;22+01;00_rgb_ann_distraction.json,3141,3186,reaching
dmd/gC/13/s4/gC_13_s4_2019-03-25T10;09;22+01;00_rgb_ann_distraction.json,3355,3430,reaching
dmd/gC/13/s4/gC_13_s4_2019-03-25T10;02;04+01;00_rgb_ann_distraction.json,3,35,safe
dmd/gC/13/s4/gC_13_s4_2019-03-25T10;02;04+01;00_rgb_ann_distraction.json,63,135,safe
dmd/gC/13/s4/gC_13_s4_2019-03-25T10;02;04+01;00_rgb_ann_distraction.json,162,363,safe
dmd/gC/13/s4/gC_13_s4_2019-03-25T10;02;04+01;00_rgb_ann_distraction.json,411,462,safe
dmd/gC/13/s4/gC_13_s4_2019-03-25T10;02;04+01;00_rgb_ann_distraction.json,499,604,safe
dmd/gC/13/s4/gC_13_s4_2019-03-25T10;02;04+01;00_rgb_ann_distraction.json,927,1099,safe
dmd/gC/13/s4/gC_13_s4_2019-03-25T10;02;04+01;00_rgb_ann_distraction.json,1141,1311,safe
dmd/gC/13/s4/gC_13_s4_2019-03-25T10;02;04+01;00_rgb_ann_distraction.json,3312,3497,safe
dmd/gC/13/s4/gC_13_s4_2019-03-25T10;02;04+01;00_rgb_ann_distraction.json,4354,4379,safe
dmd/gC/13/s4/gC_13_s4_2019-03-25T10;02;04+01;00_rgb_ann_distraction.json,4470,4545,safe
dmd/gC/13/s4/gC_13_s4_2019-03-25T10;02;04+01;00_rgb_ann_distraction.json,4581,4826,safe
dmd/gC/13/s4/gC_13_s4_2019-03-25T10;02;04+01;00_rgb_ann_distraction.json,5143,5235,safe
dmd/gC/13/s4/gC_13_s4_2019-03-25T10;02;04+01;00_rgb_ann_distraction.json,5258,5282,safe
dmd/gC/13/s4/gC_13_s4_2019-03-25T10;02;04+01;00_rgb_ann_distraction.json,6662,6949,safe
dmd/gC/13/s4/gC_13_s4_2019-03-25T10;02;04+01;00_rgb_ann_distraction.json,7034,7048,safe
dmd/gC/13/s4/gC_13_s4_2019-03-25T10;02;04+01;00_rgb_ann_distraction.json,7759,7792,safe
dmd/gC/13/s4/gC_13_s4_2019-03-25T10;02;04+01;00_rgb_ann_distraction.json,7905,8377,safe
dmd/gC/13/s4/gC_13_s4_2019-03-25T10;02;04+01;00_rgb_ann_distraction.json,8789,8840,safe
dmd/gC/13/s4/gC_13_s4_2019-03-25T10;02;04+01;00_rgb_ann_distraction.json,8856,8890,safe
dmd/gC/13/s4/gC_13_s4_2019-03-25T10;02;04+01;00_rgb_ann_distraction.json,9501,9517,safe
dmd/gC/13/s4/gC_13_s4_2019-03-25T10;02;04+01;00_rgb_ann_distraction.json,9586,9597,safe
dmd/gC/13/s4/gC_13_s4_2019-03-25T10;02;04+01;00_rgb_ann_distraction.json,9698,9709,safe
dmd/gC/13/s4/gC_13_s4_2019-03-25T10;02;04+01;00_rgb_ann_distraction.json,10608,10627,safe
dmd/gC/13/s4/gC_13_s4_2019-03-25T10;02;04+01;00_rgb_ann_distraction.json,10707,10718,safe
dmd/gC/13/s4/gC_13_s4_2019-03-25T10;02;04+01;00_rgb_ann_distraction.json,11511,11545,safe
dmd/gC/13/s4/gC_13_s4_2019-03-25T10;02;04+01;00_rgb_ann_distraction.json,11574,11616,safe
dmd/gC/13/s4/gC_13_s4_2019-03-25T10;02;04+01;00_rgb_ann_distraction.json,11666,11778,safe
dmd/gC/13/s4/gC_13_s4_2019-03-25T10;02;04+01;00_rgb_ann_distraction.json,12061,12082,safe
dmd/gC/13/s4/gC_13_s4_2019-03-25T10;02;04+01;00_rgb_ann_distraction.json,12120,12146,safe
dmd/gC/13/s4/gC_13_s4_2019-03-25T10;02;04+01;00_rgb_ann_distraction.json,12245,12289,safe
dmd/gC/13/s4/gC_13_s4_2019-03-25T10;02;04+01;00_rgb_ann_distraction.json,12357,12373,safe
dmd/gC/13/s4/gC_13_s4_2019-03-25T10;02;04+01;00_rgb_ann_distraction.json,10960,11401,unsafe
dmd/gC/13/s4/gC_13_s4_2019-03-25T10;02;04+01;00_rgb_ann_distraction.json,1416,2394,unsafe
dmd/gC/13/s4/gC_13_s4_2019-03-25T10;02;04+01;00_rgb_ann_distraction.json,2512,2617,unsafe
dmd/gC/13/s4/gC_13_s4_2019-03-25T10;02;04+01;00_rgb_ann_distraction.json,3050,3252,unsafe
dmd/gC/13/s4/gC_13_s4_2019-03-25T10;02;04+01;00_rgb_ann_distraction.json,5386,6600,unsafe
dmd/gC/13/s4/gC_13_s4_2019-03-25T10;02;04+01;00_rgb_ann_distraction.json,3702,4353,unsafe
dmd/gC/13/s4/gC_13_s4_2019-03-25T10;02;04+01;00_rgb_ann_distraction.json,7311,7758,unsafe
dmd/gC/13/s4/gC_13_s4_2019-03-25T10;02;04+01;00_rgb_ann_distraction.json,2429,2511,unsafe
dmd/gC/13/s4/gC_13_s4_2019-03-25T10;02;04+01;00_rgb_ann_distraction.json,2666,3049,unsafe
dmd/gC/13/s4/gC_13_s4_2019-03-25T10;02;04+01;00_rgb_ann_distraction.json,9729,10470,unsafe
dmd/gC/13/s4/gC_13_s4_2019-03-25T10;02;04+01;00_rgb_ann_distraction.json,12414,12722,unsafe
dmd/gC/13/s4/gC_13_s4_2019-03-25T10;02;04+01;00_rgb_ann_distraction.json,605,677,reaching
dmd/gC/13/s4/gC_13_s4_2019-03-25T10;02;04+01;00_rgb_ann_distraction.json,858,926,reaching
dmd/gC/13/s4/gC_13_s4_2019-03-25T10;02;04+01;00_rgb_ann_distraction.json,1312,1415,reaching
dmd/gC/13/s4/gC_13_s4_2019-03-25T10;02;04+01;00_rgb_ann_distraction.json,3253,3311,reaching
dmd/gC/13/s4/gC_13_s4_2019-03-25T10;02;04+01;00_rgb_ann_distraction.json,3528,3593,reaching
dmd/gC/13/s4/gC_13_s4_2019-03-25T10;02;04+01;00_rgb_ann_distraction.json,4380,4469,reaching
dmd/gC/13/s4/gC_13_s4_2019-03-25T10;02;04+01;00_rgb_ann_distraction.json,4827,4882,reaching
dmd/gC/13/s4/gC_13_s4_2019-03-25T10;02;04+01;00_rgb_ann_distraction.json,5086,5142,reaching
dmd/gC/13/s4/gC_13_s4_2019-03-25T10;02;04+01;00_rgb_ann_distraction.json,5318,5385,reaching
dmd/gC/13/s4/gC_13_s4_2019-03-25T10;02;04+01;00_rgb_ann_distraction.json,6601,6661,reaching
dmd/gC/13/s4/gC_13_s4_2019-03-25T10;02;04+01;00_rgb_ann_distraction.json,6950,7033,reaching
dmd/gC/13/s4/gC_13_s4_2019-03-25T10;02;04+01;00_rgb_ann_distraction.json,7845,7904,reaching
dmd/gC/13/s4/gC_13_s4_2019-03-25T10;02;04+01;00_rgb_ann_distraction.json,8378,8467,reaching
dmd/gC/13/s4/gC_13_s4_2019-03-25T10;02;04+01;00_rgb_ann_distraction.json,8727,8788,reaching
dmd/gC/13/s4/gC_13_s4_2019-03-25T10;02;04+01;00_rgb_ann_distraction.json,8891,8937,reaching
dmd/gC/13/s4/gC_13_s4_2019-03-25T10;02;04+01;00_rgb_ann_distraction.json,9169,9229,reaching
dmd/gC/13/s4/gC_13_s4_2019-03-25T10;02;04+01;00_rgb_ann_distraction.json,9288,9429,reaching
dmd/gC/13/s4/gC_13_s4_2019-03-25T10;02;04+01;00_rgb_ann_distraction.json,9598,9697,reaching
dmd/gC/13/s4/gC_13_s4_2019-03-25T10;02;04+01;00_rgb_ann_distraction.json,10517,10558,reaching
dmd/gC/13/s4/gC_13_s4_2019-03-25T10;02;04+01;00_rgb_ann_distraction.json,10719,10765,reaching
dmd/gC/13/s4/gC_13_s4_2019-03-25T10;02;04+01;00_rgb_ann_distraction.json,11402,11457,reaching
dmd/gC/13/s4/gC_13_s4_2019-03-25T10;02;04+01;00_rgb_ann_distraction.json,11779,11821,reaching
dmd/gC/13/s4/gC_13_s4_2019-03-25T10;02;04+01;00_rgb_ann_distraction.json,11953,12020,reaching
dmd/gC/13/s4/gC_13_s4_2019-03-25T10;02;04+01;00_rgb_ann_distraction.json,12290,12356,reaching
dmd/gC/13/s1/gC_13_s1_2019-03-04T10;26;12+01;00_rgb_ann_distraction.json,4,271,safe
dmd/gC/13/s1/gC_13_s1_2019-03-04T10;26;12+01;00_rgb_ann_distraction.json,289,500,safe
dmd/gC/13/s1/gC_13_s1_2019-03-04T10;26;12+01;00_rgb_ann_distraction.json,857,883,safe
dmd/gC/13/s1/gC_13_s1_2019-03-04T10;26;12+01;00_rgb_ann_distraction.json,938,1287,safe
dmd/gC/13/s1/gC_13_s1_2019-03-04T10;26;12+01;00_rgb_ann_distraction.json,1544,1599,safe
dmd/gC/13/s1/gC_13_s1_2019-03-04T10;26;12+01;00_rgb_ann_distraction.json,1635,1824,safe
dmd/gC/13/s1/gC_13_s1_2019-03-04T10;26;12+01;00_rgb_ann_distraction.json,1850,1861,safe
dmd/gC/13/s1/gC_13_s1_2019-03-04T10;26;12+01;00_rgb_ann_distraction.json,1889,2064,safe
dmd/gC/13/s1/gC_13_s1_2019-03-04T10;26;12+01;00_rgb_ann_distraction.json,2091,2107,safe
dmd/gC/13/s1/gC_13_s1_2019-03-04T10;26;12+01;00_rgb_ann_distraction.json,2137,2167,safe
dmd/gC/13/s1/gC_13_s1_2019-03-04T10;26;12+01;00_rgb_ann_distraction.json,2196,2269,safe
dmd/gC/13/s1/gC_13_s1_2019-03-04T10;26;12+01;00_rgb_ann_distraction.json,2302,2377,safe
dmd/gC/13/s1/gC_13_s1_2019-03-04T10;26;12+01;00_rgb_ann_distraction.json,2429,2690,safe
dmd/gC/13/s1/gC_13_s1_2019-03-04T10;26;12+01;00_rgb_ann_distraction.json,2956,3188,safe
dmd/gC/13/s1/gC_13_s1_2019-03-04T10;26;12+01;00_rgb_ann_distraction.json,3208,3220,safe
dmd/gC/13/s1/gC_13_s1_2019-03-04T10;26;12+01;00_rgb_ann_distraction.json,3559,3595,safe
dmd/gC/13/s1/gC_13_s1_2019-03-04T10;26;12+01;00_rgb_ann_distraction.json,3689,3927,safe
dmd/gC/13/s1/gC_13_s1_2019-03-04T10;26;12+01;00_rgb_ann_distraction.json,4150,4539,safe
dmd/gC/13/s1/gC_13_s1_2019-03-04T10;26;12+01;00_rgb_ann_distraction.json,4562,4887,safe
dmd/gC/13/s1/gC_13_s1_2019-03-04T10;26;12+01;00_rgb_ann_distraction.json,4929,4996,safe
dmd/gC/13/s1/gC_13_s1_2019-03-04T10;26;12+01;00_rgb_ann_distraction.json,5018,5150,safe
dmd/gC/13/s1/gC_13_s1_2019-03-04T10;26;12+01;00_rgb_ann_distraction.json,5183,5241,safe
dmd/gC/13/s1/gC_13_s1_2019-03-04T10;26;12+01;00_rgb_ann_distraction.json,5265,5336,safe
dmd/gC/13/s1/gC_13_s1_2019-03-04T10;26;12+01;00_rgb_ann_distraction.json,5355,5485,safe
dmd/gC/13/s1/gC_13_s1_2019-03-04T10;26;12+01;00_rgb_ann_distraction.json,5507,5646,safe
dmd/gC/13/s1/gC_13_s1_2019-03-04T10;26;12+01;00_rgb_ann_distraction.json,5932,6335,safe
dmd/gC/13/s1/gC_13_s1_2019-03-04T10;26;12+01;00_rgb_ann_distraction.json,6603,7164,safe
dmd/gC/13/s1/gC_13_s1_2019-03-04T10;26;12+01;00_rgb_ann_distraction.json,501,856,unsafe
dmd/gC/13/s1/gC_13_s1_2019-03-04T10;26;12+01;00_rgb_ann_distraction.json,884,937,unsafe
dmd/gC/13/s1/gC_13_s1_2019-03-04T10;26;12+01;00_rgb_ann_distraction.json,3221,3558,unsafe
dmd/gC/13/s1/gC_13_s1_2019-03-04T10;26;12+01;00_rgb_ann_distraction.json,3596,3688,unsafe
dmd/gC/13/s1/gC_13_s1_2019-03-04T10;26;12+01;00_rgb_ann_distraction.json,1288,1336,reaching
dmd/gC/13/s1/gC_13_s1_2019-03-04T10;26;12+01;00_rgb_ann_distraction.json,1493,1543,reaching
dmd/gC/13/s1/gC_13_s1_2019-03-04T10;26;12+01;00_rgb_ann_distraction.json,2691,2729,reaching
dmd/gC/13/s1/gC_13_s1_2019-03-04T10;26;12+01;00_rgb_ann_distraction.json,2902,2955,reaching
dmd/gC/13/s1/gC_13_s1_2019-03-04T10;26;12+01;00_rgb_ann_distraction.json,3928,3968,reaching
dmd/gC/13/s1/gC_13_s1_2019-03-04T10;26;12+01;00_rgb_ann_distraction.json,4067,4149,reaching
dmd/gC/13/s1/gC_13_s1_2019-03-04T10;26;12+01;00_rgb_ann_distraction.json,5647,5688,reaching
dmd/gC/13/s1/gC_13_s1_2019-03-04T10;26;12+01;00_rgb_ann_distraction.json,5876,5931,reaching
dmd/gC/13/s1/gC_13_s1_2019-03-04T10;26;12+01;00_rgb_ann_distraction.json,6336,6379,reaching
dmd/gC/13/s1/gC_13_s1_2019-03-04T10;26;12+01;00_rgb_ann_distraction.json,6538,6602,reaching
dmd/gC/13/s1/gC_13_s1_2019-03-04T10;26;12+01;00_rgb_ann_distraction.json,1825,1849,unsafe
dmd/gC/13/s1/gC_13_s1_2019-03-04T10;26;12+01;00_rgb_ann_distraction.json,1862,1888,unsafe
dmd/gC/13/s1/gC_13_s1_2019-03-04T10;26;12+01;00_rgb_ann_distraction.json,2065,2090,unsafe
dmd/gC/13/s1/gC_13_s1_2019-03-04T10;26;12+01;00_rgb_ann_distraction.json,2108,2136,unsafe
dmd/gC/13/s1/gC_13_s1_2019-03-04T10;26;12+01;00_rgb_ann_distraction.json,2168,2195,unsafe
dmd/gC/13/s1/gC_13_s1_2019-03-04T10;26;12+01;00_rgb_ann_distraction.json,2270,2301,unsafe
dmd/gC/13/s1/gC_13_s1_2019-03-04T10;26;12+01;00_rgb_ann_distraction.json,2378,2428,unsafe
dmd/gC/13/s1/gC_13_s1_2019-03-04T10;26;12+01;00_rgb_ann_distraction.json,4540,4561,unsafe
dmd/gC/13/s1/gC_13_s1_2019-03-04T10;26;12+01;00_rgb_ann_distraction.json,4888,4928,unsafe
dmd/gC/13/s1/gC_13_s1_2019-03-04T10;26;12+01;00_rgb_ann_distraction.json,4997,5017,unsafe
dmd/gC/13/s1/gC_13_s1_2019-03-04T10;26;12+01;00_rgb_ann_distraction.json,5151,5182,unsafe
dmd/gC/13/s1/gC_13_s1_2019-03-04T10;26;12+01;00_rgb_ann_distraction.json,5242,5264,unsafe
dmd/gC/13/s1/gC_13_s1_2019-03-04T10;26;12+01;00_rgb_ann_distraction.json,5337,5354,unsafe
dmd/gC/13/s1/gC_13_s1_2019-03-04T10;26;12+01;00_rgb_ann_distraction.json,5486,5506,unsafe
dmd/gC/13/s3/gC_13_s3_2019-03-12T10;06;34+01;00_rgb_ann_distraction.json,1,55,safe
dmd/gC/13/s3/gC_13_s3_2019-03-12T10;06;34+01;00_rgb_ann_distraction.json,73,566,safe
dmd/gC/13/s3/gC_13_s3_2019-03-12T10;06;34+01;00_rgb_ann_distraction.json,730,831,safe
dmd/gC/13/s3/gC_13_s3_2019-03-12T10;06;34+01;00_rgb_ann_distraction.json,913,1173,safe
dmd/gC/13/s3/gC_13_s3_2019-03-12T10;06;34+01;00_rgb_ann_distraction.json,1347,1812,safe
dmd/gC/13/s3/gC_13_s3_2019-03-12T10;06;34+01;00_rgb_ann_distraction.json,693,729,reaching
dmd/gC/13/s3/gC_13_s3_2019-03-12T10;06;34+01;00_rgb_ann_distraction.json,1295,1346,reaching
dmd/gC/13/s3/gC_13_s3_2019-03-12T10;06;34+01;00_rgb_ann_distraction.json,567,692,reaching
dmd/gC/13/s3/gC_13_s3_2019-03-12T10;06;34+01;00_rgb_ann_distraction.json,1174,1294,reaching
dmd/gC/11/s4/gC_11_s4_2019-03-21T09;09;11+01;00_rgb_ann_distraction.json,26,51,safe
dmd/gC/11/s4/gC_11_s4_2019-03-21T09;09;11+01;00_rgb_ann_distraction.json,81,341,safe
dmd/gC/11/s4/gC_11_s4_2019-03-21T09;09;11+01;00_rgb_ann_distraction.json,352,611,safe
dmd/gC/11/s4/gC_11_s4_2019-03-21T09;09;11+01;00_rgb_ann_distraction.json,896,923,safe
dmd/gC/11/s4/gC_11_s4_2019-03-21T09;09;11+01;00_rgb_ann_distraction.json,937,961,safe
dmd/gC/11/s4/gC_11_s4_2019-03-21T09;09;11+01;00_rgb_ann_distraction.json,1137,1423,safe
dmd/gC/11/s4/gC_11_s4_2019-03-21T09;09;11+01;00_rgb_ann_distraction.json,2567,3008,safe
dmd/gC/11/s4/gC_11_s4_2019-03-21T09;09;11+01;00_rgb_ann_distraction.json,3485,3565,safe
dmd/gC/11/s4/gC_11_s4_2019-03-21T09;09;11+01;00_rgb_ann_distraction.json,3622,3777,safe
dmd/gC/11/s4/gC_11_s4_2019-03-21T09;09;11+01;00_rgb_ann_distraction.json,4192,4568,safe
dmd/gC/11/s4/gC_11_s4_2019-03-21T09;09;11+01;00_rgb_ann_distraction.json,5306,5523,safe
dmd/gC/11/s4/gC_11_s4_2019-03-21T09;09;11+01;00_rgb_ann_distraction.json,6147,6520,safe
dmd/gC/11/s4/gC_11_s4_2019-03-21T09;09;11+01;00_rgb_ann_distraction.json,6801,6858,safe
dmd/gC/11/s4/gC_11_s4_2019-03-21T09;09;11+01;00_rgb_ann_distraction.json,6954,6969,safe
dmd/gC/11/s4/gC_11_s4_2019-03-21T09;09;11+01;00_rgb_ann_distraction.json,6998,7547,safe
dmd/gC/11/s4/gC_11_s4_2019-03-21T09;09;11+01;00_rgb_ann_distraction.json,7831,7922,safe
dmd/gC/11/s4/gC_11_s4_2019-03-21T09;09;11+01;00_rgb_ann_distraction.json,8266,8547,safe
dmd/gC/11/s4/gC_11_s4_2019-03-21T09;09;11+01;00_rgb_ann_distraction.json,9501,9796,safe
dmd/gC/11/s4/gC_11_s4_2019-03-21T09;09;11+01;00_rgb_ann_distraction.json,10285,10324,safe
dmd/gC/11/s4/gC_11_s4_2019-03-21T09;09;11+01;00_rgb_ann_distraction.json,10414,10597,safe
dmd/gC/11/s4/gC_11_s4_2019-03-21T09;09;11+01;00_rgb_ann_distraction.json,10873,10976,safe
dmd/gC/11/s4/gC_11_s4_2019-03-21T09;09;11+01;00_rgb_ann_distraction.json,11068,11104,safe
dmd/gC/11/s4/gC_11_s4_2019-03-21T09;09;11+01;00_rgb_ann_distraction.json,11124,11307,safe
dmd/gC/11/s4/gC_11_s4_2019-03-21T09;09;11+01;00_rgb_ann_distraction.json,12544,12700,safe
dmd/gC/11/s4/gC_11_s4_2019-03-21T09;09;11+01;00_rgb_ann_distraction.json,13023,13043,safe
dmd/gC/11/s4/gC_11_s4_2019-03-21T09;09;11+01;00_rgb_ann_distraction.json,13155,13211,safe
dmd/gC/11/s4/gC_11_s4_2019-03-21T09;09;11+01;00_rgb_ann_distraction.json,13303,13570,safe
dmd/gC/11/s4/gC_11_s4_2019-03-21T09;09;11+01;00_rgb_ann_distraction.json,13956,14165,safe
dmd/gC/11/s4/gC_11_s4_2019-03-21T09;09;11+01;00_rgb_ann_distraction.json,14515,14799,safe
dmd/gC/11/s4/gC_11_s4_2019-03-21T09;09;11+01;00_rgb_ann_distraction.json,3055,3328,unsafe
dmd/gC/11/s4/gC_11_s4_2019-03-21T09;09;11+01;00_rgb_ann_distraction.json,5606,5656,unsafe
dmd/gC/11/s4/gC_11_s4_2019-03-21T09;09;11+01;00_rgb_ann_distraction.json,5683,5823,unsafe
dmd/gC/11/s4/gC_11_s4_2019-03-21T09;09;11+01;00_rgb_ann_distraction.json,5901,6082,unsafe
dmd/gC/11/s4/gC_11_s4_2019-03-21T09;09;11+01;00_rgb_ann_distraction.json,1504,2516,unsafe
dmd/gC/11/s4/gC_11_s4_2019-03-21T09;09;11+01;00_rgb_ann_distraction.json,4618,5241,unsafe
dmd/gC/11/s4/gC_11_s4_2019-03-21T09;09;11+01;00_rgb_ann_distraction.json,8591,8620,unsafe
dmd/gC/11/s4/gC_11_s4_2019-03-21T09;09;11+01;00_rgb_ann_distraction.json,9884,10236,unsafe
dmd/gC/11/s4/gC_11_s4_2019-03-21T09;09;11+01;00_rgb_ann_distraction.json,12790,12987,unsafe
dmd/gC/11/s4/gC_11_s4_2019-03-21T09;09;11+01;00_rgb_ann_distraction.json,13044,13154,unsafe
dmd/gC/11/s4/gC_11_s4_2019-03-21T09;09;11+01;00_rgb_ann_distraction.json,8641,9436,unsafe
dmd/gC/11/s4/gC_11_s4_2019-03-21T09;09;11+01;00_rgb_ann_distraction.json,11382,12429,unsafe
dmd/gC/11/s4/gC_11_s4_2019-03-21T09;09;11+01;00_rgb_ann_distraction.json,630,687,reaching
dmd/gC/11/s4/gC_11_s4_2019-03-21T09;09;11+01;00_rgb_ann_distraction.json,1068,1136,reaching
dmd/gC/11/s4/gC_11_s4_2019-03-21T09;09;11+01;00_rgb_ann_distraction.json,1424,1487,reaching
dmd/gC/11/s4/gC_11_s4_2019-03-21T09;09;11+01;00_rgb_ann_distraction.json,2517,2566,reaching
dmd/gC/11/s4/gC_11_s4_2019-03-21T09;09;11+01;00_rgb_ann_distraction.json,3009,3054,reaching
dmd/gC/11/s4/gC_11_s4_2019-03-21T09;09;11+01;00_rgb_ann_distraction.json,3579,3609,reaching
dmd/gC/11/s4/gC_11_s4_2019-03-21T09;09;11+01;00_rgb_ann_distraction.json,3800,3845,reaching
dmd/gC/11/s4/gC_11_s4_2019-03-21T09;09;11+01;00_rgb_ann_distraction.json,4065,4116,reaching
dmd/gC/11/s4/gC_11_s4_2019-03-21T09;09;11+01;00_rgb_ann_distraction.json,4569,4617,reaching
dmd/gC/11/s4/gC_11_s4_2019-03-21T09;09;11+01;00_rgb_ann_distraction.json,5242,5276,reaching
dmd/gC/11/s4/gC_11_s4_2019-03-21T09;09;11+01;00_rgb_ann_distraction.json,5524,5605,reaching
dmd/gC/11/s4/gC_11_s4_2019-03-21T09;09;11+01;00_rgb_ann_distraction.json,6083,6146,reaching
dmd/gC/11/s4/gC_11_s4_2019-03-21T09;09;11+01;00_rgb_ann_distraction.json,6521,6630,reaching
dmd/gC/11/s4/gC_11_s4_2019-03-21T09;09;11+01;00_rgb_ann_distraction.json,7772,7830,reaching
dmd/gC/11/s4/gC_11_s4_2019-03-21T09;09;11+01;00_rgb_ann_distraction.json,7935,8002,reaching
dmd/gC/11/s4/gC_11_s4_2019-03-21T09;09;11+01;00_rgb_ann_distraction.json,8183,8265,reaching
dmd/gC/11/s4/gC_11_s4_2019-03-21T09;09;11+01;00_rgb_ann_distraction.json,8548,8590,reaching
dmd/gC/11/s4/gC_11_s4_2019-03-21T09;09;11+01;00_rgb_ann_distraction.json,9458,9500,reaching
dmd/gC/11/s4/gC_11_s4_2019-03-21T09;09;11+01;00_rgb_ann_distraction.json,9797,9848,reaching
dmd/gC/11/s4/gC_11_s4_2019-03-21T09;09;11+01;00_rgb_ann_distraction.json,10355,10413,reaching
dmd/gC/11/s4/gC_11_s4_2019-03-21T09;09;11+01;00_rgb_ann_distraction.json,10598,10650,reaching
dmd/gC/11/s4/gC_11_s4_2019-03-21T09;09;11+01;00_rgb_ann_distraction.json,10824,10872,reaching
dmd/gC/11/s4/gC_11_s4_2019-03-21T09;09;11+01;00_rgb_ann_distraction.json,11308,11355,reaching
dmd/gC/11/s4/gC_11_s4_2019-03-21T09;09;11+01;00_rgb_ann_distraction.json,12462,12507,reaching
dmd/gC/11/s4/gC_11_s4_2019-03-21T09;09;11+01;00_rgb_ann_distraction.json,12701,12764,reaching
dmd/gC/11/s4/gC_11_s4_2019-03-21T09;09;11+01;00_rgb_ann_distraction.json,13256,13302,reaching
dmd/gC/11/s4/gC_11_s4_2019-03-21T09;09;11+01;00_rgb_ann_distraction.json,13571,13618,reaching
dmd/gC/11/s4/gC_11_s4_2019-03-21T09;09;11+01;00_rgb_ann_distraction.json,13896,13955,reaching
dmd/gC/11/s4/gC_11_s4_2019-03-21T09;09;11+01;00_rgb_ann_distraction.json,14195,14245,reaching
dmd/gC/11/s4/gC_11_s4_2019-03-21T09;09;11+01;00_rgb_ann_distraction.json,14461,14514,reaching
dmd/gC/11/s3/gC_11_s3_2019-03-12T10;15;32+01;00_rgb_ann_distraction.json,2,66,safe
dmd/gC/11/s3/gC_11_s3_2019-03-12T10;15;32+01;00_rgb_ann_distraction.json,89,608,safe
dmd/gC/11/s3/gC_11_s3_2019-03-12T10;15;32+01;00_rgb_ann_distraction.json,786,1254,safe
dmd/gC/11/s3/gC_11_s3_2019-03-12T10;15;32+01;00_rgb_ann_distraction.json,1387,1814,safe
dmd/gC/11/s3/gC_11_s3_2019-03-12T10;15;32+01;00_rgb_ann_distraction.json,721,785,reaching
dmd/gC/11/s3/gC_11_s3_2019-03-12T10;15;32+01;00_rgb_ann_distraction.json,1353,1386,reaching
dmd/gC/11/s3/gC_11_s3_2019-03-12T10;15;32+01;00_rgb_ann_distraction.json,609,720,reaching
dmd/gC/11/s3/gC_11_s3_2019-03-12T10;15;32+01;00_rgb_ann_distraction.json,1255,1352,reaching
dmd/gC/11/s1/gC_11_s1_2019-03-04T09;33;18+01;00_rgb_ann_distraction.json,3,506,safe
dmd/gC/11/s1/gC_11_s1_2019-03-04T09;33;18+01;00_rgb_ann_distraction.json,734,794,safe
dmd/gC/11/s1/gC_11_s1_2019-03-04T09;33;18+01;00_rgb_ann_distraction.json,970,1271,safe
dmd/gC/11/s1/gC_11_s1_2019-03-04T09;33;18+01;00_rgb_ann_distraction.json,1741,2152,safe
dmd/gC/11/s1/gC_11_s1_2019-03-04T09;33;18+01;00_rgb_ann_distraction.json,2185,2303,safe
dmd/gC/11/s1/gC_11_s1_2019-03-04T09;33;18+01;00_rgb_ann_distraction.json,2339,2375,safe
dmd/gC/11/s1/gC_11_s1_2019-03-04T09;33;18+01;00_rgb_ann_distraction.json,2412,2471,safe
dmd/gC/11/s1/gC_11_s1_2019-03-04T09;33;18+01;00_rgb_ann_distraction.json,2549,2579,safe
dmd/gC/11/s1/gC_11_s1_2019-03-04T09;33;18+01;00_rgb_ann_distraction.json,2619,2661,safe
dmd/gC/11/s1/gC_11_s1_2019-03-04T09;33;18+01;00_rgb_ann_distraction.json,2692,2731,safe
dmd/gC/11/s1/gC_11_s1_2019-03-04T09;33;18+01;00_rgb_ann_distraction.json,2766,2792,safe
dmd/gC/11/s1/gC_11_s1_2019-03-04T09;33;18+01;00_rgb_ann_distraction.json,2823,3280,safe
dmd/gC/11/s1/gC_11_s1_2019-03-04T09;33;18+01;00_rgb_ann_distraction.json,3420,3452,safe
dmd/gC/11/s1/gC_11_s1_2019-03-04T09;33;18+01;00_rgb_ann_distraction.json,3758,4078,safe
dmd/gC/11/s1/gC_11_s1_2019-03-04T09;33;18+01;00_rgb_ann_distraction.json,4391,4485,safe
dmd/gC/11/s1/gC_11_s1_2019-03-04T09;33;18+01;00_rgb_ann_distraction.json,4639,4900,safe
dmd/gC/11/s1/gC_11_s1_2019-03-04T09;33;18+01;00_rgb_ann_distraction.json,5235,5334,safe
dmd/gC/11/s1/gC_11_s1_2019-03-04T09;33;18+01;00_rgb_ann_distraction.json,5374,5437,safe
dmd/gC/11/s1/gC_11_s1_2019-03-04T09;33;18+01;00_rgb_ann_distraction.json,5460,5612,safe
dmd/gC/11/s1/gC_11_s1_2019-03-04T09;33;18+01;00_rgb_ann_distraction.json,5660,5690,safe
dmd/gC/11/s1/gC_11_s1_2019-03-04T09;33;18+01;00_rgb_ann_distraction.json,5716,5740,safe
dmd/gC/11/s1/gC_11_s1_2019-03-04T09;33;18+01;00_rgb_ann_distraction.json,5775,5912,safe
dmd/gC/11/s1/gC_11_s1_2019-03-04T09;33;18+01;00_rgb_ann_distraction.json,6021,6143,safe
dmd/gC/11/s1/gC_11_s1_2019-03-04T09;33;18+01;00_rgb_ann_distraction.json,6369,6395,safe
dmd/gC/11/s1/gC_11_s1_2019-03-04T09;33;18+01;00_rgb_ann_distraction.json,6442,6501,safe
dmd/gC/11/s1/gC_11_s1_2019-03-04T09;33;18+01;00_rgb_ann_distraction.json,6540,6681,safe
dmd/gC/11/s1/gC_11_s1_2019-03-04T09;33;18+01;00_rgb_ann_distraction.json,6823,6908,safe
dmd/gC/11/s1/gC_11_s1_2019-03-04T09;33;18+01;00_rgb_ann_distraction.json,6938,7008,safe
dmd/gC/11/s1/gC_11_s1_2019-03-04T09;33;18+01;00_rgb_ann_distraction.json,507,733,unsafe
dmd/gC/11/s1/gC_11_s1_2019-03-04T09;33;18+01;00_rgb_ann_distraction.json,795,969,unsafe
dmd/gC/11/s1/gC_11_s1_2019-03-04T09;33;18+01;00_rgb_ann_distraction.json,3281,3419,unsafe
dmd/gC/11/s1/gC_11_s1_2019-03-04T09;33;18+01;00_rgb_ann_distraction.json,3453,3757,unsafe
dmd/gC/11/s1/gC_11_s1_2019-03-04T09;33;18+01;00_rgb_ann_distraction.json,1272,1337,reaching
dmd/gC/11/s1/gC_11_s1_2019-03-04T09;33;18+01;00_rgb_ann_distraction.json,1677,1740,reaching
dmd/gC/11/s1/gC_11_s1_2019-03-04T09;33;18+01;00_rgb_ann_distraction.json,4079,4134,reaching
dmd/gC/11/s1/gC_11_s1_2019-03-04T09;33;18+01;00_rgb_ann_distraction.json,4580,4638,reaching
dmd/gC/11/s1/gC_11_s1_2019-03-04T09;33;18+01;00_rgb_ann_distraction.json,4901,4975,reaching
dmd/gC/11/s1/gC_11_s1_2019-03-04T09;33;18+01;00_rgb_ann_distraction.json,5181,5234,reaching
dmd/gC/11/s1/gC_11_s1_2019-03-04T09;33;18+01;00_rgb_ann_distraction.json,5636,5659,reaching
dmd/gC/11/s1/gC_11_s1_2019-03-04T09;33;18+01;00_rgb_ann_distraction.json,5691,5715,reaching
dmd/gC/11/s1/gC_11_s1_2019-03-04T09;33;18+01;00_rgb_ann_distraction.json,5741,5774,reaching
dmd/gC/11/s1/gC_11_s1_2019-03-04T09;33;18+01;00_rgb_ann_distraction.json,6313,6368,reaching
dmd/gC/11/s1/gC_11_s1_2019-03-04T09;33;18+01;00_rgb_ann_distraction.json,6909,6937,reaching
dmd/gC/11/s1/gC_11_s1_2019-03-04T09;33;18+01;00_rgb_ann_distraction.json,7009,7031,reaching
dmd/gC/11/s1/gC_11_s1_2019-03-04T09;33;18+01;00_rgb_ann_distraction.json,2153,2184,unsafe
dmd/gC/11/s1/gC_11_s1_2019-03-04T09;33;18+01;00_rgb_ann_distraction.json,2304,2338,unsafe
dmd/gC/11/s1/gC_11_s1_2019-03-04T09;33;18+01;00_rgb_ann_distraction.json,2376,2411,unsafe
dmd/gC/11/s1/gC_11_s1_2019-03-04T09;33;18+01;00_rgb_ann_distraction.json,2472,2548,unsafe
dmd/gC/11/s1/gC_11_s1_2019-03-04T09;33;18+01;00_rgb_ann_distraction.json,2580,2618,unsafe
dmd/gC/11/s1/gC_11_s1_2019-03-04T09;33;18+01;00_rgb_ann_distraction.json,2662,2691,unsafe
dmd/gC/11/s1/gC_11_s1_2019-03-04T09;33;18+01;00_rgb_ann_distraction.json,2732,2765,unsafe
dmd/gC/11/s1/gC_11_s1_2019-03-04T09;33;18+01;00_rgb_ann_distraction.json,2793,2822,unsafe
dmd/gC/11/s1/gC_11_s1_2019-03-04T09;33;18+01;00_rgb_ann_distraction.json,5335,5373,unsafe
dmd/gC/11/s1/gC_11_s1_2019-03-04T09;33;18+01;00_rgb_ann_distraction.json,5438,5459,unsafe
dmd/gC/11/s1/gC_11_s1_2019-03-04T09;33;18+01;00_rgb_ann_distraction.json,5613,5635,unsafe
dmd/gC/11/s1/gC_11_s1_2019-03-04T09;33;18+01;00_rgb_ann_distraction.json,5913,6020,unsafe
dmd/gC/11/s2/gC_11_s2_2019-03-04T09;25;33+01;00_rgb_ann_distraction.json,4,467,safe
dmd/gC/11/s2/gC_11_s2_2019-03-04T09;25;33+01;00_rgb_ann_distraction.json,812,1125,safe
dmd/gC/11/s2/gC_11_s2_2019-03-04T09;25;33+01;00_rgb_ann_distraction.json,2023,2288,safe
dmd/gC/11/s2/gC_11_s2_2019-03-04T09;25;33+01;00_rgb_ann_distraction.json,2805,3160,safe
dmd/gC/11/s2/gC_11_s2_2019-03-04T09;25;33+01;00_rgb_ann_distraction.json,4146,4490,safe
dmd/gC/11/s2/gC_11_s2_2019-03-04T09;25;33+01;00_rgb_ann_distraction.json,4951,5109,safe
dmd/gC/11/s2/gC_11_s2_2019-03-04T09;25;33+01;00_rgb_ann_distraction.json,5514,5896,safe
dmd/gC/11/s2/gC_11_s2_2019-03-04T09;25;33+01;00_rgb_ann_distraction.json,7170,7601,safe
dmd/gC/11/s2/gC_11_s2_2019-03-04T09;25;33+01;00_rgb_ann_distraction.json,8064,8454,safe
dmd/gC/11/s2/gC_11_s2_2019-03-04T09;25;33+01;00_rgb_ann_distraction.json,9703,9938,safe
dmd/gC/11/s2/gC_11_s2_2019-03-04T09;25;33+01;00_rgb_ann_distraction.json,10303,10657,safe
dmd/gC/11/s2/gC_11_s2_2019-03-04T09;25;33+01;00_rgb_ann_distraction.json,11139,11497,safe
dmd/gC/11/s2/gC_11_s2_2019-03-04T09;25;33+01;00_rgb_ann_distraction.json,2381,2733,unsafe
dmd/gC/11/s2/gC_11_s2_2019-03-04T09;25;33+01;00_rgb_ann_distraction.json,4566,4864,unsafe
dmd/gC/11/s2/gC_11_s2_2019-03-04T09;25;33+01;00_rgb_ann_distraction.json,1192,1939,unsafe
dmd/gC/11/s2/gC_11_s2_2019-03-04T09;25;33+01;00_rgb_ann_distraction.json,3248,4081,unsafe
dmd/gC/11/s2/gC_11_s2_2019-03-04T09;25;33+01;00_rgb_ann_distraction.json,7683,7984,unsafe
dmd/gC/11/s2/gC_11_s2_2019-03-04T09;25;33+01;00_rgb_ann_distraction.json,8514,8546,unsafe
dmd/gC/11/s2/gC_11_s2_2019-03-04T09;25;33+01;00_rgb_ann_distraction.json,10003,10212,unsafe
dmd/gC/11/s2/gC_11_s2_2019-03-04T09;25;33+01;00_rgb_ann_distraction.json,5980,7075,unsafe
dmd/gC/11/s2/gC_11_s2_2019-03-04T09;25;33+01;00_rgb_ann_distraction.json,8547,9646,unsafe
dmd/gC/11/s2/gC_11_s2_2019-03-04T09;25;33+01;00_rgb_ann_distraction.json,468,518,reaching
dmd/gC/11/s2/gC_11_s2_2019-03-04T09;25;33+01;00_rgb_ann_distraction.json,731,811,reaching
dmd/gC/11/s2/gC_11_s2_2019-03-04T09;25;33+01;00_rgb_ann_distraction.json,1126,1191,reaching
dmd/gC/11/s2/gC_11_s2_2019-03-04T09;25;33+01;00_rgb_ann_distraction.json,1940,2022,reaching
dmd/gC/11/s2/gC_11_s2_2019-03-04T09;25;33+01;00_rgb_ann_distraction.json,2289,2351,reaching
dmd/gC/11/s2/gC_11_s2_2019-03-04T09;25;33+01;00_rgb_ann_distraction.json,2734,2804,reaching
dmd/gC/11/s2/gC_11_s2_2019-03-04T09;25;33+01;00_rgb_ann_distraction.json,3161,3247,reaching
dmd/gC/11/s2/gC_11_s2_2019-03-04T09;25;33+01;00_rgb_ann_distraction.json,4082,4145,reaching
dmd/gC/11/s2/gC_11_s2_2019-03-04T09;25;33+01;00_rgb_ann_distraction.json,4491,4565,reaching
dmd/gC/11/s2/gC_11_s2_2019-03-04T09;25;33+01;00_rgb_ann_distraction.json,4865,4950,reaching
dmd/gC/11/s2/gC_11_s2_2019-03-04T09;25;33+01;00_rgb_ann_distraction.json,5110,5235,reaching
dmd/gC/11/s2/gC_11_s2_2019-03-04T09;25;33+01;00_rgb_ann_distraction.json,5463,5513,reaching
dmd/gC/11/s2/gC_11_s2_2019-03-04T09;25;33+01;00_rgb_ann_distraction.json,5897,5958,reaching
dmd/gC/11/s2/gC_11_s2_2019-03-04T09;25;33+01;00_rgb_ann_distraction.json,7076,7169,reaching
dmd/gC/11/s2/gC_11_s2_2019-03-04T09;25;33+01;00_rgb_ann_distraction.json,7602,7682,reaching
dmd/gC/11/s2/gC_11_s2_2019-03-04T09;25;33+01;00_rgb_ann_distraction.json,7999,8063,reaching
dmd/gC/11/s2/gC_11_s2_2019-03-04T09;25;33+01;00_rgb_ann_distraction.json,8455,8513,reaching
dmd/gC/11/s2/gC_11_s2_2019-03-04T09;25;33+01;00_rgb_ann_distraction.json,9647,9702,reaching
dmd/gC/11/s2/gC_11_s2_2019-03-04T09;25;33+01;00_rgb_ann_distraction.json,9939,10002,reaching
dmd/gC/11/s2/gC_11_s2_2019-03-04T09;25;33+01;00_rgb_ann_distraction.json,10236,10302,reaching
dmd/gC/11/s2/gC_11_s2_2019-03-04T09;25;33+01;00_rgb_ann_distraction.json,10658,10694,reaching
dmd/gC/11/s2/gC_11_s2_2019-03-04T09;25;33+01;00_rgb_ann_distraction.json,11047,11086,reaching
dmd/gE/29/s3/gE_29_s3_2019-03-15T13;54;40+01;00_rgb_ann_distraction.json,3,83,safe
dmd/gE/29/s3/gE_29_s3_2019-03-15T13;54;40+01;00_rgb_ann_distraction.json,123,699,safe
dmd/gE/29/s3/gE_29_s3_2019-03-15T13;54;40+01;00_rgb_ann_distraction.json,913,1233,safe
dmd/gE/29/s3/gE_29_s3_2019-03-15T13;54;40+01;00_rgb_ann_distraction.json,1493,1708,safe
dmd/gE/29/s3/gE_29_s3_2019-03-15T13;54;40+01;00_rgb_ann_distraction.json,853,912,reaching
dmd/gE/29/s3/gE_29_s3_2019-03-15T13;54;40+01;00_rgb_ann_distraction.json,1420,1492,reaching
dmd/gE/29/s3/gE_29_s3_2019-03-15T13;54;40+01;00_rgb_ann_distraction.json,700,852,reaching
dmd/gE/29/s3/gE_29_s3_2019-03-15T13;54;40+01;00_rgb_ann_distraction.json,1234,1419,reaching
dmd/gE/29/s2/gE_29_s2_2019-03-15T13;42;24+01;00_rgb_ann_distraction.json,295,633,safe
dmd/gE/29/s2/gE_29_s2_2019-03-15T13;42;24+01;00_rgb_ann_distraction.json,1282,1531,safe
dmd/gE/29/s2/gE_29_s2_2019-03-15T13;42;24+01;00_rgb_ann_distraction.json,3090,3460,safe
dmd/gE/29/s2/gE_29_s2_2019-03-15T13;42;24+01;00_rgb_ann_distraction.json,4133,4540,safe
dmd/gE/29/s2/gE_29_s2_2019-03-15T13;42;24+01;00_rgb_ann_distraction.json,5914,6403,safe
dmd/gE/29/s2/gE_29_s2_2019-03-15T13;42;24+01;00_rgb_ann_distraction.json,7042,7165,safe
dmd/gE/29/s2/gE_29_s2_2019-03-15T13;42;24+01;00_rgb_ann_distraction.json,7679,7906,safe
dmd/gE/29/s2/gE_29_s2_2019-03-15T13;42;24+01;00_rgb_ann_distraction.json,9275,9514,safe
dmd/gE/29/s2/gE_29_s2_2019-03-15T13;42;24+01;00_rgb_ann_distraction.json,10245,10680,safe
dmd/gE/29/s2/gE_29_s2_2019-03-15T13;42;24+01;00_rgb_ann_distraction.json,12375,12526,safe
dmd/gE/29/s2/gE_29_s2_2019-03-15T13;42;24+01;00_rgb_ann_distraction.json,13312,13351,safe
dmd/gE/29/s2/gE_29_s2_2019-03-15T13;42;24+01;00_rgb_ann_distraction.json,13395,13470,safe
dmd/gE/29/s2/gE_29_s2_2019-03-15T13;42;24+01;00_rgb_ann_distraction.json,13970,14079,safe
dmd/gE/29/s2/gE_29_s2_2019-03-15T13;42;24+01;00_rgb_ann_distraction.json,3539,4067,unsafe
dmd/gE/29/s2/gE_29_s2_2019-03-15T13;42;24+01;00_rgb_ann_distraction.json,6466,6990,unsafe
dmd/gE/29/s2/gE_29_s2_2019-03-15T13;42;24+01;00_rgb_ann_distraction.json,1586,3043,unsafe
dmd/gE/29/s2/gE_29_s2_2019-03-15T13;42;24+01;00_rgb_ann_distraction.json,4598,5850,unsafe
dmd/gE/29/s2/gE_29_s2_2019-03-15T13;42;24+01;00_rgb_ann_distraction.json,9564,10157,unsafe
dmd/gE/29/s2/gE_29_s2_2019-03-15T13;42;24+01;00_rgb_ann_distraction.json,12622,13210,unsafe
dmd/gE/29/s2/gE_29_s2_2019-03-15T13;42;24+01;00_rgb_ann_distraction.json,7943,9216,unsafe
dmd/gE/29/s2/gE_29_s2_2019-03-15T13;42;24+01;00_rgb_ann_distraction.json,10718,12293,unsafe
dmd/gE/29/s2/gE_29_s2_2019-03-15T13;42;24+01;00_rgb_ann_distraction.json,634,739,reaching
dmd/gE/29/s2/gE_29_s2_2019-03-15T13;42;24+01;00_rgb_ann_distraction.json,1149,1281,reaching
dmd/gE/29/s2/gE_29_s2_2019-03-15T13;42;24+01;00_rgb_ann_distraction.json,1532,1585,reaching
dmd/gE/29/s2/gE_29_s2_2019-03-15T13;42;24+01;00_rgb_ann_distraction.json,3044,3089,reaching
dmd/gE/29/s2/gE_29_s2_2019-03-15T13;42;24+01;00_rgb_ann_distraction.json,3461,3538,reaching
dmd/gE/29/s2/gE_29_s2_2019-03-15T13;42;24+01;00_rgb_ann_distraction.json,4068,4132,reaching
dmd/gE/29/s2/gE_29_s2_2019-03-15T13;42;24+01;00_rgb_ann_distraction.json,4541,4597,reaching
dmd/gE/29/s2/gE_29_s2_2019-03-15T13;42;24+01;00_rgb_ann_distraction.json,5851,5913,reaching
dmd/gE/29/s2/gE_29_s2_2019-03-15T13;42;24+01;00_rgb_ann_distraction.json,6404,6465,reaching
dmd/gE/29/s2/gE_29_s2_2019-03-15T13;42;24+01;00_rgb_ann_distraction.json,6991,7041,reaching
dmd/gE/29/s2/gE_29_s2_2019-03-15T13;42;24+01;00_rgb_ann_distraction.json,7166,7278,reaching
dmd/gE/29/s2/gE_29_s2_2019-03-15T13;42;24+01;00_rgb_ann_distraction.json,7552,7678,reaching
dmd/gE/29/s2/gE_29_s2_2019-03-15T13;42;24+01;00_rgb_ann_distraction.json,7907,7942,reaching
dmd/gE/29/s2/gE_29_s2_2019-03-15T13;42;24+01;00_rgb_ann_distraction.json,9217,9274,reaching
dmd/gE/29/s2/gE_29_s2_2019-03-15T13;42;24+01;00_rgb_ann_distraction.json,9515,9547,reaching
dmd/gE/29/s2/gE_29_s2_2019-03-15T13;42;24+01;00_rgb_ann_distraction.json,10158,10244,reaching
dmd/gE/29/s2/gE_29_s2_2019-03-15T13;42;24+01;00_rgb_ann_distraction.json,10681,10717,reaching
dmd/gE/29/s2/gE_29_s2_2019-03-15T13;42;24+01;00_rgb_ann_distraction.json,12294,12374,reaching
dmd/gE/29/s2/gE_29_s2_2019-03-15T13;42;24+01;00_rgb_ann_distraction.json,12527,12572,reaching
dmd/gE/29/s2/gE_29_s2_2019-03-15T13;42;24+01;00_rgb_ann_distraction.json,13250,13311,reaching
dmd/gE/29/s2/gE_29_s2_2019-03-15T13;42;24+01;00_rgb_ann_distraction.json,13471,13591,reaching
dmd/gE/29/s2/gE_29_s2_2019-03-15T13;42;24+01;00_rgb_ann_distraction.json,13849,13969,reaching
dmd/gE/29/s1/gE_29_s1_2019-03-15T13;58;00+01;00_rgb_ann_distraction.json,3,210,safe
dmd/gE/29/s1/gE_29_s1_2019-03-15T13;58;00+01;00_rgb_ann_distraction.json,228,412,safe
dmd/gE/29/s1/gE_29_s1_2019-03-15T13;58;00+01;00_rgb_ann_distraction.json,438,468,safe
dmd/gE/29/s1/gE_29_s1_2019-03-15T13;58;00+01;00_rgb_ann_distraction.json,549,1026,safe
dmd/gE/29/s1/gE_29_s1_2019-03-15T13;58;00+01;00_rgb_ann_distraction.json,1259,1298,safe
dmd/gE/29/s1/gE_29_s1_2019-03-15T13;58;00+01;00_rgb_ann_distraction.json,1322,1421,safe
dmd/gE/29/s1/gE_29_s1_2019-03-15T13;58;00+01;00_rgb_ann_distraction.json,1447,1894,safe
dmd/gE/29/s1/gE_29_s1_2019-03-15T13;58;00+01;00_rgb_ann_distraction.json,2307,2623,safe
dmd/gE/29/s1/gE_29_s1_2019-03-15T13;58;00+01;00_rgb_ann_distraction.json,2714,2746,safe
dmd/gE/29/s1/gE_29_s1_2019-03-15T13;58;00+01;00_rgb_ann_distraction.json,2806,2818,safe
dmd/gE/29/s1/gE_29_s1_2019-03-15T13;58;00+01;00_rgb_ann_distraction.json,2859,2886,safe
dmd/gE/29/s1/gE_29_s1_2019-03-15T13;58;00+01;00_rgb_ann_distraction.json,2915,2952,safe
dmd/gE/29/s1/gE_29_s1_2019-03-15T13;58;00+01;00_rgb_ann_distraction.json,2990,3411,safe
dmd/gE/29/s1/gE_29_s1_2019-03-15T13;58;00+01;00_rgb_ann_distraction.json,3903,4048,safe
dmd/gE/29/s1/gE_29_s1_2019-03-15T13;58;00+01;00_rgb_ann_distraction.json,4126,4181,safe
dmd/gE/29/s1/gE_29_s1_2019-03-15T13;58;00+01;00_rgb_ann_distraction.json,4434,4692,safe
dmd/gE/29/s1/gE_29_s1_2019-03-15T13;58;00+01;00_rgb_ann_distraction.json,4966,5096,safe
dmd/gE/29/s1/gE_29_s1_2019-03-15T13;58;00+01;00_rgb_ann_distraction.json,5185,5356,safe
dmd/gE/29/s1/gE_29_s1_2019-03-15T13;58;00+01;00_rgb_ann_distraction.json,5399,5420,safe
dmd/gE/29/s1/gE_29_s1_2019-03-15T13;58;00+01;00_rgb_ann_distraction.json,5489,5532,safe
dmd/gE/29/s1/gE_29_s1_2019-03-15T13;58;00+01;00_rgb_ann_distraction.json,5562,5606,safe
dmd/gE/29/s1/gE_29_s1_2019-03-15T13;58;00+01;00_rgb_ann_distraction.json,5642,5688,safe
dmd/gE/29/s1/gE_29_s1_2019-03-15T13;58;00+01;00_rgb_ann_distraction.json,5728,5778,safe
dmd/gE/29/s1/gE_29_s1_2019-03-15T13;58;00+01;00_rgb_ann_distraction.json,5813,5836,safe
dmd/gE/29/s1/gE_29_s1_2019-03-15T13;58;00+01;00_rgb_ann_distraction.json,5913,5967,safe
dmd/gE/29/s1/gE_29_s1_2019-03-15T13;58;00+01;00_rgb_ann_distraction.json,6072,6096,safe
dmd/gE/29/s1/gE_29_s1_2019-03-15T13;58;00+01;00_rgb_ann_distraction.json,6125,6149,safe
dmd/gE/29/s1/gE_29_s1_2019-03-15T13;58;00+01;00_rgb_ann_distraction.json,6220,6237,safe
dmd/gE/29/s1/gE_29_s1_2019-03-15T13;58;00+01;00_rgb_ann_distraction.json,6268,6290,safe
dmd/gE/29/s1/gE_29_s1_2019-03-15T13;58;00+01;00_rgb_ann_distraction.json,6323,6339,safe
dmd/gE/29/s1/gE_29_s1_2019-03-15T13;58;00+01;00_rgb_ann_distraction.json,6414,6440,safe
dmd/gE/29/s1/gE_29_s1_2019-03-15T13;58;00+01;00_rgb_ann_distraction.json,6469,6497,safe
dmd/gE/29/s1/gE_29_s1_2019-03-15T13;58;00+01;00_rgb_ann_distraction.json,6533,6617,safe
dmd/gE/29/s1/gE_29_s1_2019-03-15T13;58;00+01;00_rgb_ann_distraction.json,6647,6699,safe
dmd/gE/29/s1/gE_29_s1_2019-03-15T13;58;00+01;00_rgb_ann_distraction.json,7078,7186,safe
dmd/gE/29/s1/gE_29_s1_2019-03-15T13;58;00+01;00_rgb_ann_distraction.json,413,437,unsafe
dmd/gE/29/s1/gE_29_s1_2019-03-15T13;58;00+01;00_rgb_ann_distraction.json,469,548,unsafe
dmd/gE/29/s1/gE_29_s1_2019-03-15T13;58;00+01;00_rgb_ann_distraction.json,1027,1258,unsafe
dmd/gE/29/s1/gE_29_s1_2019-03-15T13;58;00+01;00_rgb_ann_distraction.json,1299,1321,unsafe
dmd/gE/29/s1/gE_29_s1_2019-03-15T13;58;00+01;00_rgb_ann_distraction.json,1422,1446,unsafe
dmd/gE/29/s1/gE_29_s1_2019-03-15T13;58;00+01;00_rgb_ann_distraction.json,4049,4125,unsafe
dmd/gE/29/s1/gE_29_s1_2019-03-15T13;58;00+01;00_rgb_ann_distraction.json,4182,4433,unsafe
dmd/gE/29/s1/gE_29_s1_2019-03-15T13;58;00+01;00_rgb_ann_distraction.json,1895,1945,reaching
dmd/gE/29/s1/gE_29_s1_2019-03-15T13;58;00+01;00_rgb_ann_distraction.json,2204,2306,reaching
dmd/gE/29/s1/gE_29_s1_2019-03-15T13;58;00+01;00_rgb_ann_distraction.json,3412,3491,reaching
dmd/gE/29/s1/gE_29_s1_2019-03-15T13;58;00+01;00_rgb_ann_distraction.json,3807,3902,reaching
dmd/gE/29/s1/gE_29_s1_2019-03-15T13;58;00+01;00_rgb_ann_distraction.json,4693,4746,reaching
dmd/gE/29/s1/gE_29_s1_2019-03-15T13;58;00+01;00_rgb_ann_distraction.json,5097,5184,reaching
dmd/gE/29/s1/gE_29_s1_2019-03-15T13;58;00+01;00_rgb_ann_distraction.json,6700,6740,reaching
dmd/gE/29/s1/gE_29_s1_2019-03-15T13;58;00+01;00_rgb_ann_distraction.json,7020,7077,reaching
dmd/gE/29/s1/gE_29_s1_2019-03-15T13;58;00+01;00_rgb_ann_distraction.json,2624,2713,unsafe
dmd/gE/29/s1/gE_29_s1_2019-03-15T13;58;00+01;00_rgb_ann_distraction.json,2747,2805,unsafe
dmd/gE/29/s1/gE_29_s1_2019-03-15T13;58;00+01;00_rgb_ann_distraction.json,2819,2858,unsafe
dmd/gE/29/s1/gE_29_s1_2019-03-15T13;58;00+01;00_rgb_ann_distraction.json,2887,2914,unsafe
dmd/gE/29/s1/gE_29_s1_2019-03-15T13;58;00+01;00_rgb_ann_distraction.json,2953,2989,unsafe
dmd/gE/29/s1/gE_29_s1_2019-03-15T13;58;00+01;00_rgb_ann_distraction.json,5357,5398,unsafe
dmd/gE/29/s1/gE_29_s1_2019-03-15T13;58;00+01;00_rgb_ann_distraction.json,5421,5488,unsafe
dmd/gE/29/s1/gE_29_s1_2019-03-15T13;58;00+01;00_rgb_ann_distraction.json,5533,5561,unsafe
dmd/gE/29/s1/gE_29_s1_2019-03-15T13;58;00+01;00_rgb_ann_distraction.json,5607,5641,unsafe
dmd/gE/29/s1/gE_29_s1_2019-03-15T13;58;00+01;00_rgb_ann_distraction.json,5689,5727,unsafe
dmd/gE/29/s1/gE_29_s1_2019-03-15T13;58;00+01;00_rgb_ann_distraction.json,5779,5812,unsafe
dmd/gE/29/s1/gE_29_s1_2019-03-15T13;58;00+01;00_rgb_ann_distraction.json,5837,5912,unsafe
dmd/gE/29/s1/gE_29_s1_2019-03-15T13;58;00+01;00_rgb_ann_distraction.json,5968,6071,unsafe
dmd/gE/29/s1/gE_29_s1_2019-03-15T13;58;00+01;00_rgb_ann_distraction.json,6097,6124,unsafe
dmd/gE/29/s1/gE_29_s1_2019-03-15T13;58;00+01;00_rgb_ann_distraction.json,6150,6219,unsafe
dmd/gE/29/s1/gE_29_s1_2019-03-15T13;58;00+01;00_rgb_ann_distraction.json,6238,6267,unsafe
dmd/gE/29/s1/gE_29_s1_2019-03-15T13;58;00+01;00_rgb_ann_distraction.json,6291,6322,unsafe
dmd/gE/29/s1/gE_29_s1_2019-03-15T13;58;00+01;00_rgb_ann_distraction.json,6340,6413,unsafe
dmd/gE/29/s1/gE_29_s1_2019-03-15T13;58;00+01;00_rgb_ann_distraction.json,6441,6468,unsafe
dmd/gE/29/s1/gE_29_s1_2019-03-15T13;58;00+01;00_rgb_ann_distraction.json,6498,6532,unsafe
dmd/gE/30/s1/gE_30_s1_2019-03-15T10;58;06+01;00_rgb_ann_distraction.json,3,84,safe
dmd/gE/30/s1/gE_30_s1_2019-03-15T10;58;06+01;00_rgb_ann_distraction.json,106,514,safe
dmd/gE/30/s1/gE_30_s1_2019-03-15T10;58;06+01;00_rgb_ann_distraction.json,963,1564,safe
dmd/gE/30/s1/gE_30_s1_2019-03-15T10;58;06+01;00_rgb_ann_distraction.json,1880,2011,safe
dmd/gE/30/s1/gE_30_s1_2019-03-15T10;58;06+01;00_rgb_ann_distraction.json,2115,2141,safe
dmd/gE/30/s1/gE_30_s1_2019-03-15T10;58;06+01;00_rgb_ann_distraction.json,2174,2200,safe
dmd/gE/30/s1/gE_30_s1_2019-03-15T10;58;06+01;00_rgb_ann_distraction.json,2287,2317,safe
dmd/gE/30/s1/gE_30_s1_2019-03-15T10;58;06+01;00_rgb_ann_distraction.json,2350,2392,safe
dmd/gE/30/s1/gE_30_s1_2019-03-15T10;58;06+01;00_rgb_ann_distraction.json,2434,2504,safe
dmd/gE/30/s1/gE_30_s1_2019-03-15T10;58;06+01;00_rgb_ann_distraction.json,2528,2604,safe
dmd/gE/30/s1/gE_30_s1_2019-03-15T10;58;06+01;00_rgb_ann_distraction.json,2629,2833,safe
dmd/gE/30/s1/gE_30_s1_2019-03-15T10;58;06+01;00_rgb_ann_distraction.json,2870,2949,safe
dmd/gE/30/s1/gE_30_s1_2019-03-15T10;58;06+01;00_rgb_ann_distraction.json,2974,3015,safe
dmd/gE/30/s1/gE_30_s1_2019-03-15T10;58;06+01;00_rgb_ann_distraction.json,3044,3088,safe
dmd/gE/30/s1/gE_30_s1_2019-03-15T10;58;06+01;00_rgb_ann_distraction.json,3122,3419,safe
dmd/gE/30/s1/gE_30_s1_2019-03-15T10;58;06+01;00_rgb_ann_distraction.json,3820,4095,safe
dmd/gE/30/s1/gE_30_s1_2019-03-15T10;58;06+01;00_rgb_ann_distraction.json,4548,4900,safe
dmd/gE/30/s1/gE_30_s1_2019-03-15T10;58;06+01;00_rgb_ann_distraction.json,5176,5389,safe
dmd/gE/30/s1/gE_30_s1_2019-03-15T10;58;06+01;00_rgb_ann_distraction.json,5463,5484,safe
dmd/gE/30/s1/gE_30_s1_2019-03-15T10;58;06+01;00_rgb_ann_distraction.json,5515,5548,safe
dmd/gE/30/s1/gE_30_s1_2019-03-15T10;58;06+01;00_rgb_ann_distraction.json,5576,5630,safe
dmd/gE/30/s1/gE_30_s1_2019-03-15T10;58;06+01;00_rgb_ann_distraction.json,5668,5742,safe
dmd/gE/30/s1/gE_30_s1_2019-03-15T10;58;06+01;00_rgb_ann_distraction.json,5773,5801,safe
dmd/gE/30/s1/gE_30_s1_2019-03-15T10;58;06+01;00_rgb_ann_distraction.json,5843,5869,safe
dmd/gE/30/s1/gE_30_s1_2019-03-15T10;58;06+01;00_rgb_ann_distraction.json,5909,6236,safe
dmd/gE/30/s1/gE_30_s1_2019-03-15T10;58;06+01;00_rgb_ann_distraction.json,6533,6686,safe
dmd/gE/30/s1/gE_30_s1_2019-03-15T10;58;06+01;00_rgb_ann_distraction.json,6725,7211,safe
dmd/gE/30/s1/gE_30_s1_2019-03-15T10;58;06+01;00_rgb_ann_distraction.json,515,962,unsafe
dmd/gE/30/s1/gE_30_s1_2019-03-15T10;58;06+01;00_rgb_ann_distraction.json,4096,4547,unsafe
dmd/gE/30/s1/gE_30_s1_2019-03-15T10;58;06+01;00_rgb_ann_distraction.json,1565,1640,reaching
dmd/gE/30/s1/gE_30_s1_2019-03-15T10;58;06+01;00_rgb_ann_distraction.json,1829,1879,reaching
dmd/gE/30/s1/gE_30_s1_2019-03-15T10;58;06+01;00_rgb_ann_distraction.json,3420,3521,reaching
dmd/gE/30/s1/gE_30_s1_2019-03-15T10;58;06+01;00_rgb_ann_distraction.json,3758,3819,reaching
dmd/gE/30/s1/gE_30_s1_2019-03-15T10;58;06+01;00_rgb_ann_distraction.json,4901,4957,reaching
dmd/gE/30/s1/gE_30_s1_2019-03-15T10;58;06+01;00_rgb_ann_distraction.json,5129,5175,reaching
dmd/gE/30/s1/gE_30_s1_2019-03-15T10;58;06+01;00_rgb_ann_distraction.json,6237,6330,reaching
dmd/gE/30/s1/gE_30_s1_2019-03-15T10;58;06+01;00_rgb_ann_distraction.json,6470,6532,reaching
dmd/gE/30/s1/gE_30_s1_2019-03-15T10;58;06+01;00_rgb_ann_distraction.json,2012,2114,unsafe
dmd/gE/30/s1/gE_30_s1_2019-03-15T10;58;06+01;00_rgb_ann_distraction.json,2142,2173,unsafe
dmd/gE/30/s1/gE_30_s1_2019-03-15T10;58;06+01;00_rgb_ann_distraction.json,2201,2286,unsafe
dmd/gE/30/s1/gE_30_s1_2019-03-15T10;58;06+01;00_rgb_ann_distraction.json,2318,2349,unsafe
dmd/gE/30/s1/gE_30_s1_2019-03-15T10;58;06+01;00_rgb_ann_distraction.json,2393,2433,unsafe
dmd/gE/30/s1/gE_30_s1_2019-03-15T10;58;06+01;00_rgb_ann_distraction.json,2505,2527,unsafe
dmd/gE/30/s1/gE_30_s1_2019-03-15T10;58;06+01;00_rgb_ann_distraction.json,2605,2628,unsafe
dmd/gE/30/s1/gE_30_s1_2019-03-15T10;58;06+01;00_rgb_ann_distraction.json,2834,2869,unsafe
dmd/gE/30/s1/gE_30_s1_2019-03-15T10;58;06+01;00_rgb_ann_distraction.json,2950,2973,unsafe
dmd/gE/30/s1/gE_30_s1_2019-03-15T10;58;06+01;00_rgb_ann_distraction.json,3016,3043,unsafe
dmd/gE/30/s1/gE_30_s1_2019-03-15T10;58;06+01;00_rgb_ann_distraction.json,3089,3121,unsafe
dmd/gE/30/s1/gE_30_s1_2019-03-15T10;58;06+01;00_rgb_ann_distraction.json,5390,5462,unsafe
dmd/gE/30/s1/gE_30_s1_2019-03-15T10;58;06+01;00_rgb_ann_distraction.json,5485,5514,unsafe
dmd/gE/30/s1/gE_30_s1_2019-03-15T10;58;06+01;00_rgb_ann_distraction.json,5549,5575,unsafe
dmd/gE/30/s1/gE_30_s1_2019-03-15T10;58;06+01;00_rgb_ann_distraction.json,5631,5667,unsafe
dmd/gE/30/s1/gE_30_s1_2019-03-15T10;58;06+01;00_rgb_ann_distraction.json,5743,5772,unsafe
dmd/gE/30/s1/gE_30_s1_2019-03-15T10;58;06+01;00_rgb_ann_distraction.json,5802,5842,unsafe
dmd/gE/30/s1/gE_30_s1_2019-03-15T10;58;06+01;00_rgb_ann_distraction.json,5870,5908,unsafe
dmd/gE/30/s2/gE_30_s2_2019-03-15T10;43;40+01;00_rgb_ann_distraction.json,144,609,safe
dmd/gE/30/s2/gE_30_s2_2019-03-15T10;43;40+01;00_rgb_ann_distraction.json,1331,1683,safe
dmd/gE/30/s2/gE_30_s2_2019-03-15T10;43;40+01;00_rgb_ann_distraction.json,3033,3392,safe
dmd/gE/30/s2/gE_30_s2_2019-03-15T10;43;40+01;00_rgb_ann_distraction.json,4077,4565,safe
dmd/gE/30/s2/gE_30_s2_2019-03-15T10;43;40+01;00_rgb_ann_distraction.json,5685,6113,safe
dmd/gE/30/s2/gE_30_s2_2019-03-15T10;43;40+01;00_rgb_ann_distraction.json,6784,7015,safe
dmd/gE/30/s2/gE_30_s2_2019-03-15T10;43;40+01;00_rgb_ann_distraction.json,7619,7828,safe
dmd/gE/30/s2/gE_30_s2_2019-03-15T10;43;40+01;00_rgb_ann_distraction.json,8941,9305,safe
dmd/gE/30/s2/gE_30_s2_2019-03-15T10;43;40+01;00_rgb_ann_distraction.json,9972,10356,safe
dmd/gE/30/s2/gE_30_s2_2019-03-15T10;43;40+01;00_rgb_ann_distraction.json,11654,11883,safe
dmd/gE/30/s2/gE_30_s2_2019-03-15T10;43;40+01;00_rgb_ann_distraction.json,12497,12668,safe
dmd/gE/30/s2/gE_30_s2_2019-03-15T10;43;40+01;00_rgb_ann_distraction.json,13249,13402,safe
dmd/gE/30/s2/gE_30_s2_2019-03-15T10;43;40+01;00_rgb_ann_distraction.json,1743,1762,unsafe
dmd/gE/30/s2/gE_30_s2_2019-03-15T10;43;40+01;00_rgb_ann_distraction.json,3518,4015,unsafe
dmd/gE/30/s2/gE_30_s2_2019-03-15T10;43;40+01;00_rgb_ann_distraction.json,6211,6706,unsafe
dmd/gE/30/s2/gE_30_s2_2019-03-15T10;43;40+01;00_rgb_ann_distraction.json,1763,2922,unsafe
dmd/gE/30/s2/gE_30_s2_2019-03-15T10;43;40+01;00_rgb_ann_distraction.json,4615,5632,unsafe
dmd/gE/30/s2/gE_30_s2_2019-03-15T10;43;40+01;00_rgb_ann_distraction.json,9381,9946,unsafe
dmd/gE/30/s2/gE_30_s2_2019-03-15T10;43;40+01;00_rgb_ann_distraction.json,10422,10434,unsafe
dmd/gE/30/s2/gE_30_s2_2019-03-15T10;43;40+01;00_rgb_ann_distraction.json,11969,12456,unsafe
dmd/gE/30/s2/gE_30_s2_2019-03-15T10;43;40+01;00_rgb_ann_distraction.json,7897,8891,unsafe
dmd/gE/30/s2/gE_30_s2_2019-03-15T10;43;40+01;00_rgb_ann_distraction.json,10435,11608,unsafe
dmd/gE/30/s2/gE_30_s2_2019-03-15T10;43;40+01;00_rgb_ann_distraction.json,610,837,reaching
dmd/gE/30/s2/gE_30_s2_2019-03-15T10;43;40+01;00_rgb_ann_distraction.json,1221,1330,reaching
dmd/gE/30/s2/gE_30_s2_2019-03-15T10;43;40+01;00_rgb_ann_distraction.json,1684,1742,reaching
dmd/gE/30/s2/gE_30_s2_2019-03-15T10;43;40+01;00_rgb_ann_distraction.json,2923,3032,reaching
dmd/gE/30/s2/gE_30_s2_2019-03-15T10;43;40+01;00_rgb_ann_distraction.json,3393,3455,reaching
dmd/gE/30/s2/gE_30_s2_2019-03-15T10;43;40+01;00_rgb_ann_distraction.json,4016,4076,reaching
dmd/gE/30/s2/gE_30_s2_2019-03-15T10;43;40+01;00_rgb_ann_distraction.json,4566,4614,reaching
dmd/gE/30/s2/gE_30_s2_2019-03-15T10;43;40+01;00_rgb_ann_distraction.json,5633,5684,reaching
dmd/gE/30/s2/gE_30_s2_2019-03-15T10;43;40+01;00_rgb_ann_distraction.json,6114,6164,reaching
dmd/gE/30/s2/gE_30_s2_2019-03-15T10;43;40+01;00_rgb_ann_distraction.json,6707,6783,reaching
dmd/gE/30/s2/gE_30_s2_2019-03-15T10;43;40+01;00_rgb_ann_distraction.json,7016,7143,reaching
dmd/gE/30/s2/gE_30_s2_2019-03-15T10;43;40+01;00_rgb_ann_distraction.json,7490,7618,reaching
dmd/gE/30/s2/gE_30_s2_2019-03-15T10;43;40+01;00_rgb_ann_distraction.json,7829,7896,reaching
dmd/gE/30/s2/gE_30_s2_2019-03-15T10;43;40+01;00_rgb_ann_distraction.json,8892,8940,reaching
dmd/gE/30/s2/gE_30_s2_2019-03-15T10;43;40+01;00_rgb_ann_distraction.json,9306,9380,reaching
dmd/gE/30/s2/gE_30_s2_2019-03-15T10;43;40+01;00_rgb_ann_distraction.json,9947,9971,reaching
dmd/gE/30/s2/gE_30_s2_2019-03-15T10;43;40+01;00_rgb_ann_distraction.json,10357,10421,reaching
dmd/gE/30/s2/gE_30_s2_2019-03-15T10;43;40+01;00_rgb_ann_distraction.json,11609,11653,reaching
dmd/gE/30/s2/gE_30_s2_2019-03-15T10;43;40+01;00_rgb_ann_distraction.json,11884,11968,reaching
dmd/gE/30/s2/gE_30_s2_2019-03-15T10;43;40+01;00_rgb_ann_distraction.json,12457,12496,reaching
dmd/gE/30/s2/gE_30_s2_2019-03-15T10;43;40+01;00_rgb_ann_distraction.json,12669,12801,reaching
dmd/gE/30/s2/gE_30_s2_2019-03-15T10;43;40+01;00_rgb_ann_distraction.json,13096,13248,reaching
dmd/gE/30/s3/gE_30_s3_2019-03-15T10;56;02+01;00_rgb_ann_distraction.json,163,716,safe
dmd/gE/30/s3/gE_30_s3_2019-03-15T10;56;02+01;00_rgb_ann_distraction.json,944,980,safe
dmd/gE/30/s3/gE_30_s3_2019-03-15T10;56;02+01;00_rgb_ann_distraction.json,1019,1272,safe
dmd/gE/30/s3/gE_30_s3_2019-03-15T10;56;02+01;00_rgb_ann_distraction.json,1499,1578,safe
dmd/gE/30/s3/gE_30_s3_2019-03-15T10;56;02+01;00_rgb_ann_distraction.json,1616,1864,safe
dmd/gE/30/s3/gE_30_s3_2019-03-15T10;56;02+01;00_rgb_ann_distraction.json,981,1018,reaching
dmd/gE/30/s3/gE_30_s3_2019-03-15T10;56;02+01;00_rgb_ann_distraction.json,1579,1615,reaching
dmd/gE/30/s3/gE_30_s3_2019-03-15T10;56;02+01;00_rgb_ann_distraction.json,717,943,reaching
dmd/gE/30/s3/gE_30_s3_2019-03-15T10;56;02+01;00_rgb_ann_distraction.json,1273,1498,reaching
dmd/gE/26/s1/gE_26_s1_2019-03-15T09;25;24+01;00_rgb_ann_distraction.json,1,68,safe
dmd/gE/26/s1/gE_26_s1_2019-03-15T09;25;24+01;00_rgb_ann_distraction.json,86,385,safe
dmd/gE/26/s1/gE_26_s1_2019-03-15T09;25;24+01;00_rgb_ann_distraction.json,680,1038,safe
dmd/gE/26/s1/gE_26_s1_2019-03-15T09;25;24+01;00_rgb_ann_distraction.json,1473,1654,safe
dmd/gE/26/s1/gE_26_s1_2019-03-15T09;25;24+01;00_rgb_ann_distraction.json,1686,1715,safe
dmd/gE/26/s1/gE_26_s1_2019-03-15T09;25;24+01;00_rgb_ann_distraction.json,1756,1793,safe
dmd/gE/26/s1/gE_26_s1_2019-03-15T09;25;24+01;00_rgb_ann_distraction.json,1835,1866,safe
dmd/gE/26/s1/gE_26_s1_2019-03-15T09;25;24+01;00_rgb_ann_distraction.json,1887,1909,safe
dmd/gE/26/s1/gE_26_s1_2019-03-15T09;25;24+01;00_rgb_ann_distraction.json,1932,1974,safe
dmd/gE/26/s1/gE_26_s1_2019-03-15T09;25;24+01;00_rgb_ann_distraction.json,1992,2067,safe
dmd/gE/26/s1/gE_26_s1_2019-03-15T09;25;24+01;00_rgb_ann_distraction.json,2085,2199,safe
dmd/gE/26/s1/gE_26_s1_2019-03-15T09;25;24+01;00_rgb_ann_distraction.json,2215,2295,safe
dmd/gE/26/s1/gE_26_s1_2019-03-15T09;25;24+01;00_rgb_ann_distraction.json,2321,2385,safe
dmd/gE/26/s1/gE_26_s1_2019-03-15T09;25;24+01;00_rgb_ann_distraction.json,2404,2672,safe
dmd/gE/26/s1/gE_26_s1_2019-03-15T09;25;24+01;00_rgb_ann_distraction.json,3167,3368,safe
dmd/gE/26/s1/gE_26_s1_2019-03-15T09;25;24+01;00_rgb_ann_distraction.json,3845,4041,safe
dmd/gE/26/s1/gE_26_s1_2019-03-15T09;25;24+01;00_rgb_ann_distraction.json,4329,4669,safe
dmd/gE/26/s1/gE_26_s1_2019-03-15T09;25;24+01;00_rgb_ann_distraction.json,4690,4707,safe
dmd/gE/26/s1/gE_26_s1_2019-03-15T09;25;24+01;00_rgb_ann_distraction.json,4737,4774,safe
dmd/gE/26/s1/gE_26_s1_2019-03-15T09;25;24+01;00_rgb_ann_distraction.json,4796,4810,safe
dmd/gE/26/s1/gE_26_s1_2019-03-15T09;25;24+01;00_rgb_ann_distraction.json,4829,4860,safe
dmd/gE/26/s1/gE_26_s1_2019-03-15T09;25;24+01;00_rgb_ann_distraction.json,4890,5089,safe
dmd/gE/26/s1/gE_26_s1_2019-03-15T09;25;24+01;00_rgb_ann_distraction.json,5111,5146,safe
dmd/gE/26/s1/gE_26_s1_2019-03-15T09;25;24+01;00_rgb_ann_distraction.json,5168,5198,safe
dmd/gE/26/s1/gE_26_s1_2019-03-15T09;25;24+01;00_rgb_ann_distraction.json,5228,5262,safe
dmd/gE/26/s1/gE_26_s1_2019-03-15T09;25;24+01;00_rgb_ann_distraction.json,5280,5299,safe
dmd/gE/26/s1/gE_26_s1_2019-03-15T09;25;24+01;00_rgb_ann_distraction.json,5316,5326,safe
dmd/gE/26/s1/gE_26_s1_2019-03-15T09;25;24+01;00_rgb_ann_distraction.json,5364,5504,safe
dmd/gE/26/s1/gE_26_s1_2019-03-15T09;25;24+01;00_rgb_ann_distraction.json,5524,5765,safe
dmd/gE/26/s1/gE_26_s1_2019-03-15T09;25;24+01;00_rgb_ann_distraction.json,5794,5840,safe
dmd/gE/26/s1/gE_26_s1_2019-03-15T09;25;24+01;00_rgb_ann_distraction.json,5865,5931,safe
dmd/gE/26/s1/gE_26_s1_2019-03-15T09;25;24+01;00_rgb_ann_distraction.json,5953,6020,safe
dmd/gE/26/s1/gE_26_s1_2019-03-15T09;25;24+01;00_rgb_ann_distraction.json,6040,6408,safe
dmd/gE/26/s1/gE_26_s1_2019-03-15T09;25;24+01;00_rgb_ann_distraction.json,6431,6473,safe
dmd/gE/26/s1/gE_26_s1_2019-03-15T09;25;24+01;00_rgb_ann_distraction.json,6503,6704,safe
dmd/gE/26/s1/gE_26_s1_2019-03-15T09;25;24+01;00_rgb_ann_distraction.json,6985,7056,safe
dmd/gE/26/s1/gE_26_s1_2019-03-15T09;25;24+01;00_rgb_ann_distraction.json,386,679,unsafe
dmd/gE/26/s1/gE_26_s1_2019-03-15T09;25;24+01;00_rgb_ann_distraction.json,1413,1472,unsafe
dmd/gE/26/s1/gE_26_s1_2019-03-15T09;25;24+01;00_rgb_ann_distraction.json,2673,3166,unsafe
dmd/gE/26/s1/gE_26_s1_2019-03-15T09;25;24+01;00_rgb_ann_distraction.json,1039,1097,reaching
dmd/gE/26/s1/gE_26_s1_2019-03-15T09;25;24+01;00_rgb_ann_distraction.json,1370,1412,reaching
dmd/gE/26/s1/gE_26_s1_2019-03-15T09;25;24+01;00_rgb_ann_distraction.json,3369,3422,reaching
dmd/gE/26/s1/gE_26_s1_2019-03-15T09;25;24+01;00_rgb_ann_distraction.json,3753,3844,reaching
dmd/gE/26/s1/gE_26_s1_2019-03-15T09;25;24+01;00_rgb_ann_distraction.json,4042,4105,reaching
dmd/gE/26/s1/gE_26_s1_2019-03-15T09;25;24+01;00_rgb_ann_distraction.json,4274,4328,reaching
dmd/gE/26/s1/gE_26_s1_2019-03-15T09;25;24+01;00_rgb_ann_distraction.json,6705,6744,reaching
dmd/gE/26/s1/gE_26_s1_2019-03-15T09;25;24+01;00_rgb_ann_distraction.json,6940,6984,reaching
dmd/gE/26/s1/gE_26_s1_2019-03-15T09;25;24+01;00_rgb_ann_distraction.json,1655,1685,unsafe
dmd/gE/26/s1/gE_26_s1_2019-03-15T09;25;24+01;00_rgb_ann_distraction.json,1716,1755,unsafe
dmd/gE/26/s1/gE_26_s1_2019-03-15T09;25;24+01;00_rgb_ann_distraction.json,1794,1834,unsafe
dmd/gE/26/s1/gE_26_s1_2019-03-15T09;25;24+01;00_rgb_ann_distraction.json,1867,1886,unsafe
dmd/gE/26/s1/gE_26_s1_2019-03-15T09;25;24+01;00_rgb_ann_distraction.json,1910,1931,unsafe
dmd/gE/26/s1/gE_26_s1_2019-03-15T09;25;24+01;00_rgb_ann_distraction.json,1975,1991,unsafe
dmd/gE/26/s1/gE_26_s1_2019-03-15T09;25;24+01;00_rgb_ann_distraction.json,2068,2084,unsafe
dmd/gE/26/s1/gE_26_s1_2019-03-15T09;25;24+01;00_rgb_ann_distraction.json,2200,2214,unsafe
dmd/gE/26/s1/gE_26_s1_2019-03-15T09;25;24+01;00_rgb_ann_distraction.json,2296,2320,unsafe
dmd/gE/26/s1/gE_26_s1_2019-03-15T09;25;24+01;00_rgb_ann_distraction.json,2386,2403,unsafe
dmd/gE/26/s1/gE_26_s1_2019-03-15T09;25;24+01;00_rgb_ann_distraction.json,4670,4689,unsafe
dmd/gE/26/s1/gE_26_s1_2019-03-15T09;25;24+01;00_rgb_ann_distraction.json,4708,4736,unsafe
dmd/gE/26/s1/gE_26_s1_2019-03-15T09;25;24+01;00_rgb_ann_distraction.json,4775,4795,unsafe
dmd/gE/26/s1/gE_26_s1_2019-03-15T09;25;24+01;00_rgb_ann_distraction.json,4811,4828,unsafe
dmd/gE/26/s1/gE_26_s1_2019-03-15T09;25;24+01;00_rgb_ann_distraction.json,4861,4889,unsafe
dmd/gE/26/s1/gE_26_s1_2019-03-15T09;25;24+01;00_rgb_ann_distraction.json,5090,5110,unsafe
dmd/gE/26/s1/gE_26_s1_2019-03-15T09;25;24+01;00_rgb_ann_distraction.json,5147,5167,unsafe
dmd/gE/26/s1/gE_26_s1_2019-03-15T09;25;24+01;00_rgb_ann_distraction.json,5199,5227,unsafe
dmd/gE/26/s1/gE_26_s1_2019-03-15T09;25;24+01;00_rgb_ann_distraction.json,5263,5279,unsafe
dmd/gE/26/s1/gE_26_s1_2019-03-15T09;25;24+01;00_rgb_ann_distraction.json,5300,5315,unsafe
dmd/gE/26/s1/gE_26_s1_2019-03-15T09;25;24+01;00_rgb_ann_distraction.json,5327,5363,unsafe
dmd/gE/26/s1/gE_26_s1_2019-03-15T09;25;24+01;00_rgb_ann_distraction.json,5505,5523,unsafe
dmd/gE/26/s1/gE_26_s1_2019-03-15T09;25;24+01;00_rgb_ann_distraction.json,5766,5793,unsafe
dmd/gE/26/s1/gE_26_s1_2019-03-15T09;25;24+01;00_rgb_ann_distraction.json,5841,5864,unsafe
dmd/gE/26/s1/gE_26_s1_2019-03-15T09;25;24+01;00_rgb_ann_distraction.json,5932,5952,unsafe
dmd/gE/26/s1/gE_26_s1_2019-03-15T09;25;24+01;00_rgb_ann_distraction.json,6021,6039,unsafe
dmd/gE/26/s1/gE_26_s1_2019-03-15T09;25;24+01;00_rgb_ann_distraction.json,6409,6430,unsafe
dmd/gE/26/s1/gE_26_s1_2019-03-15T09;25;24+01;00_rgb_ann_distraction.json,6474,6502,unsafe
dmd/gE/26/s2/gE_26_s2_2019-03-15T09;15;51+01;00_rgb_ann_distraction.json,2,76,safe
dmd/gE/26/s2/gE_26_s2_2019-03-15T09;15;51+01;00_rgb_ann_distraction.json,128,573,safe
dmd/gE/26/s2/gE_26_s2_2019-03-15T09;15;51+01;00_rgb_ann_distraction.json,786,827,safe
dmd/gE/26/s2/gE_26_s2_2019-03-15T09;15;51+01;00_rgb_ann_distraction.json,962,1050,safe
dmd/gE/26/s2/gE_26_s2_2019-03-15T09;15;51+01;00_rgb_ann_distraction.json,1134,1450,safe
dmd/gE/26/s2/gE_26_s2_2019-03-15T09;15;51+01;00_rgb_ann_distraction.json,2528,2843,safe
dmd/gE/26/s2/gE_26_s2_2019-03-15T09;15;51+01;00_rgb_ann_distraction.json,3444,3793,safe
dmd/gE/26/s2/gE_26_s2_2019-03-15T09;15;51+01;00_rgb_ann_distraction.json,5013,5336,safe
dmd/gE/26/s2/gE_26_s2_2019-03-15T09;15;51+01;00_rgb_ann_distraction.json,5934,6161,safe
dmd/gE/26/s2/gE_26_s2_2019-03-15T09;15;51+01;00_rgb_ann_distraction.json,6813,6980,safe
dmd/gE/26/s2/gE_26_s2_2019-03-15T09;15;51+01;00_rgb_ann_distraction.json,8221,8772,safe
dmd/gE/26/s2/gE_26_s2_2019-03-15T09;15;51+01;00_rgb_ann_distraction.json,9375,9713,safe
dmd/gE/26/s2/gE_26_s2_2019-03-15T09;15;51+01;00_rgb_ann_distraction.json,10955,11345,safe
dmd/gE/26/s2/gE_26_s2_2019-03-15T09;15;51+01;00_rgb_ann_distraction.json,11787,11969,safe
dmd/gE/26/s2/gE_26_s2_2019-03-15T09;15;51+01;00_rgb_ann_distraction.json,12273,12356,safe
dmd/gE/26/s2/gE_26_s2_2019-03-15T09;15;51+01;00_rgb_ann_distraction.json,12630,12726,safe
dmd/gE/26/s2/gE_26_s2_2019-03-15T09;15;51+01;00_rgb_ann_distraction.json,1495,1538,unsafe
dmd/gE/26/s2/gE_26_s2_2019-03-15T09;15;51+01;00_rgb_ann_distraction.json,2914,2939,unsafe
dmd/gE/26/s2/gE_26_s2_2019-03-15T09;15;51+01;00_rgb_ann_distraction.json,2971,3388,unsafe
dmd/gE/26/s2/gE_26_s2_2019-03-15T09;15;51+01;00_rgb_ann_distraction.json,3850,3870,unsafe
dmd/gE/26/s2/gE_26_s2_2019-03-15T09;15;51+01;00_rgb_ann_distraction.json,5420,5872,unsafe
dmd/gE/26/s2/gE_26_s2_2019-03-15T09;15;51+01;00_rgb_ann_distraction.json,1539,2461,unsafe
dmd/gE/26/s2/gE_26_s2_2019-03-15T09;15;51+01;00_rgb_ann_distraction.json,3871,4953,unsafe
dmd/gE/26/s2/gE_26_s2_2019-03-15T09;15;51+01;00_rgb_ann_distraction.json,8813,9329,unsafe
dmd/gE/26/s2/gE_26_s2_2019-03-15T09;15;51+01;00_rgb_ann_distraction.json,11383,11740,unsafe
dmd/gE/26/s2/gE_26_s2_2019-03-15T09;15;51+01;00_rgb_ann_distraction.json,7046,8159,unsafe
dmd/gE/26/s2/gE_26_s2_2019-03-15T09;15;51+01;00_rgb_ann_distraction.json,9760,10888,unsafe
dmd/gE/26/s2/gE_26_s2_2019-03-15T09;15;51+01;00_rgb_ann_distraction.json,574,675,reaching
dmd/gE/26/s2/gE_26_s2_2019-03-15T09;15;51+01;00_rgb_ann_distraction.json,1051,1133,reaching
dmd/gE/26/s2/gE_26_s2_2019-03-15T09;15;51+01;00_rgb_ann_distraction.json,1451,1494,reaching
dmd/gE/26/s2/gE_26_s2_2019-03-15T09;15;51+01;00_rgb_ann_distraction.json,2462,2527,reaching
dmd/gE/26/s2/gE_26_s2_2019-03-15T09;15;51+01;00_rgb_ann_distraction.json,2844,2913,reaching
dmd/gE/26/s2/gE_26_s2_2019-03-15T09;15;51+01;00_rgb_ann_distraction.json,3389,3443,reaching
dmd/gE/26/s2/gE_26_s2_2019-03-15T09;15;51+01;00_rgb_ann_distraction.json,3794,3830,reaching
dmd/gE/26/s2/gE_26_s2_2019-03-15T09;15;51+01;00_rgb_ann_distraction.json,4954,5012,reaching
dmd/gE/26/s2/gE_26_s2_2019-03-15T09;15;51+01;00_rgb_ann_distraction.json,5337,5394,reaching
dmd/gE/26/s2/gE_26_s2_2019-03-15T09;15;51+01;00_rgb_ann_distraction.json,5873,5933,reaching
dmd/gE/26/s2/gE_26_s2_2019-03-15T09;15;51+01;00_rgb_ann_distraction.json,6162,6287,reaching
dmd/gE/26/s2/gE_26_s2_2019-03-15T09;15;51+01;00_rgb_ann_distraction.json,6677,6812,reaching
dmd/gE/26/s2/gE_26_s2_2019-03-15T09;15;51+01;00_rgb_ann_distraction.json,6981,7015,reaching
dmd/gE/26/s2/gE_26_s2_2019-03-15T09;15;51+01;00_rgb_ann_distraction.json,8160,8220,reaching
dmd/gE/26/s2/gE_26_s2_2019-03-15T09;15;51+01;00_rgb_ann_distraction.json,8773,8812,reaching
dmd/gE/26/s2/gE_26_s2_2019-03-15T09;15;51+01;00_rgb_ann_distraction.json,9330,9374,reaching
dmd/gE/26/s2/gE_26_s2_2019-03-15T09;15;51+01;00_rgb_ann_distraction.json,9714,9759,reaching
dmd/gE/26/s2/gE_26_s2_2019-03-15T09;15;51+01;00_rgb_ann_distraction.json,10889,10954,reaching
dmd/gE/26/s2/gE_26_s2_2019-03-15T09;15;51+01;00_rgb_ann_distraction.json,11346,11382,reaching
dmd/gE/26/s2/gE_26_s2_2019-03-15T09;15;51+01;00_rgb_ann_distraction.json,11741,11786,reaching
dmd/gE/26/s2/gE_26_s2_2019-03-15T09;15;51+01;00_rgb_ann_distraction.json,11970,12100,reaching
dmd/gE/26/s2/gE_26_s2_2019-03-15T09;15;51+01;00_rgb_ann_distraction.json,12466,12629,reaching
dmd/gE/26/s3/gE_26_s3_2019-03-15T09;38;23+01;00_rgb_ann_distraction.json,1,71,safe
dmd/gE/26/s3/gE_26_s3_2019-03-15T09;38;23+01;00_rgb_ann_distraction.json,114,655,safe
dmd/gE/26/s3/gE_26_s3_2019-03-15T09;38;23+01;00_rgb_ann_distraction.json,816,917,safe
dmd/gE/26/s3/gE_26_s3_2019-03-15T09;38;23+01;00_rgb_ann_distraction.json,976,1339,safe
dmd/gE/26/s3/gE_26_s3_2019-03-15T09;38;23+01;00_rgb_ann_distraction.json,1601,1854,safe
dmd/gE/26/s3/gE_26_s3_2019-03-15T09;38;23+01;00_rgb_ann_distraction.json,918,975,reaching
dmd/gE/26/s3/gE_26_s3_2019-03-15T09;38;23+01;00_rgb_ann_distraction.json,1468,1485,reaching
dmd/gE/26/s3/gE_26_s3_2019-03-15T09;38;23+01;00_rgb_ann_distraction.json,656,781,reaching
dmd/gE/26/s3/gE_26_s3_2019-03-15T09;38;23+01;00_rgb_ann_distraction.json,1340,1467,reaching
dmd/gE/28/s4/gE_28_s4_2019-03-21T10;19;50+01;00_rgb_ann_distraction.json,2,11,safe
dmd/gE/28/s4/gE_28_s4_2019-03-21T10;19;50+01;00_rgb_ann_distraction.json,40,234,safe
dmd/gE/28/s4/gE_28_s4_2019-03-21T10;19;50+01;00_rgb_ann_distraction.json,285,483,safe
dmd/gE/28/s4/gE_28_s4_2019-03-21T10;19;50+01;00_rgb_ann_distraction.json,1023,1337,safe
dmd/gE/28/s4/gE_28_s4_2019-03-21T10;19;50+01;00_rgb_ann_distraction.json,2391,2603,safe
dmd/gE/28/s4/gE_28_s4_2019-03-21T10;19;50+01;00_rgb_ann_distraction.json,3282,3449,safe
dmd/gE/28/s4/gE_28_s4_2019-03-21T10;19;50+01;00_rgb_ann_distraction.json,3959,4274,safe
dmd/gE/28/s4/gE_28_s4_2019-03-21T10;19;50+01;00_rgb_ann_distraction.json,5104,5550,safe
dmd/gE/28/s4/gE_28_s4_2019-03-21T10;19;50+01;00_rgb_ann_distraction.json,6772,7005,safe
dmd/gE/28/s4/gE_28_s4_2019-03-21T10;19;50+01;00_rgb_ann_distraction.json,7027,7184,safe
dmd/gE/28/s4/gE_28_s4_2019-03-21T10;19;50+01;00_rgb_ann_distraction.json,7200,7227,safe
dmd/gE/28/s4/gE_28_s4_2019-03-21T10;19;50+01;00_rgb_ann_distraction.json,7837,8180,safe
dmd/gE/28/s4/gE_28_s4_2019-03-21T10;19;50+01;00_rgb_ann_distraction.json,8661,9059,safe
dmd/gE/28/s4/gE_28_s4_2019-03-21T10;19;50+01;00_rgb_ann_distraction.json,10119,10182,safe
dmd/gE/28/s4/gE_28_s4_2019-03-21T10;19;50+01;00_rgb_ann_distraction.json,10255,10307,safe
dmd/gE/28/s4/gE_28_s4_2019-03-21T10;19;50+01;00_rgb_ann_distraction.json,10340,10387,safe
dmd/gE/28/s4/gE_28_s4_2019-03-21T10;19;50+01;00_rgb_ann_distraction.json,10421,10471,safe
dmd/gE/28/s4/gE_28_s4_2019-03-21T10;19;50+01;00_rgb_ann_distraction.json,11176,11240,safe
dmd/gE/28/s4/gE_28_s4_2019-03-21T10;19;50+01;00_rgb_ann_distraction.json,11276,11291,safe
dmd/gE/28/s4/gE_28_s4_2019-03-21T10;19;50+01;00_rgb_ann_distraction.json,11342,11349,safe
dmd/gE/28/s4/gE_28_s4_2019-03-21T10;19;50+01;00_rgb_ann_distraction.json,12003,12267,safe
dmd/gE/28/s4/gE_28_s4_2019-03-21T10;19;50+01;00_rgb_ann_distraction.json,12288,12377,safe
dmd/gE/28/s4/gE_28_s4_2019-03-21T10;19;50+01;00_rgb_ann_distraction.json,13457,13524,safe
dmd/gE/28/s4/gE_28_s4_2019-03-21T10;19;50+01;00_rgb_ann_distraction.json,13622,13791,safe
dmd/gE/28/s4/gE_28_s4_2019-03-21T10;19;50+01;00_rgb_ann_distraction.json,14462,14495,safe
dmd/gE/28/s4/gE_28_s4_2019-03-21T10;19;50+01;00_rgb_ann_distraction.json,14529,14760,safe
dmd/gE/28/s4/gE_28_s4_2019-03-21T10;19;50+01;00_rgb_ann_distraction.json,15101,15120,safe
dmd/gE/28/s4/gE_28_s4_2019-03-21T10;19;50+01;00_rgb_ann_distraction.json,15214,15238,safe
dmd/gE/28/s4/gE_28_s4_2019-03-21T10;19;50+01;00_rgb_ann_distraction.json,15293,15348,safe
dmd/gE/28/s4/gE_28_s4_2019-03-21T10;19;50+01;00_rgb_ann_distraction.json,15366,15479,safe
dmd/gE/28/s4/gE_28_s4_2019-03-21T10;19;50+01;00_rgb_ann_distraction.json,16066,16159,safe
dmd/gE/28/s4/gE_28_s4_2019-03-21T10;19;50+01;00_rgb_ann_distraction.json,1442,1448,unsafe
dmd/gE/28/s4/gE_28_s4_2019-03-21T10;19;50+01;00_rgb_ann_distraction.json,2715,3144,unsafe
dmd/gE/28/s4/gE_28_s4_2019-03-21T10;19;50+01;00_rgb_ann_distraction.json,4363,4996,unsafe
dmd/gE/28/s4/gE_28_s4_2019-03-21T10;19;50+01;00_rgb_ann_distraction.json,1449,2275,unsafe
dmd/gE/28/s4/gE_28_s4_2019-03-21T10;19;50+01;00_rgb_ann_distraction.json,5645,6477,unsafe
dmd/gE/28/s4/gE_28_s4_2019-03-21T10;19;50+01;00_rgb_ann_distraction.json,6557,6583,unsafe
dmd/gE/28/s4/gE_28_s4_2019-03-21T10;19;50+01;00_rgb_ann_distraction.json,6604,6694,unsafe
dmd/gE/28/s4/gE_28_s4_2019-03-21T10;19;50+01;00_rgb_ann_distraction.json,10564,11088,unsafe
dmd/gE/28/s4/gE_28_s4_2019-03-21T10;19;50+01;00_rgb_ann_distraction.json,12466,12506,unsafe
dmd/gE/28/s4/gE_28_s4_2019-03-21T10;19;50+01;00_rgb_ann_distraction.json,13865,14025,unsafe
dmd/gE/28/s4/gE_28_s4_2019-03-21T10;19;50+01;00_rgb_ann_distraction.json,14059,14383,unsafe
dmd/gE/28/s4/gE_28_s4_2019-03-21T10;19;50+01;00_rgb_ann_distraction.json,9156,10118,unsafe
dmd/gE/28/s4/gE_28_s4_2019-03-21T10;19;50+01;00_rgb_ann_distraction.json,12507,12647,unsafe
dmd/gE/28/s4/gE_28_s4_2019-03-21T10;19;50+01;00_rgb_ann_distraction.json,12676,13456,unsafe
dmd/gE/28/s4/gE_28_s4_2019-03-21T10;19;50+01;00_rgb_ann_distraction.json,512,580,reaching
dmd/gE/28/s4/gE_28_s4_2019-03-21T10;19;50+01;00_rgb_ann_distraction.json,922,1022,reaching
dmd/gE/28/s4/gE_28_s4_2019-03-21T10;19;50+01;00_rgb_ann_distraction.json,1338,1427,reaching
dmd/gE/28/s4/gE_28_s4_2019-03-21T10;19;50+01;00_rgb_ann_distraction.json,2290,2390,reaching
dmd/gE/28/s4/gE_28_s4_2019-03-21T10;19;50+01;00_rgb_ann_distraction.json,2604,2686,reaching
dmd/gE/28/s4/gE_28_s4_2019-03-21T10;19;50+01;00_rgb_ann_distraction.json,3145,3193,reaching
dmd/gE/28/s4/gE_28_s4_2019-03-21T10;19;50+01;00_rgb_ann_distraction.json,3450,3503,reaching
dmd/gE/28/s4/gE_28_s4_2019-03-21T10;19;50+01;00_rgb_ann_distraction.json,3806,3958,reaching
dmd/gE/28/s4/gE_28_s4_2019-03-21T10;19;50+01;00_rgb_ann_distraction.json,4275,4362,reaching
dmd/gE/28/s4/gE_28_s4_2019-03-21T10;19;50+01;00_rgb_ann_distraction.json,4997,5060,reaching
dmd/gE/28/s4/gE_28_s4_2019-03-21T10;19;50+01;00_rgb_ann_distraction.json,5551,5644,reaching
dmd/gE/28/s4/gE_28_s4_2019-03-21T10;19;50+01;00_rgb_ann_distraction.json,6695,6771,reaching
dmd/gE/28/s4/gE_28_s4_2019-03-21T10;19;50+01;00_rgb_ann_distraction.json,7228,7319,reaching
dmd/gE/28/s4/gE_28_s4_2019-03-21T10;19;50+01;00_rgb_ann_distraction.json,7347,7419,reaching
dmd/gE/28/s4/gE_28_s4_2019-03-21T10;19;50+01;00_rgb_ann_distraction.json,7793,7836,reaching
dmd/gE/28/s4/gE_28_s4_2019-03-21T10;19;50+01;00_rgb_ann_distraction.json,8181,8233,reaching
dmd/gE/28/s4/gE_28_s4_2019-03-21T10;19;50+01;00_rgb_ann_distraction.json,8601,8660,reaching
dmd/gE/28/s4/gE_28_s4_2019-03-21T10;19;50+01;00_rgb_ann_distraction.json,9060,9133,reaching
dmd/gE/28/s4/gE_28_s4_2019-03-21T10;19;50+01;00_rgb_ann_distraction.json,10183,10254,reaching
dmd/gE/28/s4/gE_28_s4_2019-03-21T10;19;50+01;00_rgb_ann_distraction.json,10472,10539,reaching
dmd/gE/28/s4/gE_28_s4_2019-03-21T10;19;50+01;00_rgb_ann_distraction.json,11110,11175,reaching
dmd/gE/28/s4/gE_28_s4_2019-03-21T10;19;50+01;00_rgb_ann_distraction.json,11400,11443,reaching
dmd/gE/28/s4/gE_28_s4_2019-03-21T10;19;50+01;00_rgb_ann_distraction.json,11929,12002,reaching
dmd/gE/28/s4/gE_28_s4_2019-03-21T10;19;50+01;00_rgb_ann_distraction.json,12378,12429,reaching
dmd/gE/28/s4/gE_28_s4_2019-03-21T10;19;50+01;00_rgb_ann_distraction.json,13525,13621,reaching
dmd/gE/28/s4/gE_28_s4_2019-03-21T10;19;50+01;00_rgb_ann_distraction.json,13792,13845,reaching
dmd/gE/28/s4/gE_28_s4_2019-03-21T10;19;50+01;00_rgb_ann_distraction.json,14400,14461,reaching
dmd/gE/28/s4/gE_28_s4_2019-03-21T10;19;50+01;00_rgb_ann_distraction.json,14797,14840,reaching
dmd/gE/28/s4/gE_28_s4_2019-03-21T10;19;50+01;00_rgb_ann_distraction.json,15175,15213,reaching
dmd/gE/28/s4/gE_28_s4_2019-03-21T10;19;50+01;00_rgb_ann_distraction.json,15480,15514,reaching
dmd/gE/28/s4/gE_28_s4_2019-03-21T10;19;50+01;00_rgb_ann_distraction.json,15545,15622,reaching
dmd/gE/28/s4/gE_28_s4_2019-03-21T10;19;50+01;00_rgb_ann_distraction.json,15979,16065,reaching
dmd/gE/28/s1/gE_28_s1_2019-03-15T10;23;30+01;00_rgb_ann_distraction.json,4,139,safe
dmd/gE/28/s1/gE_28_s1_2019-03-15T10;23;30+01;00_rgb_ann_distraction.json,165,278,safe
dmd/gE/28/s1/gE_28_s1_2019-03-15T10;23;30+01;00_rgb_ann_distraction.json,370,415,safe
dmd/gE/28/s1/gE_28_s1_2019-03-15T10;23;30+01;00_rgb_ann_distraction.json,612,828,safe
dmd/gE/28/s1/gE_28_s1_2019-03-15T10;23;30+01;00_rgb_ann_distraction.json,1459,1578,safe
dmd/gE/28/s1/gE_28_s1_2019-03-15T10;23;30+01;00_rgb_ann_distraction.json,1595,1619,safe
dmd/gE/28/s1/gE_28_s1_2019-03-15T10;23;30+01;00_rgb_ann_distraction.json,1641,1657,safe
dmd/gE/28/s1/gE_28_s1_2019-03-15T10;23;30+01;00_rgb_ann_distraction.json,1680,1694,safe
dmd/gE/28/s1/gE_28_s1_2019-03-15T10;23;30+01;00_rgb_ann_distraction.json,1713,1729,safe
dmd/gE/28/s1/gE_28_s1_2019-03-15T10;23;30+01;00_rgb_ann_distraction.json,1746,1806,safe
dmd/gE/28/s1/gE_28_s1_2019-03-15T10;23;30+01;00_rgb_ann_distraction.json,1832,1922,safe
dmd/gE/28/s1/gE_28_s1_2019-03-15T10;23;30+01;00_rgb_ann_distraction.json,1946,2049,safe
dmd/gE/28/s1/gE_28_s1_2019-03-15T10;23;30+01;00_rgb_ann_distraction.json,2081,2233,safe
dmd/gE/28/s1/gE_28_s1_2019-03-15T10;23;30+01;00_rgb_ann_distraction.json,2255,2426,safe
dmd/gE/28/s1/gE_28_s1_2019-03-15T10;23;30+01;00_rgb_ann_distraction.json,2481,2674,safe
dmd/gE/28/s1/gE_28_s1_2019-03-15T10;23;30+01;00_rgb_ann_distraction.json,2708,2758,safe
dmd/gE/28/s1/gE_28_s1_2019-03-15T10;23;30+01;00_rgb_ann_distraction.json,3180,3255,safe
dmd/gE/28/s1/gE_28_s1_2019-03-15T10;23;30+01;00_rgb_ann_distraction.json,3546,3851,safe
dmd/gE/28/s1/gE_28_s1_2019-03-15T10;23;30+01;00_rgb_ann_distraction.json,4295,5054,safe
dmd/gE/28/s1/gE_28_s1_2019-03-15T10;23;30+01;00_rgb_ann_distraction.json,5085,5118,safe
dmd/gE/28/s1/gE_28_s1_2019-03-15T10;23;30+01;00_rgb_ann_distraction.json,5136,5161,safe
dmd/gE/28/s1/gE_28_s1_2019-03-15T10;23;30+01;00_rgb_ann_distraction.json,5229,5270,safe
dmd/gE/28/s1/gE_28_s1_2019-03-15T10;23;30+01;00_rgb_ann_distraction.json,5288,5335,safe
dmd/gE/28/s1/gE_28_s1_2019-03-15T10;23;30+01;00_rgb_ann_distraction.json,5353,5430,safe
dmd/gE/28/s1/gE_28_s1_2019-03-15T10;23;30+01;00_rgb_ann_distraction.json,5450,5685,safe
dmd/gE/28/s1/gE_28_s1_2019-03-15T10;23;30+01;00_rgb_ann_distraction.json,5706,5748,safe
dmd/gE/28/s1/gE_28_s1_2019-03-15T10;23;30+01;00_rgb_ann_distraction.json,5773,6131,safe
dmd/gE/28/s1/gE_28_s1_2019-03-15T10;23;30+01;00_rgb_ann_distraction.json,6538,6875,safe
dmd/gE/28/s1/gE_28_s1_2019-03-15T10;23;30+01;00_rgb_ann_distraction.json,279,369,unsafe
dmd/gE/28/s1/gE_28_s1_2019-03-15T10;23;30+01;00_rgb_ann_distraction.json,416,611,unsafe
dmd/gE/28/s1/gE_28_s1_2019-03-15T10;23;30+01;00_rgb_ann_distraction.json,3256,3302,unsafe
dmd/gE/28/s1/gE_28_s1_2019-03-15T10;23;30+01;00_rgb_ann_distraction.json,3332,3545,unsafe
dmd/gE/28/s1/gE_28_s1_2019-03-15T10;23;30+01;00_rgb_ann_distraction.json,829,881,reaching
dmd/gE/28/s1/gE_28_s1_2019-03-15T10;23;30+01;00_rgb_ann_distraction.json,1258,1458,reaching
dmd/gE/28/s1/gE_28_s1_2019-03-15T10;23;30+01;00_rgb_ann_distraction.json,2759,2890,reaching
dmd/gE/28/s1/gE_28_s1_2019-03-15T10;23;30+01;00_rgb_ann_distraction.json,3120,3179,reaching
dmd/gE/28/s1/gE_28_s1_2019-03-15T10;23;30+01;00_rgb_ann_distraction.json,3852,3911,reaching
dmd/gE/28/s1/gE_28_s1_2019-03-15T10;23;30+01;00_rgb_ann_distraction.json,4210,4294,reaching
dmd/gE/28/s1/gE_28_s1_2019-03-15T10;23;30+01;00_rgb_ann_distraction.json,6132,6224,reaching
dmd/gE/28/s1/gE_28_s1_2019-03-15T10;23;30+01;00_rgb_ann_distraction.json,6425,6537,reaching
dmd/gE/28/s1/gE_28_s1_2019-03-15T10;23;30+01;00_rgb_ann_distraction.json,1579,1594,unsafe
dmd/gE/28/s1/gE_28_s1_2019-03-15T10;23;30+01;00_rgb_ann_distraction.json,1620,1640,unsafe
dmd/gE/28/s1/gE_28_s1_2019-03-15T10;23;30+01;00_rgb_ann_distraction.json,1658,1679,unsafe
dmd/gE/28/s1/gE_28_s1_2019-03-15T10;23;30+01;00_rgb_ann_distraction.json,1695,1712,unsafe
dmd/gE/28/s1/gE_28_s1_2019-03-15T10;23;30+01;00_rgb_ann_distraction.json,1730,1745,unsafe
dmd/gE/28/s1/gE_28_s1_2019-03-15T10;23;30+01;00_rgb_ann_distraction.json,1807,1831,unsafe
dmd/gE/28/s1/gE_28_s1_2019-03-15T10;23;30+01;00_rgb_ann_distraction.json,1923,1945,unsafe
dmd/gE/28/s1/gE_28_s1_2019-03-15T10;23;30+01;00_rgb_ann_distraction.json,2050,2080,unsafe
dmd/gE/28/s1/gE_28_s1_2019-03-15T10;23;30+01;00_rgb_ann_distraction.json,2234,2254,unsafe
dmd/gE/28/s1/gE_28_s1_2019-03-15T10;23;30+01;00_rgb_ann_distraction.json,2427,2480,unsafe
dmd/gE/28/s1/gE_28_s1_2019-03-15T10;23;30+01;00_rgb_ann_distraction.json,5055,5084,unsafe
dmd/gE/28/s1/gE_28_s1_2019-03-15T10;23;30+01;00_rgb_ann_distraction.json,5119,5135,unsafe
dmd/gE/28/s1/gE_28_s1_2019-03-15T10;23;30+01;00_rgb_ann_distraction.json,5271,5287,unsafe
dmd/gE/28/s1/gE_28_s1_2019-03-15T10;23;30+01;00_rgb_ann_distraction.json,5336,5352,unsafe
dmd/gE/28/s1/gE_28_s1_2019-03-15T10;23;30+01;00_rgb_ann_distraction.json,5431,5449,unsafe
dmd/gE/28/s1/gE_28_s1_2019-03-15T10;23;30+01;00_rgb_ann_distraction.json,5686,5705,unsafe
dmd/gE/28/s1/gE_28_s1_2019-03-15T10;23;30+01;00_rgb_ann_distraction.json,5749,5772,unsafe
dmd/gE/28/s2/gE_28_s2_2019-03-15T10;12;30+01;00_rgb_ann_distraction.json,4,66,safe
dmd/gE/28/s2/gE_28_s2_2019-03-15T10;12;30+01;00_rgb_ann_distraction.json,90,652,safe
dmd/gE/28/s2/gE_28_s2_2019-03-15T10;12;30+01;00_rgb_ann_distraction.json,1295,1368,safe
dmd/gE/28/s2/gE_28_s2_2019-03-15T10;12;30+01;00_rgb_ann_distraction.json,1395,1659,safe
dmd/gE/28/s2/gE_28_s2_2019-03-15T10;12;30+01;00_rgb_ann_distraction.json,3102,3433,safe
dmd/gE/28/s2/gE_28_s2_2019-03-15T10;12;30+01;00_rgb_ann_distraction.json,4099,4176,safe
dmd/gE/28/s2/gE_28_s2_2019-03-15T10;12;30+01;00_rgb_ann_distraction.json,4543,4701,safe
dmd/gE/28/s2/gE_28_s2_2019-03-15T10;12;30+01;00_rgb_ann_distraction.json,5897,5905,safe
dmd/gE/28/s2/gE_28_s2_2019-03-15T10;12;30+01;00_rgb_ann_distraction.json,5950,6273,safe
dmd/gE/28/s2/gE_28_s2_2019-03-15T10;12;30+01;00_rgb_ann_distraction.json,7078,7352,safe
dmd/gE/28/s2/gE_28_s2_2019-03-15T10;12;30+01;00_rgb_ann_distraction.json,7797,7861,safe
dmd/gE/28/s2/gE_28_s2_2019-03-15T10;12;30+01;00_rgb_ann_distraction.json,8050,8056,safe
dmd/gE/28/s2/gE_28_s2_2019-03-15T10;12;30+01;00_rgb_ann_distraction.json,8086,8345,safe
dmd/gE/28/s2/gE_28_s2_2019-03-15T10;12;30+01;00_rgb_ann_distraction.json,9903,10174,safe
dmd/gE/28/s2/gE_28_s2_2019-03-15T10;12;30+01;00_rgb_ann_distraction.json,10951,11310,safe
dmd/gE/28/s2/gE_28_s2_2019-03-15T10;12;30+01;00_rgb_ann_distraction.json,12561,12810,safe
dmd/gE/28/s2/gE_28_s2_2019-03-15T10;12;30+01;00_rgb_ann_distraction.json,13519,13635,safe
dmd/gE/28/s2/gE_28_s2_2019-03-15T10;12;30+01;00_rgb_ann_distraction.json,14035,14064,safe
dmd/gE/28/s2/gE_28_s2_2019-03-15T10;12;30+01;00_rgb_ann_distraction.json,14309,14399,safe
dmd/gE/28/s2/gE_28_s2_2019-03-15T10;12;30+01;00_rgb_ann_distraction.json,3001,3020,unsafe
dmd/gE/28/s2/gE_28_s2_2019-03-15T10;12;30+01;00_rgb_ann_distraction.json,3486,4041,unsafe
dmd/gE/28/s2/gE_28_s2_2019-03-15T10;12;30+01;00_rgb_ann_distraction.json,6330,7017,unsafe
dmd/gE/28/s2/gE_28_s2_2019-03-15T10;12;30+01;00_rgb_ann_distraction.json,1698,3000,unsafe
dmd/gE/28/s2/gE_28_s2_2019-03-15T10;12;30+01;00_rgb_ann_distraction.json,11354,12488,unsafe
dmd/gE/28/s2/gE_28_s2_2019-03-15T10;12;30+01;00_rgb_ann_distraction.json,9828,9856,unsafe
dmd/gE/28/s2/gE_28_s2_2019-03-15T10;12;30+01;00_rgb_ann_distraction.json,10305,10897,unsafe
dmd/gE/28/s2/gE_28_s2_2019-03-15T10;12;30+01;00_rgb_ann_distraction.json,12876,13445,unsafe
dmd/gE/28/s2/gE_28_s2_2019-03-15T10;12;30+01;00_rgb_ann_distraction.json,4758,5825,unsafe
dmd/gE/28/s2/gE_28_s2_2019-03-15T10;12;30+01;00_rgb_ann_distraction.json,8384,9802,unsafe
dmd/gE/28/s2/gE_28_s2_2019-03-15T10;12;30+01;00_rgb_ann_distraction.json,653,804,reaching
dmd/gE/28/s2/gE_28_s2_2019-03-15T10;12;30+01;00_rgb_ann_distraction.json,1150,1294,reaching
dmd/gE/28/s2/gE_28_s2_2019-03-15T10;12;30+01;00_rgb_ann_distraction.json,1660,1697,reaching
dmd/gE/28/s2/gE_28_s2_2019-03-15T10;12;30+01;00_rgb_ann_distraction.json,3021,3101,reaching
dmd/gE/28/s2/gE_28_s2_2019-03-15T10;12;30+01;00_rgb_ann_distraction.json,3434,3485,reaching
dmd/gE/28/s2/gE_28_s2_2019-03-15T10;12;30+01;00_rgb_ann_distraction.json,4042,4098,reaching
dmd/gE/28/s2/gE_28_s2_2019-03-15T10;12;30+01;00_rgb_ann_distraction.json,4702,4757,reaching
dmd/gE/28/s2/gE_28_s2_2019-03-15T10;12;30+01;00_rgb_ann_distraction.json,5826,5896,reaching
dmd/gE/28/s2/gE_28_s2_2019-03-15T10;12;30+01;00_rgb_ann_distraction.json,6274,6329,reaching
dmd/gE/28/s2/gE_28_s2_2019-03-15T10;12;30+01;00_rgb_ann_distraction.json,7018,7077,reaching
dmd/gE/28/s2/gE_28_s2_2019-03-15T10;12;30+01;00_rgb_ann_distraction.json,7370,7507,reaching
dmd/gE/28/s2/gE_28_s2_2019-03-15T10;12;30+01;00_rgb_ann_distraction.json,7928,8049,reaching
dmd/gE/28/s2/gE_28_s2_2019-03-15T10;12;30+01;00_rgb_ann_distraction.json,8346,8371,reaching
dmd/gE/28/s2/gE_28_s2_2019-03-15T10;12;30+01;00_rgb_ann_distraction.json,9803,9827,reaching
dmd/gE/28/s2/gE_28_s2_2019-03-15T10;12;30+01;00_rgb_ann_distraction.json,9857,9902,reaching
dmd/gE/28/s2/gE_28_s2_2019-03-15T10;12;30+01;00_rgb_ann_distraction.json,10175,10199,reaching
dmd/gE/28/s2/gE_28_s2_2019-03-15T10;12;30+01;00_rgb_ann_distraction.json,10898,10950,reaching
dmd/gE/28/s2/gE_28_s2_2019-03-15T10;12;30+01;00_rgb_ann_distraction.json,11311,11353,reaching
dmd/gE/28/s2/gE_28_s2_2019-03-15T10;12;30+01;00_rgb_ann_distraction.json,12489,12560,reaching
dmd/gE/28/s2/gE_28_s2_2019-03-15T10;12;30+01;00_rgb_ann_distraction.json,12811,12848,reaching
dmd/gE/28/s2/gE_28_s2_2019-03-15T10;12;30+01;00_rgb_ann_distraction.json,13446,13518,reaching
dmd/gE/28/s2/gE_28_s2_2019-03-15T10;12;30+01;00_rgb_ann_distraction.json,13636,13790,reaching
dmd/gE/28/s2/gE_28_s2_2019-03-15T10;12;30+01;00_rgb_ann_distraction.json,14203,14308,reaching
dmd/gE/27/s2/gE_27_s2_2019-03-07T13;05;11+01;00_rgb_ann_distraction.json,16,430,safe
dmd/gE/27/s2/gE_27_s2_2019-03-07T13;05;11+01;00_rgb_ann_distraction.json,892,1348,safe
dmd/gE/27/s2/gE_27_s2_2019-03-07T13;05;11+01;00_rgb_ann_distraction.json,2915,3236,safe
dmd/gE/27/s2/gE_27_s2_2019-03-07T13;05;11+01;00_rgb_ann_distraction.json,3889,4115,safe
dmd/gE/27/s2/gE_27_s2_2019-03-07T13;05;11+01;00_rgb_ann_distraction.json,5645,6040,safe
dmd/gE/27/s2/gE_27_s2_2019-03-07T13;05;11+01;00_rgb_ann_distraction.json,6703,6989,safe
dmd/gE/27/s2/gE_27_s2_2019-03-07T13;05;11+01;00_rgb_ann_distraction.json,8556,8955,safe
dmd/gE/27/s2/gE_27_s2_2019-03-07T13;05;11+01;00_rgb_ann_distraction.json,9571,9737,safe
dmd/gE/27/s2/gE_27_s2_2019-03-07T13;05;11+01;00_rgb_ann_distraction.json,9890,9927,safe
dmd/gE/27/s2/gE_27_s2_2019-03-07T13;05;11+01;00_rgb_ann_distraction.json,10187,10226,safe
dmd/gE/27/s2/gE_27_s2_2019-03-07T13;05;11+01;00_rgb_ann_distraction.json,10259,10593,safe
dmd/gE/27/s2/gE_27_s2_2019-03-07T13;05;11+01;00_rgb_ann_distraction.json,12318,12586,safe
dmd/gE/27/s2/gE_27_s2_2019-03-07T13;05;11+01;00_rgb_ann_distraction.json,13116,13312,safe
dmd/gE/27/s2/gE_27_s2_2019-03-07T13;05;11+01;00_rgb_ann_distraction.json,13461,13473,safe
dmd/gE/27/s2/gE_27_s2_2019-03-07T13;05;11+01;00_rgb_ann_distraction.json,13573,13596,safe
dmd/gE/27/s2/gE_27_s2_2019-03-07T13;05;11+01;00_rgb_ann_distraction.json,13858,14065,safe
dmd/gE/27/s2/gE_27_s2_2019-03-07T13;05;11+01;00_rgb_ann_distraction.json,3352,3824,unsafe
dmd/gE/27/s2/gE_27_s2_2019-03-07T13;05;11+01;00_rgb_ann_distraction.json,6108,6643,unsafe
dmd/gE/27/s2/gE_27_s2_2019-03-07T13;05;11+01;00_rgb_ann_distraction.json,1469,2851,unsafe
dmd/gE/27/s2/gE_27_s2_2019-03-07T13;05;11+01;00_rgb_ann_distraction.json,4176,5590,unsafe
dmd/gE/27/s2/gE_27_s2_2019-03-07T13;05;11+01;00_rgb_ann_distraction.json,9063,9512,unsafe
dmd/gE/27/s2/gE_27_s2_2019-03-07T13;05;11+01;00_rgb_ann_distraction.json,12682,13051,unsafe
dmd/gE/27/s2/gE_27_s2_2019-03-07T13;05;11+01;00_rgb_ann_distraction.json,7057,8503,unsafe
dmd/gE/27/s2/gE_27_s2_2019-03-07T13;05;11+01;00_rgb_ann_distraction.json,10667,12263,unsafe
dmd/gE/27/s2/gE_27_s2_2019-03-07T13;05;11+01;00_rgb_ann_distraction.json,577,622,reaching
dmd/gE/27/s2/gE_27_s2_2019-03-07T13;05;11+01;00_rgb_ann_distraction.json,1349,1435,reaching
dmd/gE/27/s2/gE_27_s2_2019-03-07T13;05;11+01;00_rgb_ann_distraction.json,2852,2914,reaching
dmd/gE/27/s2/gE_27_s2_2019-03-07T13;05;11+01;00_rgb_ann_distraction.json,3237,3297,reaching
dmd/gE/27/s2/gE_27_s2_2019-03-07T13;05;11+01;00_rgb_ann_distraction.json,3825,3888,reaching
dmd/gE/27/s2/gE_27_s2_2019-03-07T13;05;11+01;00_rgb_ann_distraction.json,4116,4157,reaching
dmd/gE/27/s2/gE_27_s2_2019-03-07T13;05;11+01;00_rgb_ann_distraction.json,5591,5644,reaching
dmd/gE/27/s2/gE_27_s2_2019-03-07T13;05;11+01;00_rgb_ann_distraction.json,6041,6083,reaching
dmd/gE/27/s2/gE_27_s2_2019-03-07T13;05;11+01;00_rgb_ann_distraction.json,6661,6702,reaching
dmd/gE/27/s2/gE_27_s2_2019-03-07T13;05;11+01;00_rgb_ann_distraction.json,6990,7021,reaching
dmd/gE/27/s2/gE_27_s2_2019-03-07T13;05;11+01;00_rgb_ann_distraction.json,8504,8555,reaching
dmd/gE/27/s2/gE_27_s2_2019-03-07T13;05;11+01;00_rgb_ann_distraction.json,8956,9001,reaching
dmd/gE/27/s2/gE_27_s2_2019-03-07T13;05;11+01;00_rgb_ann_distraction.json,9513,9570,reaching
dmd/gE/27/s2/gE_27_s2_2019-03-07T13;05;11+01;00_rgb_ann_distraction.json,10594,10628,reaching
dmd/gE/27/s2/gE_27_s2_2019-03-07T13;05;11+01;00_rgb_ann_distraction.json,12264,12317,reaching
dmd/gE/27/s2/gE_27_s2_2019-03-07T13;05;11+01;00_rgb_ann_distraction.json,12587,12631,reaching
dmd/gE/27/s2/gE_27_s2_2019-03-07T13;05;11+01;00_rgb_ann_distraction.json,13052,13115,reaching
dmd/gE/27/s2/gE_27_s2_2019-03-07T13;05;11+01;00_rgb_ann_distraction.json,13474,13572,reaching
dmd/gE/27/s2/gE_27_s2_2019-03-07T13;05;11+01;00_rgb_ann_distraction.json,431,576,reaching
dmd/gE/27/s2/gE_27_s2_2019-03-07T13;05;11+01;00_rgb_ann_distraction.json,9738,9889,reaching
dmd/gE/27/s2/gE_27_s2_2019-03-07T13;05;11+01;00_rgb_ann_distraction.json,13313,13460,reaching
dmd/gE/27/s1/gE_27_s1_2019-03-07T13;14;28+01;00_rgb_ann_distraction.json,9,7097,safe
dmd/gE/27/s1/gE_27_s1_2019-03-07T13;18;37+01;00_rgb_ann_distraction.json,20,562,safe
dmd/gE/27/s1/gE_27_s1_2019-03-07T13;18;37+01;00_rgb_ann_distraction.json,977,1219,safe
dmd/gE/27/s1/gE_27_s1_2019-03-07T13;18;37+01;00_rgb_ann_distraction.json,1653,1954,safe
dmd/gE/27/s1/gE_27_s1_2019-03-07T13;18;37+01;00_rgb_ann_distraction.json,1976,2075,safe
dmd/gE/27/s1/gE_27_s1_2019-03-07T13;18;37+01;00_rgb_ann_distraction.json,2101,2145,safe
dmd/gE/27/s1/gE_27_s1_2019-03-07T13;18;37+01;00_rgb_ann_distraction.json,2184,2243,safe
dmd/gE/27/s1/gE_27_s1_2019-03-07T13;18;37+01;00_rgb_ann_distraction.json,2280,2325,safe
dmd/gE/27/s1/gE_27_s1_2019-03-07T13;18;37+01;00_rgb_ann_distraction.json,2368,2419,safe
dmd/gE/27/s1/gE_27_s1_2019-03-07T13;18;37+01;00_rgb_ann_distraction.json,2453,2517,safe
dmd/gE/27/s1/gE_27_s1_2019-03-07T13;18;37+01;00_rgb_ann_distraction.json,2541,2553,safe
dmd/gE/27/s1/gE_27_s1_2019-03-07T13;18;37+01;00_rgb_ann_distraction.json,2582,2624,safe
dmd/gE/27/s1/gE_27_s1_2019-03-07T13;18;37+01;00_rgb_ann_distraction.json,2660,2748,safe
dmd/gE/27/s1/gE_27_s1_2019-03-07T13;18;37+01;00_rgb_ann_distraction.json,2773,3437,safe
dmd/gE/27/s1/gE_27_s1_2019-03-07T13;18;37+01;00_rgb_ann_distraction.json,3757,3875,safe
dmd/gE/27/s1/gE_27_s1_2019-03-07T13;18;37+01;00_rgb_ann_distraction.json,3920,4034,safe
dmd/gE/27/s1/gE_27_s1_2019-03-07T13;18;37+01;00_rgb_ann_distraction.json,4409,4935,safe
dmd/gE/27/s1/gE_27_s1_2019-03-07T13;18;37+01;00_rgb_ann_distraction.json,5278,5411,safe
dmd/gE/27/s1/gE_27_s1_2019-03-07T13;18;37+01;00_rgb_ann_distraction.json,5445,5522,safe
dmd/gE/27/s1/gE_27_s1_2019-03-07T13;18;37+01;00_rgb_ann_distraction.json,5557,5582,safe
dmd/gE/27/s1/gE_27_s1_2019-03-07T13;18;37+01;00_rgb_ann_distraction.json,5620,5660,safe
dmd/gE/27/s1/gE_27_s1_2019-03-07T13;18;37+01;00_rgb_ann_distraction.json,5702,5741,safe
dmd/gE/27/s1/gE_27_s1_2019-03-07T13;18;37+01;00_rgb_ann_distraction.json,5765,5793,safe
dmd/gE/27/s1/gE_27_s1_2019-03-07T13;18;37+01;00_rgb_ann_distraction.json,5830,5871,safe
dmd/gE/27/s1/gE_27_s1_2019-03-07T13;18;37+01;00_rgb_ann_distraction.json,5897,5949,safe
dmd/gE/27/s1/gE_27_s1_2019-03-07T13;18;37+01;00_rgb_ann_distraction.json,5962,5972,safe
dmd/gE/27/s1/gE_27_s1_2019-03-07T13;18;37+01;00_rgb_ann_distraction.json,6003,6103,safe
dmd/gE/27/s1/gE_27_s1_2019-03-07T13;18;37+01;00_rgb_ann_distraction.json,6127,6206,safe
dmd/gE/27/s1/gE_27_s1_2019-03-07T13;18;37+01;00_rgb_ann_distraction.json,6248,6282,safe
dmd/gE/27/s1/gE_27_s1_2019-03-07T13;18;37+01;00_rgb_ann_distraction.json,6322,6334,safe
dmd/gE/27/s1/gE_27_s1_2019-03-07T13;18;37+01;00_rgb_ann_distraction.json,6378,6455,safe
dmd/gE/27/s1/gE_27_s1_2019-03-07T13;18;37+01;00_rgb_ann_distraction.json,6485,6602,safe
dmd/gE/27/s1/gE_27_s1_2019-03-07T13;18;37+01;00_rgb_ann_distraction.json,6646,6707,safe
dmd/gE/27/s1/gE_27_s1_2019-03-07T13;18;37+01;00_rgb_ann_distraction.json,6759,6828,safe
dmd/gE/27/s1/gE_27_s1_2019-03-07T13;18;37+01;00_rgb_ann_distraction.json,6873,6899,safe
dmd/gE/27/s1/gE_27_s1_2019-03-07T13;18;37+01;00_rgb_ann_distraction.json,6920,6949,safe
dmd/gE/27/s1/gE_27_s1_2019-03-07T13;18;37+01;00_rgb_ann_distraction.json,6989,7051,safe
dmd/gE/27/s1/gE_27_s1_2019-03-07T13;18;37+01;00_rgb_ann_distraction.json,7078,7440,safe
dmd/gE/27/s1/gE_27_s1_2019-03-07T13;18;37+01;00_rgb_ann_distraction.json,7790,8690,safe
dmd/gE/27/s1/gE_27_s1_2019-03-07T13;18;37+01;00_rgb_ann_distraction.json,9019,9105,safe
dmd/gE/27/s1/gE_27_s1_2019-03-07T13;18;37+01;00_rgb_ann_distraction.json,9556,10065,safe
dmd/gE/27/s1/gE_27_s1_2019-03-07T13;18;37+01;00_rgb_ann_distraction.json,10113,10279,safe
dmd/gE/27/s1/gE_27_s1_2019-03-07T13;18;37+01;00_rgb_ann_distraction.json,10308,10337,safe
dmd/gE/27/s1/gE_27_s1_2019-03-07T13;18;37+01;00_rgb_ann_distraction.json,10351,10417,safe
dmd/gE/27/s1/gE_27_s1_2019-03-07T13;18;37+01;00_rgb_ann_distraction.json,10483,10537,safe
dmd/gE/27/s1/gE_27_s1_2019-03-07T13;18;37+01;00_rgb_ann_distraction.json,10578,10707,safe
dmd/gE/27/s1/gE_27_s1_2019-03-07T13;18;37+01;00_rgb_ann_distraction.json,10755,12227,safe
dmd/gE/27/s1/gE_27_s1_2019-03-07T13;18;37+01;00_rgb_ann_distraction.json,563,976,unsafe
dmd/gE/27/s1/gE_27_s1_2019-03-07T13;18;37+01;00_rgb_ann_distraction.json,4035,4408,unsafe
dmd/gE/27/s1/gE_27_s1_2019-03-07T13;18;37+01;00_rgb_ann_distraction.json,9106,9555,unsafe
dmd/gE/27/s1/gE_27_s1_2019-03-07T13;18;37+01;00_rgb_ann_distraction.json,1220,1323,reaching
dmd/gE/27/s1/gE_27_s1_2019-03-07T13;18;37+01;00_rgb_ann_distraction.json,1590,1652,reaching
dmd/gE/27/s1/gE_27_s1_2019-03-07T13;18;37+01;00_rgb_ann_distraction.json,3438,3511,reaching
dmd/gE/27/s1/gE_27_s1_2019-03-07T13;18;37+01;00_rgb_ann_distraction.json,3696,3756,reaching
dmd/gE/27/s1/gE_27_s1_2019-03-07T13;18;37+01;00_rgb_ann_distraction.json,4936,4998,reaching
dmd/gE/27/s1/gE_27_s1_2019-03-07T13;18;37+01;00_rgb_ann_distraction.json,5220,5277,reaching
dmd/gE/27/s1/gE_27_s1_2019-03-07T13;18;37+01;00_rgb_ann_distraction.json,7441,7502,reaching
dmd/gE/27/s1/gE_27_s1_2019-03-07T13;18;37+01;00_rgb_ann_distraction.json,7705,7789,reaching
dmd/gE/27/s1/gE_27_s1_2019-03-07T13;18;37+01;00_rgb_ann_distraction.json,8691,8761,reaching
dmd/gE/27/s1/gE_27_s1_2019-03-07T13;18;37+01;00_rgb_ann_distraction.json,8961,9018,reaching
dmd/gE/27/s1/gE_27_s1_2019-03-07T13;18;37+01;00_rgb_ann_distraction.json,1955,1975,unsafe
dmd/gE/27/s1/gE_27_s1_2019-03-07T13;18;37+01;00_rgb_ann_distraction.json,2076,2100,unsafe
dmd/gE/27/s1/gE_27_s1_2019-03-07T13;18;37+01;00_rgb_ann_distraction.json,2146,2183,unsafe
dmd/gE/27/s1/gE_27_s1_2019-03-07T13;18;37+01;00_rgb_ann_distraction.json,2244,2279,unsafe
dmd/gE/27/s1/gE_27_s1_2019-03-07T13;18;37+01;00_rgb_ann_distraction.json,2326,2367,unsafe
dmd/gE/27/s1/gE_27_s1_2019-03-07T13;18;37+01;00_rgb_ann_distraction.json,2420,2452,unsafe
dmd/gE/27/s1/gE_27_s1_2019-03-07T13;18;37+01;00_rgb_ann_distraction.json,2518,2540,unsafe
dmd/gE/27/s1/gE_27_s1_2019-03-07T13;18;37+01;00_rgb_ann_distraction.json,2554,2581,unsafe
dmd/gE/27/s1/gE_27_s1_2019-03-07T13;18;37+01;00_rgb_ann_distraction.json,2625,2659,unsafe
dmd/gE/27/s1/gE_27_s1_2019-03-07T13;18;37+01;00_rgb_ann_distraction.json,2749,2772,unsafe
dmd/gE/27/s1/gE_27_s1_2019-03-07T13;18;37+01;00_rgb_ann_distraction.json,5412,5444,unsafe
dmd/gE/27/s1/gE_27_s1_2019-03-07T13;18;37+01;00_rgb_ann_distraction.json,5523,5556,unsafe
dmd/gE/27/s1/gE_27_s1_2019-03-07T13;18;37+01;00_rgb_ann_distraction.json,5583,5619,unsafe
dmd/gE/27/s1/gE_27_s1_2019-03-07T13;18;37+01;00_rgb_ann_distraction.json,5661,5701,unsafe
dmd/gE/27/s1/gE_27_s1_2019-03-07T13;18;37+01;00_rgb_ann_distraction.json,5742,5764,unsafe
dmd/gE/27/s1/gE_27_s1_2019-03-07T13;18;37+01;00_rgb_ann_distraction.json,5794,5829,unsafe
dmd/gE/27/s1/gE_27_s1_2019-03-07T13;18;37+01;00_rgb_ann_distraction.json,5872,5896,unsafe
dmd/gE/27/s1/gE_27_s1_2019-03-07T13;18;37+01;00_rgb_ann_distraction.json,5950,5961,unsafe
dmd/gE/27/s1/gE_27_s1_2019-03-07T13;18;37+01;00_rgb_ann_distraction.json,5973,6002,unsafe
dmd/gE/27/s1/gE_27_s1_2019-03-07T13;18;37+01;00_rgb_ann_distraction.json,6104,6126,unsafe
dmd/gE/27/s1/gE_27_s1_2019-03-07T13;18;37+01;00_rgb_ann_distraction.json,6207,6247,unsafe
dmd/gE/27/s1/gE_27_s1_2019-03-07T13;18;37+01;00_rgb_ann_distraction.json,6335,6376,unsafe
dmd/gE/27/s1/gE_27_s1_2019-03-07T13;18;37+01;00_rgb_ann_distraction.json,6456,6484,unsafe
dmd/gE/27/s1/gE_27_s1_2019-03-07T13;18;37+01;00_rgb_ann_distraction.json,6603,6645,unsafe
dmd/gE/27/s1/gE_27_s1_2019-03-07T13;18;37+01;00_rgb_ann_distraction.json,6708,6758,unsafe
dmd/gE/27/s1/gE_27_s1_2019-03-07T13;18;37+01;00_rgb_ann_distraction.json,6829,6872,unsafe
dmd/gE/27/s1/gE_27_s1_2019-03-07T13;18;37+01;00_rgb_ann_distraction.json,6900,6919,unsafe
dmd/gE/27/s1/gE_27_s1_2019-03-07T13;18;37+01;00_rgb_ann_distraction.json,6950,6988,unsafe
dmd/gE/27/s1/gE_27_s1_2019-03-07T13;18;37+01;00_rgb_ann_distraction.json,7052,7077,unsafe
dmd/gE/27/s1/gE_27_s1_2019-03-07T13;18;37+01;00_rgb_ann_distraction.json,10066,10112,unsafe
dmd/gE/27/s1/gE_27_s1_2019-03-07T13;18;37+01;00_rgb_ann_distraction.json,10280,10307,unsafe
dmd/gA/5/s3/gA_5_s3_2019-03-13T09;10;35+01;00_rgb_ann_distraction.json,11,86,safe
dmd/gA/5/s3/gA_5_s3_2019-03-13T09;10;35+01;00_rgb_ann_distraction.json,118,664,safe
dmd/gA/5/s3/gA_5_s3_2019-03-13T09;10;35+01;00_rgb_ann_distraction.json,843,1283,safe
dmd/gA/5/s3/gA_5_s3_2019-03-13T09;10;35+01;00_rgb_ann_distraction.json,1450,1834,safe
dmd/gA/5/s3/gA_5_s3_2019-03-13T09;10;35+01;00_rgb_ann_distraction.json,665,768,reaching
dmd/gA/5/s3/gA_5_s3_2019-03-13T09;10;35+01;00_rgb_ann_distraction.json,1284,1380,reaching
dmd/gA/5/s3/gA_5_s3_2019-03-13T09;10;35+01;00_rgb_ann_distraction.json,769,842,reaching
dmd/gA/5/s3/gA_5_s3_2019-03-13T09;10;35+01;00_rgb_ann_distraction.json,1381,1449,reaching
dmd/gA/5/s4/gA_5_s4_2019-03-22T11;28;00+01;00_rgb_ann_distraction.json,1,116,safe
dmd/gA/5/s4/gA_5_s4_2019-03-22T11;28;00+01;00_rgb_ann_distraction.json,217,355,safe
dmd/gA/5/s4/gA_5_s4_2019-03-22T11;28;00+01;00_rgb_ann_distraction.json,452,818,safe
dmd/gA/5/s4/gA_5_s4_2019-03-22T11;28;00+01;00_rgb_ann_distraction.json,1149,1291,safe
dmd/gA/5/s4/gA_5_s4_2019-03-22T11;28;00+01;00_rgb_ann_distraction.json,2721,2812,safe
dmd/gA/5/s4/gA_5_s4_2019-03-22T11;28;00+01;00_rgb_ann_distraction.json,3420,3468,safe
dmd/gA/5/s4/gA_5_s4_2019-03-22T11;28;00+01;00_rgb_ann_distraction.json,3531,3727,safe
dmd/gA/5/s4/gA_5_s4_2019-03-22T11;28;00+01;00_rgb_ann_distraction.json,4199,4536,safe
dmd/gA/5/s4/gA_5_s4_2019-03-22T11;28;00+01;00_rgb_ann_distraction.json,5706,5855,safe
dmd/gA/5/s4/gA_5_s4_2019-03-22T11;28;00+01;00_rgb_ann_distraction.json,5908,5971,safe
dmd/gA/5/s4/gA_5_s4_2019-03-22T11;28;00+01;00_rgb_ann_distraction.json,6628,6683,safe
dmd/gA/5/s4/gA_5_s4_2019-03-22T11;28;00+01;00_rgb_ann_distraction.json,7400,7419,safe
dmd/gA/5/s4/gA_5_s4_2019-03-22T11;28;00+01;00_rgb_ann_distraction.json,7512,7566,safe
dmd/gA/5/s4/gA_5_s4_2019-03-22T11;28;00+01;00_rgb_ann_distraction.json,7912,7984,safe
dmd/gA/5/s4/gA_5_s4_2019-03-22T11;28;00+01;00_rgb_ann_distraction.json,8085,8407,safe
dmd/gA/5/s4/gA_5_s4_2019-03-22T11;28;00+01;00_rgb_ann_distraction.json,9619,9804,safe
dmd/gA/5/s4/gA_5_s4_2019-03-22T11;28;00+01;00_rgb_ann_distraction.json,10442,10455,safe
dmd/gA/5/s4/gA_5_s4_2019-03-22T11;28;00+01;00_rgb_ann_distraction.json,10482,10542,safe
dmd/gA/5/s4/gA_5_s4_2019-03-22T11;28;00+01;00_rgb_ann_distraction.json,10989,11307,safe
dmd/gA/5/s4/gA_5_s4_2019-03-22T11;28;00+01;00_rgb_ann_distraction.json,12347,12356,safe
dmd/gA/5/s4/gA_5_s4_2019-03-22T11;28;00+01;00_rgb_ann_distraction.json,12450,12476,safe
dmd/gA/5/s4/gA_5_s4_2019-03-22T11;28;00+01;00_rgb_ann_distraction.json,12507,12658,safe
dmd/gA/5/s4/gA_5_s4_2019-03-22T11;28;00+01;00_rgb_ann_distraction.json,13646,13910,safe
dmd/gA/5/s4/gA_5_s4_2019-03-22T11;28;00+01;00_rgb_ann_distraction.json,14362,14443,safe
dmd/gA/5/s4/gA_5_s4_2019-03-22T11;28;00+01;00_rgb_ann_distraction.json,14506,14686,safe
dmd/gA/5/s4/gA_5_s4_2019-03-22T11;28;00+01;00_rgb_ann_distraction.json,14991,15087,safe
dmd/gA/5/s4/gA_5_s4_2019-03-22T11;28;00+01;00_rgb_ann_distraction.json,819,876,reaching
dmd/gA/5/s4/gA_5_s4_2019-03-22T11;28;00+01;00_rgb_ann_distraction.json,1098,1148,reaching
dmd/gA/5/s4/gA_5_s4_2019-03-22T11;28;00+01;00_rgb_ann_distraction.json,1292,1340,reaching
dmd/gA/5/s4/gA_5_s4_2019-03-22T11;28;00+01;00_rgb_ann_distraction.json,2672,2720,reaching
dmd/gA/5/s4/gA_5_s4_2019-03-22T11;28;00+01;00_rgb_ann_distraction.json,2859,2917,reaching
dmd/gA/5/s4/gA_5_s4_2019-03-22T11;28;00+01;00_rgb_ann_distraction.json,3361,3419,reaching
dmd/gA/5/s4/gA_5_s4_2019-03-22T11;28;00+01;00_rgb_ann_distraction.json,3756,3794,reaching
dmd/gA/5/s4/gA_5_s4_2019-03-22T11;28;00+01;00_rgb_ann_distraction.json,4144,4198,reaching
dmd/gA/5/s4/gA_5_s4_2019-03-22T11;28;00+01;00_rgb_ann_distraction.json,4537,4627,reaching
dmd/gA/5/s4/gA_5_s4_2019-03-22T11;28;00+01;00_rgb_ann_distraction.json,5607,5658,reaching
dmd/gA/5/s4/gA_5_s4_2019-03-22T11;28;00+01;00_rgb_ann_distraction.json,5972,6031,reaching
dmd/gA/5/s4/gA_5_s4_2019-03-22T11;28;00+01;00_rgb_ann_distraction.json,6565,6627,reaching
dmd/gA/5/s4/gA_5_s4_2019-03-22T11;28;00+01;00_rgb_ann_distraction.json,6734,6863,reaching
dmd/gA/5/s4/gA_5_s4_2019-03-22T11;28;00+01;00_rgb_ann_distraction.json,7301,7348,reaching
dmd/gA/5/s4/gA_5_s4_2019-03-22T11;28;00+01;00_rgb_ann_distraction.json,7567,7615,reaching
dmd/gA/5/s4/gA_5_s4_2019-03-22T11;28;00+01;00_rgb_ann_distraction.json,7845,7911,reaching
dmd/gA/5/s4/gA_5_s4_2019-03-22T11;28;00+01;00_rgb_ann_distraction.json,8408,8453,reaching
dmd/gA/5/s4/gA_5_s4_2019-03-22T11;28;00+01;00_rgb_ann_distraction.json,9504,9618,reaching
dmd/gA/5/s4/gA_5_s4_2019-03-22T11;28;00+01;00_rgb_ann_distraction.json,9805,9872,reaching
dmd/gA/5/s4/gA_5_s4_2019-03-22T11;28;00+01;00_rgb_ann_distraction.json,10391,10441,reaching
dmd/gA/5/s4/gA_5_s4_2019-03-22T11;28;00+01;00_rgb_ann_distraction.json,10562,10640,reaching
dmd/gA/5/s4/gA_5_s4_2019-03-22T11;28;00+01;00_rgb_ann_distraction.json,10706,10753,reaching
dmd/gA/5/s4/gA_5_s4_2019-03-22T11;28;00+01;00_rgb_ann_distraction.json,10941,10988,reaching
dmd/gA/5/s4/gA_5_s4_2019-03-22T11;28;00+01;00_rgb_ann_distraction.json,11308,11352,reaching
dmd/gA/5/s4/gA_5_s4_2019-03-22T11;28;00+01;00_rgb_ann_distraction.json,12302,12346,reaching
dmd/gA/5/s4/gA_5_s4_2019-03-22T11;28;00+01;00_rgb_ann_distraction.json,12659,12711,reaching
dmd/gA/5/s4/gA_5_s4_2019-03-22T11;28;00+01;00_rgb_ann_distraction.json,13606,13645,reaching
dmd/gA/5/s4/gA_5_s4_2019-03-22T11;28;00+01;00_rgb_ann_distraction.json,13911,13953,reaching
dmd/gA/5/s4/gA_5_s4_2019-03-22T11;28;00+01;00_rgb_ann_distraction.json,14465,14505,reaching
dmd/gA/5/s4/gA_5_s4_2019-03-22T11;28;00+01;00_rgb_ann_distraction.json,14687,14735,reaching
dmd/gA/5/s4/gA_5_s4_2019-03-22T11;28;00+01;00_rgb_ann_distraction.json,14931,14990,reaching
dmd/gA/5/s4/gA_5_s4_2019-03-22T11;28;00+01;00_rgb_ann_distraction.json,1341,2671,unsafe
dmd/gA/5/s4/gA_5_s4_2019-03-22T11;28;00+01;00_rgb_ann_distraction.json,4628,5606,unsafe
dmd/gA/5/s4/gA_5_s4_2019-03-22T11;28;00+01;00_rgb_ann_distraction.json,8454,8542,unsafe
dmd/gA/5/s4/gA_5_s4_2019-03-22T11;28;00+01;00_rgb_ann_distraction.json,2918,3360,unsafe
dmd/gA/5/s4/gA_5_s4_2019-03-22T11;28;00+01;00_rgb_ann_distraction.json,6032,6286,unsafe
dmd/gA/5/s4/gA_5_s4_2019-03-22T11;28;00+01;00_rgb_ann_distraction.json,6324,6340,unsafe
dmd/gA/5/s4/gA_5_s4_2019-03-22T11;28;00+01;00_rgb_ann_distraction.json,6375,6564,unsafe
dmd/gA/5/s4/gA_5_s4_2019-03-22T11;28;00+01;00_rgb_ann_distraction.json,8543,9503,unsafe
dmd/gA/5/s4/gA_5_s4_2019-03-22T11;28;00+01;00_rgb_ann_distraction.json,11434,12301,unsafe
dmd/gA/5/s4/gA_5_s4_2019-03-22T11;28;00+01;00_rgb_ann_distraction.json,9915,10390,unsafe
dmd/gA/5/s4/gA_5_s4_2019-03-22T11;28;00+01;00_rgb_ann_distraction.json,11353,11433,unsafe
dmd/gA/5/s4/gA_5_s4_2019-03-22T11;28;00+01;00_rgb_ann_distraction.json,12712,12871,unsafe
dmd/gA/5/s4/gA_5_s4_2019-03-22T11;28;00+01;00_rgb_ann_distraction.json,12907,13605,unsafe
dmd/gA/5/s1/gA_5_s1_2019-03-08T10;57;00+01;00_rgb_ann_distraction.json,16,327,safe
dmd/gA/5/s1/gA_5_s1_2019-03-08T10;57;00+01;00_rgb_ann_distraction.json,378,557,safe
dmd/gA/5/s1/gA_5_s1_2019-03-08T10;57;00+01;00_rgb_ann_distraction.json,582,679,safe
dmd/gA/5/s1/gA_5_s1_2019-03-08T10;57;00+01;00_rgb_ann_distraction.json,723,743,safe
dmd/gA/5/s1/gA_5_s1_2019-03-08T10;57;00+01;00_rgb_ann_distraction.json,766,789,safe
dmd/gA/5/s1/gA_5_s1_2019-03-08T10;57;00+01;00_rgb_ann_distraction.json,824,1247,safe
dmd/gA/5/s1/gA_5_s1_2019-03-08T10;57;00+01;00_rgb_ann_distraction.json,1669,1848,safe
dmd/gA/5/s1/gA_5_s1_2019-03-08T10;57;00+01;00_rgb_ann_distraction.json,1867,2027,safe
dmd/gA/5/s1/gA_5_s1_2019-03-08T10;57;00+01;00_rgb_ann_distraction.json,2046,2186,safe
dmd/gA/5/s1/gA_5_s1_2019-03-08T10;57;00+01;00_rgb_ann_distraction.json,2203,2217,safe
dmd/gA/5/s1/gA_5_s1_2019-03-08T10;57;00+01;00_rgb_ann_distraction.json,2233,2713,safe
dmd/gA/5/s1/gA_5_s1_2019-03-08T10;57;00+01;00_rgb_ann_distraction.json,3217,3303,safe
dmd/gA/5/s1/gA_5_s1_2019-03-08T10;57;00+01;00_rgb_ann_distraction.json,3420,3468,safe
dmd/gA/5/s1/gA_5_s1_2019-03-08T10;57;00+01;00_rgb_ann_distraction.json,3554,3629,safe
dmd/gA/5/s1/gA_5_s1_2019-03-08T10;57;00+01;00_rgb_ann_distraction.json,3713,4118,safe
dmd/gA/5/s1/gA_5_s1_2019-03-08T10;57;00+01;00_rgb_ann_distraction.json,4488,4899,safe
dmd/gA/5/s1/gA_5_s1_2019-03-08T10;57;00+01;00_rgb_ann_distraction.json,4928,5698,safe
dmd/gA/5/s1/gA_5_s1_2019-03-08T10;57;00+01;00_rgb_ann_distraction.json,5714,5868,safe
dmd/gA/5/s1/gA_5_s1_2019-03-08T10;57;00+01;00_rgb_ann_distraction.json,5887,5910,safe
dmd/gA/5/s1/gA_5_s1_2019-03-08T10;57;00+01;00_rgb_ann_distraction.json,5922,6174,safe
dmd/gA/5/s1/gA_5_s1_2019-03-08T10;57;00+01;00_rgb_ann_distraction.json,6533,7007,safe
dmd/gA/5/s1/gA_5_s1_2019-03-08T10;57;00+01;00_rgb_ann_distraction.json,328,377,unsafe
dmd/gA/5/s1/gA_5_s1_2019-03-08T10;57;00+01;00_rgb_ann_distraction.json,558,581,unsafe
dmd/gA/5/s1/gA_5_s1_2019-03-08T10;57;00+01;00_rgb_ann_distraction.json,680,722,unsafe
dmd/gA/5/s1/gA_5_s1_2019-03-08T10;57;00+01;00_rgb_ann_distraction.json,744,765,unsafe
dmd/gA/5/s1/gA_5_s1_2019-03-08T10;57;00+01;00_rgb_ann_distraction.json,790,823,unsafe
dmd/gA/5/s1/gA_5_s1_2019-03-08T10;57;00+01;00_rgb_ann_distraction.json,3304,3419,unsafe
dmd/gA/5/s1/gA_5_s1_2019-03-08T10;57;00+01;00_rgb_ann_distraction.json,3469,3553,unsafe
dmd/gA/5/s1/gA_5_s1_2019-03-08T10;57;00+01;00_rgb_ann_distraction.json,3630,3712,unsafe
dmd/gA/5/s1/gA_5_s1_2019-03-08T10;57;00+01;00_rgb_ann_distraction.json,1248,1326,reaching
dmd/gA/5/s1/gA_5_s1_2019-03-08T10;57;00+01;00_rgb_ann_distraction.json,1607,1668,reaching
dmd/gA/5/s1/gA_5_s1_2019-03-08T10;57;00+01;00_rgb_ann_distraction.json,2714,2871,reaching
dmd/gA/5/s1/gA_5_s1_2019-03-08T10;57;00+01;00_rgb_ann_distraction.json,3167,3216,reaching
dmd/gA/5/s1/gA_5_s1_2019-03-08T10;57;00+01;00_rgb_ann_distraction.json,4119,4222,reaching
dmd/gA/5/s1/gA_5_s1_2019-03-08T10;57;00+01;00_rgb_ann_distraction.json,4422,4487,reaching
dmd/gA/5/s1/gA_5_s1_2019-03-08T10;57;00+01;00_rgb_ann_distraction.json,6175,6251,reaching
dmd/gA/5/s1/gA_5_s1_2019-03-08T10;57;00+01;00_rgb_ann_distraction.json,6457,6532,reaching
dmd/gA/5/s1/gA_5_s1_2019-03-08T10;57;00+01;00_rgb_ann_distraction.json,1849,1866,unsafe
dmd/gA/5/s1/gA_5_s1_2019-03-08T10;57;00+01;00_rgb_ann_distraction.json,2028,2045,unsafe
dmd/gA/5/s1/gA_5_s1_2019-03-08T10;57;00+01;00_rgb_ann_distraction.json,2187,2202,unsafe
dmd/gA/5/s1/gA_5_s1_2019-03-08T10;57;00+01;00_rgb_ann_distraction.json,2218,2232,unsafe
dmd/gA/5/s1/gA_5_s1_2019-03-08T10;57;00+01;00_rgb_ann_distraction.json,4900,4927,unsafe
dmd/gA/5/s1/gA_5_s1_2019-03-08T10;57;00+01;00_rgb_ann_distraction.json,5699,5713,unsafe
dmd/gA/5/s1/gA_5_s1_2019-03-08T10;57;00+01;00_rgb_ann_distraction.json,5869,5886,unsafe
dmd/gA/5/s1/gA_5_s1_2019-03-08T10;57;00+01;00_rgb_ann_distraction.json,5911,5921,unsafe
dmd/gA/5/s2/gA_5_s2_2019-03-08T10;46;46+01;00_rgb_ann_distraction.json,19,395,safe
dmd/gA/5/s2/gA_5_s2_2019-03-08T10;46;46+01;00_rgb_ann_distraction.json,885,1121,safe
dmd/gA/5/s2/gA_5_s2_2019-03-08T10;46;46+01;00_rgb_ann_distraction.json,2106,2413,safe
dmd/gA/5/s2/gA_5_s2_2019-03-08T10;46;46+01;00_rgb_ann_distraction.json,3032,3386,safe
dmd/gA/5/s2/gA_5_s2_2019-03-08T10;46;46+01;00_rgb_ann_distraction.json,4419,4804,safe
dmd/gA/5/s2/gA_5_s2_2019-03-08T10;46;46+01;00_rgb_ann_distraction.json,5604,6000,safe
dmd/gA/5/s2/gA_5_s2_2019-03-08T10;46;46+01;00_rgb_ann_distraction.json,6478,6856,safe
dmd/gA/5/s2/gA_5_s2_2019-03-08T10;46;46+01;00_rgb_ann_distraction.json,8059,8362,safe
dmd/gA/5/s2/gA_5_s2_2019-03-08T10;46;46+01;00_rgb_ann_distraction.json,9023,9379,safe
dmd/gA/5/s2/gA_5_s2_2019-03-08T10;46;46+01;00_rgb_ann_distraction.json,10703,10921,safe
dmd/gA/5/s2/gA_5_s2_2019-03-08T10;46;46+01;00_rgb_ann_distraction.json,11600,11734,safe
dmd/gA/5/s2/gA_5_s2_2019-03-08T10;46;46+01;00_rgb_ann_distraction.json,12241,12412,safe
dmd/gA/5/s2/gA_5_s2_2019-03-08T10;46;46+01;00_rgb_ann_distraction.json,396,584,reaching
dmd/gA/5/s2/gA_5_s2_2019-03-08T10;46;46+01;00_rgb_ann_distraction.json,708,884,reaching
dmd/gA/5/s2/gA_5_s2_2019-03-08T10;46;46+01;00_rgb_ann_distraction.json,1122,1184,reaching
dmd/gA/5/s2/gA_5_s2_2019-03-08T10;46;46+01;00_rgb_ann_distraction.json,2059,2105,reaching
dmd/gA/5/s2/gA_5_s2_2019-03-08T10;46;46+01;00_rgb_ann_distraction.json,2414,2472,reaching
dmd/gA/5/s2/gA_5_s2_2019-03-08T10;46;46+01;00_rgb_ann_distraction.json,2985,3031,reaching
dmd/gA/5/s2/gA_5_s2_2019-03-08T10;46;46+01;00_rgb_ann_distraction.json,3387,3429,reaching
dmd/gA/5/s2/gA_5_s2_2019-03-08T10;46;46+01;00_rgb_ann_distraction.json,4356,4418,reaching
dmd/gA/5/s2/gA_5_s2_2019-03-08T10;46;46+01;00_rgb_ann_distraction.json,4805,4865,reaching
dmd/gA/5/s2/gA_5_s2_2019-03-08T10;46;46+01;00_rgb_ann_distraction.json,5551,5603,reaching
dmd/gA/5/s2/gA_5_s2_2019-03-08T10;46;46+01;00_rgb_ann_distraction.json,6001,6134,reaching
dmd/gA/5/s2/gA_5_s2_2019-03-08T10;46;46+01;00_rgb_ann_distraction.json,6331,6477,reaching
dmd/gA/5/s2/gA_5_s2_2019-03-08T10;46;46+01;00_rgb_ann_distraction.json,6857,6909,reaching
dmd/gA/5/s2/gA_5_s2_2019-03-08T10;46;46+01;00_rgb_ann_distraction.json,7986,8058,reaching
dmd/gA/5/s2/gA_5_s2_2019-03-08T10;46;46+01;00_rgb_ann_distraction.json,8363,8420,reaching
dmd/gA/5/s2/gA_5_s2_2019-03-08T10;46;46+01;00_rgb_ann_distraction.json,8974,9022,reaching
dmd/gA/5/s2/gA_5_s2_2019-03-08T10;46;46+01;00_rgb_ann_distraction.json,9380,9428,reaching
dmd/gA/5/s2/gA_5_s2_2019-03-08T10;46;46+01;00_rgb_ann_distraction.json,10648,10702,reaching
dmd/gA/5/s2/gA_5_s2_2019-03-08T10;46;46+01;00_rgb_ann_distraction.json,10922,10966,reaching
dmd/gA/5/s2/gA_5_s2_2019-03-08T10;46;46+01;00_rgb_ann_distraction.json,11526,11599,reaching
dmd/gA/5/s2/gA_5_s2_2019-03-08T10;46;46+01;00_rgb_ann_distraction.json,11735,11882,reaching
dmd/gA/5/s2/gA_5_s2_2019-03-08T10;46;46+01;00_rgb_ann_distraction.json,12079,12240,reaching
dmd/gA/5/s2/gA_5_s2_2019-03-08T10;46;46+01;00_rgb_ann_distraction.json,1185,1219,unsafe
dmd/gA/5/s2/gA_5_s2_2019-03-08T10;46;46+01;00_rgb_ann_distraction.json,2045,2058,unsafe
dmd/gA/5/s2/gA_5_s2_2019-03-08T10;46;46+01;00_rgb_ann_distraction.json,2473,2984,unsafe
dmd/gA/5/s2/gA_5_s2_2019-03-08T10;46;46+01;00_rgb_ann_distraction.json,3430,3438,unsafe
dmd/gA/5/s2/gA_5_s2_2019-03-08T10;46;46+01;00_rgb_ann_distraction.json,4866,5550,unsafe
dmd/gA/5/s2/gA_5_s2_2019-03-08T10;46;46+01;00_rgb_ann_distraction.json,1220,2044,unsafe
dmd/gA/5/s2/gA_5_s2_2019-03-08T10;46;46+01;00_rgb_ann_distraction.json,3439,4355,unsafe
dmd/gA/5/s2/gA_5_s2_2019-03-08T10;46;46+01;00_rgb_ann_distraction.json,6910,6929,unsafe
dmd/gA/5/s2/gA_5_s2_2019-03-08T10;46;46+01;00_rgb_ann_distraction.json,6957,6996,unsafe
dmd/gA/5/s2/gA_5_s2_2019-03-08T10;46;46+01;00_rgb_ann_distraction.json,8421,8973,unsafe
dmd/gA/5/s2/gA_5_s2_2019-03-08T10;46;46+01;00_rgb_ann_distraction.json,9429,9453,unsafe
dmd/gA/5/s2/gA_5_s2_2019-03-08T10;46;46+01;00_rgb_ann_distraction.json,10967,11525,unsafe
dmd/gA/5/s2/gA_5_s2_2019-03-08T10;46;46+01;00_rgb_ann_distraction.json,6997,7985,unsafe
dmd/gA/5/s2/gA_5_s2_2019-03-08T10;46;46+01;00_rgb_ann_distraction.json,9454,10647,unsafe
dmd/gA/1/s4/gA_1_s4_2019-03-22T11;49;58+01;00_rgb_ann_distraction.json,3,509,safe
dmd/gA/1/s4/gA_1_s4_2019-03-22T11;49;58+01;00_rgb_ann_distraction.json,722,1007,safe
dmd/gA/1/s4/gA_1_s4_2019-03-22T11;49;58+01;00_rgb_ann_distraction.json,1574,1733,safe
dmd/gA/1/s4/gA_1_s4_2019-03-22T11;49;58+01;00_rgb_ann_distraction.json,3292,3521,safe
dmd/gA/1/s4/gA_1_s4_2019-03-22T11;49;58+01;00_rgb_ann_distraction.json,4163,4654,safe
dmd/gA/1/s4/gA_1_s4_2019-03-22T11;49;58+01;00_rgb_ann_distraction.json,6674,6809,safe
dmd/gA/1/s4/gA_1_s4_2019-03-22T11;49;58+01;00_rgb_ann_distraction.json,7447,7780,safe
dmd/gA/1/s4/gA_1_s4_2019-03-22T11;49;58+01;00_rgb_ann_distraction.json,8368,8541,safe
dmd/gA/1/s4/gA_1_s4_2019-03-22T11;49;58+01;00_rgb_ann_distraction.json,8949,9140,safe
dmd/gA/1/s4/gA_1_s4_2019-03-22T11;49;58+01;00_rgb_ann_distraction.json,10354,10583,safe
dmd/gA/1/s4/gA_1_s4_2019-03-22T11;49;58+01;00_rgb_ann_distraction.json,11344,11653,safe
dmd/gA/1/s4/gA_1_s4_2019-03-22T11;49;58+01;00_rgb_ann_distraction.json,12031,12321,safe
dmd/gA/1/s4/gA_1_s4_2019-03-22T11;49;58+01;00_rgb_ann_distraction.json,13466,13673,safe
dmd/gA/1/s4/gA_1_s4_2019-03-22T11;49;58+01;00_rgb_ann_distraction.json,14532,14888,safe
dmd/gA/1/s4/gA_1_s4_2019-03-22T11;49;58+01;00_rgb_ann_distraction.json,15441,15677,safe
dmd/gA/1/s4/gA_1_s4_2019-03-22T11;49;58+01;00_rgb_ann_distraction.json,16183,16310,safe
dmd/gA/1/s4/gA_1_s4_2019-03-22T11;49;58+01;00_rgb_ann_distraction.json,1008,1082,reaching
dmd/gA/1/s4/gA_1_s4_2019-03-22T11;49;58+01;00_rgb_ann_distraction.json,1458,1573,reaching
dmd/gA/1/s4/gA_1_s4_2019-03-22T11;49;58+01;00_rgb_ann_distraction.json,1734,1898,reaching
dmd/gA/1/s4/gA_1_s4_2019-03-22T11;49;58+01;00_rgb_ann_distraction.json,3201,3291,reaching
dmd/gA/1/s4/gA_1_s4_2019-03-22T11;49;58+01;00_rgb_ann_distraction.json,3522,3608,reaching
dmd/gA/1/s4/gA_1_s4_2019-03-22T11;49;58+01;00_rgb_ann_distraction.json,4092,4162,reaching
dmd/gA/1/s4/gA_1_s4_2019-03-22T11;49;58+01;00_rgb_ann_distraction.json,4655,4714,reaching
dmd/gA/1/s4/gA_1_s4_2019-03-22T11;49;58+01;00_rgb_ann_distraction.json,4996,5320,reaching
dmd/gA/1/s4/gA_1_s4_2019-03-22T11;49;58+01;00_rgb_ann_distraction.json,6599,6673,reaching
dmd/gA/1/s4/gA_1_s4_2019-03-22T11;49;58+01;00_rgb_ann_distraction.json,6810,6879,reaching
dmd/gA/1/s4/gA_1_s4_2019-03-22T11;49;58+01;00_rgb_ann_distraction.json,7404,7446,reaching
dmd/gA/1/s4/gA_1_s4_2019-03-22T11;49;58+01;00_rgb_ann_distraction.json,7781,7871,reaching
dmd/gA/1/s4/gA_1_s4_2019-03-22T11;49;58+01;00_rgb_ann_distraction.json,8299,8367,reaching
dmd/gA/1/s4/gA_1_s4_2019-03-22T11;49;58+01;00_rgb_ann_distraction.json,8542,8633,reaching
dmd/gA/1/s4/gA_1_s4_2019-03-22T11;49;58+01;00_rgb_ann_distraction.json,8846,8948,reaching
dmd/gA/1/s4/gA_1_s4_2019-03-22T11;49;58+01;00_rgb_ann_distraction.json,9141,9231,reaching
dmd/gA/1/s4/gA_1_s4_2019-03-22T11;49;58+01;00_rgb_ann_distraction.json,10266,10353,reaching
dmd/gA/1/s4/gA_1_s4_2019-03-22T11;49;58+01;00_rgb_ann_distraction.json,10584,10672,reaching
dmd/gA/1/s4/gA_1_s4_2019-03-22T11;49;58+01;00_rgb_ann_distraction.json,11285,11343,reaching
dmd/gA/1/s4/gA_1_s4_2019-03-22T11;49;58+01;00_rgb_ann_distraction.json,11654,11707,reaching
dmd/gA/1/s4/gA_1_s4_2019-03-22T11;49;58+01;00_rgb_ann_distraction.json,11949,12030,reaching
dmd/gA/1/s4/gA_1_s4_2019-03-22T11;49;58+01;00_rgb_ann_distraction.json,12322,12467,reaching
dmd/gA/1/s4/gA_1_s4_2019-03-22T11;49;58+01;00_rgb_ann_distraction.json,13389,13465,reaching
dmd/gA/1/s4/gA_1_s4_2019-03-22T11;49;58+01;00_rgb_ann_distraction.json,13674,13843,reaching
dmd/gA/1/s4/gA_1_s4_2019-03-22T11;49;58+01;00_rgb_ann_distraction.json,14468,14531,reaching
dmd/gA/1/s4/gA_1_s4_2019-03-22T11;49;58+01;00_rgb_ann_distraction.json,14889,14937,reaching
dmd/gA/1/s4/gA_1_s4_2019-03-22T11;49;58+01;00_rgb_ann_distraction.json,15383,15440,reaching
dmd/gA/1/s4/gA_1_s4_2019-03-22T11;49;58+01;00_rgb_ann_distraction.json,15678,15741,reaching
dmd/gA/1/s4/gA_1_s4_2019-03-22T11;49;58+01;00_rgb_ann_distraction.json,16041,16182,reaching
dmd/gA/1/s4/gA_1_s4_2019-03-22T11;49;58+01;00_rgb_ann_distraction.json,1899,3200,unsafe
dmd/gA/1/s4/gA_1_s4_2019-03-22T11;49;58+01;00_rgb_ann_distraction.json,5321,6598,unsafe
dmd/gA/1/s4/gA_1_s4_2019-03-22T11;49;58+01;00_rgb_ann_distraction.json,3609,4091,unsafe
dmd/gA/1/s4/gA_1_s4_2019-03-22T11;49;58+01;00_rgb_ann_distraction.json,6880,7403,unsafe
dmd/gA/1/s4/gA_1_s4_2019-03-22T11;49;58+01;00_rgb_ann_distraction.json,10227,10265,unsafe
dmd/gA/1/s4/gA_1_s4_2019-03-22T11;49;58+01;00_rgb_ann_distraction.json,10673,10737,unsafe
dmd/gA/1/s4/gA_1_s4_2019-03-22T11;49;58+01;00_rgb_ann_distraction.json,9232,10207,unsafe
dmd/gA/1/s4/gA_1_s4_2019-03-22T11;49;58+01;00_rgb_ann_distraction.json,12468,13359,unsafe
dmd/gA/1/s4/gA_1_s4_2019-03-22T11;49;58+01;00_rgb_ann_distraction.json,10208,10226,unsafe
dmd/gA/1/s4/gA_1_s4_2019-03-22T11;49;58+01;00_rgb_ann_distraction.json,10738,11284,unsafe
dmd/gA/1/s4/gA_1_s4_2019-03-22T11;49;58+01;00_rgb_ann_distraction.json,13360,13388,unsafe
dmd/gA/1/s4/gA_1_s4_2019-03-22T11;49;58+01;00_rgb_ann_distraction.json,13844,14467,unsafe
dmd/gA/1/s3/gA_1_s3_2019-03-14T14;31;08+01;00_rgb_ann_distraction.json,7,80,safe
dmd/gA/1/s3/gA_1_s3_2019-03-14T14;31;08+01;00_rgb_ann_distraction.json,133,682,safe
dmd/gA/1/s3/gA_1_s3_2019-03-14T14;31;08+01;00_rgb_ann_distraction.json,937,1271,safe
dmd/gA/1/s3/gA_1_s3_2019-03-14T14;31;08+01;00_rgb_ann_distraction.json,1491,1844,safe
dmd/gA/1/s3/gA_1_s3_2019-03-14T14;31;08+01;00_rgb_ann_distraction.json,683,936,reaching
dmd/gA/1/s3/gA_1_s3_2019-03-14T14;31;08+01;00_rgb_ann_distraction.json,1272,1490,reaching
dmd/gA/1/s2/gA_1_s2_2019-03-08T09;21;03+01;00_rgb_ann_distraction.json,5,459,safe
dmd/gA/1/s2/gA_1_s2_2019-03-08T09;21;03+01;00_rgb_ann_distraction.json,1181,1477,safe
dmd/gA/1/s2/gA_1_s2_2019-03-08T09;21;03+01;00_rgb_ann_distraction.json,2673,3046,safe
dmd/gA/1/s2/gA_1_s2_2019-03-08T09;21;03+01;00_rgb_ann_distraction.json,3567,3961,safe
dmd/gA/1/s2/gA_1_s2_2019-03-08T09;21;03+01;00_rgb_ann_distraction.json,5382,5907,safe
dmd/gA/1/s2/gA_1_s2_2019-03-08T09;21;03+01;00_rgb_ann_distraction.json,6568,6740,safe
dmd/gA/1/s2/gA_1_s2_2019-03-08T09;21;03+01;00_rgb_ann_distraction.json,7260,7613,safe
dmd/gA/1/s2/gA_1_s2_2019-03-08T09;21;03+01;00_rgb_ann_distraction.json,9047,9408,safe
dmd/gA/1/s2/gA_1_s2_2019-03-08T09;21;03+01;00_rgb_ann_distraction.json,10150,10286,safe
dmd/gA/1/s2/gA_1_s2_2019-03-08T09;21;03+01;00_rgb_ann_distraction.json,12072,12124,safe
dmd/gA/1/s2/gA_1_s2_2019-03-08T09;21;03+01;00_rgb_ann_distraction.json,12747,12879,safe
dmd/gA/1/s2/gA_1_s2_2019-03-08T09;21;03+01;00_rgb_ann_distraction.json,13485,13637,safe
dmd/gA/1/s2/gA_1_s2_2019-03-08T09;21;03+01;00_rgb_ann_distraction.json,460,699,reaching
dmd/gA/1/s2/gA_1_s2_2019-03-08T09;21;03+01;00_rgb_ann_distraction.json,1038,1180,reaching
dmd/gA/1/s2/gA_1_s2_2019-03-08T09;21;03+01;00_rgb_ann_distraction.json,1478,1518,reaching
dmd/gA/1/s2/gA_1_s2_2019-03-08T09;21;03+01;00_rgb_ann_distraction.json,2617,2672,reaching
dmd/gA/1/s2/gA_1_s2_2019-03-08T09;21;03+01;00_rgb_ann_distraction.json,3047,3129,reaching
dmd/gA/1/s2/gA_1_s2_2019-03-08T09;21;03+01;00_rgb_ann_distraction.json,3522,3566,reaching
dmd/gA/1/s2/gA_1_s2_2019-03-08T09;21;03+01;00_rgb_ann_distraction.json,3962,4029,reaching
dmd/gA/1/s2/gA_1_s2_2019-03-08T09;21;03+01;00_rgb_ann_distraction.json,5305,5381,reaching
dmd/gA/1/s2/gA_1_s2_2019-03-08T09;21;03+01;00_rgb_ann_distraction.json,5908,6052,reaching
dmd/gA/1/s2/gA_1_s2_2019-03-08T09;21;03+01;00_rgb_ann_distraction.json,6453,6567,reaching
dmd/gA/1/s2/gA_1_s2_2019-03-08T09;21;03+01;00_rgb_ann_distraction.json,6741,6784,reaching
dmd/gA/1/s2/gA_1_s2_2019-03-08T09;21;03+01;00_rgb_ann_distraction.json,7213,7259,reaching
dmd/gA/1/s2/gA_1_s2_2019-03-08T09;21;03+01;00_rgb_ann_distraction.json,7614,7725,reaching
dmd/gA/1/s2/gA_1_s2_2019-03-08T09;21;03+01;00_rgb_ann_distraction.json,8934,9046,reaching
dmd/gA/1/s2/gA_1_s2_2019-03-08T09;21;03+01;00_rgb_ann_distraction.json,9409,9507,reaching
dmd/gA/1/s2/gA_1_s2_2019-03-08T09;21;03+01;00_rgb_ann_distraction.json,10070,10149,reaching
dmd/gA/1/s2/gA_1_s2_2019-03-08T09;21;03+01;00_rgb_ann_distraction.json,10287,10412,reaching
dmd/gA/1/s2/gA_1_s2_2019-03-08T09;21;03+01;00_rgb_ann_distraction.json,11983,12071,reaching
dmd/gA/1/s2/gA_1_s2_2019-03-08T09;21;03+01;00_rgb_ann_distraction.json,12125,12197,reaching
dmd/gA/1/s2/gA_1_s2_2019-03-08T09;21;03+01;00_rgb_ann_distraction.json,12658,12746,reaching
dmd/gA/1/s2/gA_1_s2_2019-03-08T09;21;03+01;00_rgb_ann_distraction.json,12880,13049,reaching
dmd/gA/1/s2/gA_1_s2_2019-03-08T09;21;03+01;00_rgb_ann_distraction.json,13368,13484,reaching
dmd/gA/1/s2/gA_1_s2_2019-03-08T09;21;03+01;00_rgb_ann_distraction.json,1519,2616,unsafe
dmd/gA/1/s2/gA_1_s2_2019-03-08T09;21;03+01;00_rgb_ann_distraction.json,4030,5304,unsafe
dmd/gA/1/s2/gA_1_s2_2019-03-08T09;21;03+01;00_rgb_ann_distraction.json,3130,3521,unsafe
dmd/gA/1/s2/gA_1_s2_2019-03-08T09;21;03+01;00_rgb_ann_distraction.json,6785,7212,unsafe
dmd/gA/1/s2/gA_1_s2_2019-03-08T09;21;03+01;00_rgb_ann_distraction.json,7726,8933,unsafe
dmd/gA/1/s2/gA_1_s2_2019-03-08T09;21;03+01;00_rgb_ann_distraction.json,10413,11982,unsafe
dmd/gA/1/s2/gA_1_s2_2019-03-08T09;21;03+01;00_rgb_ann_distraction.json,9508,10069,unsafe
dmd/gA/1/s2/gA_1_s2_2019-03-08T09;21;03+01;00_rgb_ann_distraction.json,12198,12657,unsafe
dmd/gA/1/s1/gA_1_s1_2019-03-08T09;31;15+01;00_rgb_ann_distraction.json,15,525,safe
dmd/gA/1/s1/gA_1_s1_2019-03-08T09;31;15+01;00_rgb_ann_distraction.json,567,613,safe
dmd/gA/1/s1/gA_1_s1_2019-03-08T09;31;15+01;00_rgb_ann_distraction.json,995,1279,safe
dmd/gA/1/s1/gA_1_s1_2019-03-08T09;31;15+01;00_rgb_ann_distraction.json,1908,2127,safe
dmd/gA/1/s1/gA_1_s1_2019-03-08T09;31;15+01;00_rgb_ann_distraction.json,2155,2256,safe
dmd/gA/1/s1/gA_1_s1_2019-03-08T09;31;15+01;00_rgb_ann_distraction.json,2275,2407,safe
dmd/gA/1/s1/gA_1_s1_2019-03-08T09;31;15+01;00_rgb_ann_distraction.json,2432,2559,safe
dmd/gA/1/s1/gA_1_s1_2019-03-08T09;31;15+01;00_rgb_ann_distraction.json,2588,2628,safe
dmd/gA/1/s1/gA_1_s1_2019-03-08T09;31;15+01;00_rgb_ann_distraction.json,2674,2730,safe
dmd/gA/1/s1/gA_1_s1_2019-03-08T09;31;15+01;00_rgb_ann_distraction.json,2787,2955,safe
dmd/gA/1/s1/gA_1_s1_2019-03-08T09;31;15+01;00_rgb_ann_distraction.json,3353,3408,safe
dmd/gA/1/s1/gA_1_s1_2019-03-08T09;31;15+01;00_rgb_ann_distraction.json,3443,3529,safe
dmd/gA/1/s1/gA_1_s1_2019-03-08T09;31;15+01;00_rgb_ann_distraction.json,3981,4216,safe
dmd/gA/1/s1/gA_1_s1_2019-03-08T09;31;15+01;00_rgb_ann_distraction.json,4581,4957,safe
dmd/gA/1/s1/gA_1_s1_2019-03-08T09;31;15+01;00_rgb_ann_distraction.json,4979,4994,safe
dmd/gA/1/s1/gA_1_s1_2019-03-08T09;31;15+01;00_rgb_ann_distraction.json,5022,5036,safe
dmd/gA/1/s1/gA_1_s1_2019-03-08T09;31;15+01;00_rgb_ann_distraction.json,5076,5102,safe
dmd/gA/1/s1/gA_1_s1_2019-03-08T09;31;15+01;00_rgb_ann_distraction.json,5136,5202,safe
dmd/gA/1/s1/gA_1_s1_2019-03-08T09;31;15+01;00_rgb_ann_distraction.json,5229,5280,safe
dmd/gA/1/s1/gA_1_s1_2019-03-08T09;31;15+01;00_rgb_ann_distraction.json,5307,5330,safe
dmd/gA/1/s1/gA_1_s1_2019-03-08T09;31;15+01;00_rgb_ann_distraction.json,5358,5477,safe
dmd/gA/1/s1/gA_1_s1_2019-03-08T09;31;15+01;00_rgb_ann_distraction.json,5505,5531,safe
dmd/gA/1/s1/gA_1_s1_2019-03-08T09;31;15+01;00_rgb_ann_distraction.json,5563,6232,safe
dmd/gA/1/s1/gA_1_s1_2019-03-08T09;31;15+01;00_rgb_ann_distraction.json,6653,6776,safe
dmd/gA/1/s1/gA_1_s1_2019-03-08T09;31;15+01;00_rgb_ann_distraction.json,526,566,unsafe
dmd/gA/1/s1/gA_1_s1_2019-03-08T09;31;15+01;00_rgb_ann_distraction.json,614,994,unsafe
dmd/gA/1/s1/gA_1_s1_2019-03-08T09;31;15+01;00_rgb_ann_distraction.json,3530,3980,unsafe
dmd/gA/1/s1/gA_1_s1_2019-03-08T09;31;15+01;00_rgb_ann_distraction.json,1280,1333,reaching
dmd/gA/1/s1/gA_1_s1_2019-03-08T09;31;15+01;00_rgb_ann_distraction.json,1757,1833,reaching
dmd/gA/1/s1/gA_1_s1_2019-03-08T09;31;15+01;00_rgb_ann_distraction.json,2956,3023,reaching
dmd/gA/1/s1/gA_1_s1_2019-03-08T09;31;15+01;00_rgb_ann_distraction.json,3295,3352,reaching
dmd/gA/1/s1/gA_1_s1_2019-03-08T09;31;15+01;00_rgb_ann_distraction.json,4217,4272,reaching
dmd/gA/1/s1/gA_1_s1_2019-03-08T09;31;15+01;00_rgb_ann_distraction.json,4522,4580,reaching
dmd/gA/1/s1/gA_1_s1_2019-03-08T09;31;15+01;00_rgb_ann_distraction.json,6233,6285,reaching
dmd/gA/1/s1/gA_1_s1_2019-03-08T09;31;15+01;00_rgb_ann_distraction.json,6589,6652,reaching
dmd/gA/1/s1/gA_1_s1_2019-03-08T09;31;15+01;00_rgb_ann_distraction.json,2128,2154,unsafe
dmd/gA/1/s1/gA_1_s1_2019-03-08T09;31;15+01;00_rgb_ann_distraction.json,2257,2274,unsafe
dmd/gA/1/s1/gA_1_s1_2019-03-08T09;31;15+01;00_rgb_ann_distraction.json,2408,2431,unsafe
dmd/gA/1/s1/gA_1_s1_2019-03-08T09;31;15+01;00_rgb_ann_distraction.json,2560,2587,unsafe
dmd/gA/1/s1/gA_1_s1_2019-03-08T09;31;15+01;00_rgb_ann_distraction.json,2629,2673,unsafe
dmd/gA/1/s1/gA_1_s1_2019-03-08T09;31;15+01;00_rgb_ann_distraction.json,2731,2786,unsafe
dmd/gA/1/s1/gA_1_s1_2019-03-08T09;31;15+01;00_rgb_ann_distraction.json,4995,5021,unsafe
dmd/gA/1/s1/gA_1_s1_2019-03-08T09;31;15+01;00_rgb_ann_distraction.json,5037,5075,unsafe
dmd/gA/1/s1/gA_1_s1_2019-03-08T09;31;15+01;00_rgb_ann_distraction.json,5103,5135,unsafe
dmd/gA/1/s1/gA_1_s1_2019-03-08T09;31;15+01;00_rgb_ann_distraction.json,5203,5228,unsafe
dmd/gA/1/s1/gA_1_s1_2019-03-08T09;31;15+01;00_rgb_ann_distraction.json,5281,5306,unsafe
dmd/gA/1/s1/gA_1_s1_2019-03-08T09;31;15+01;00_rgb_ann_distraction.json,5331,5357,unsafe
dmd/gA/1/s1/gA_1_s1_2019-03-08T09;31;15+01;00_rgb_ann_distraction.json,5478,5504,unsafe
dmd/gA/1/s1/gA_1_s1_2019-03-08T09;31;15+01;00_rgb_ann_distraction.json,5532,5562,unsafe
dmd/gA/3/s4/gA_3_s4_2019-03-22T10;15;27+01;00_rgb_ann_distraction.json,3,569,safe
dmd/gA/3/s4/gA_3_s4_2019-03-22T10;15;27+01;00_rgb_ann_distraction.json,1138,1620,safe
dmd/gA/3/s4/gA_3_s4_2019-03-22T10;15;27+01;00_rgb_ann_distraction.json,3055,3145,safe
dmd/gA/3/s4/gA_3_s4_2019-03-22T10;15;27+01;00_rgb_ann_distraction.json,3797,3964,safe
dmd/gA/3/s4/gA_3_s4_2019-03-22T10;15;27+01;00_rgb_ann_distraction.json,4681,4703,safe
dmd/gA/3/s4/gA_3_s4_2019-03-22T10;15;27+01;00_rgb_ann_distraction.json,4745,4887,safe
dmd/gA/3/s4/gA_3_s4_2019-03-22T10;15;27+01;00_rgb_ann_distraction.json,6013,6251,safe
dmd/gA/3/s4/gA_3_s4_2019-03-22T10;15;27+01;00_rgb_ann_distraction.json,6829,6881,safe
dmd/gA/3/s4/gA_3_s4_2019-03-22T10;15;27+01;00_rgb_ann_distraction.json,6939,7280,safe
dmd/gA/3/s4/gA_3_s4_2019-03-22T10;15;27+01;00_rgb_ann_distraction.json,7818,7916,safe
dmd/gA/3/s4/gA_3_s4_2019-03-22T10;15;27+01;00_rgb_ann_distraction.json,7966,8110,safe
dmd/gA/3/s4/gA_3_s4_2019-03-22T10;15;27+01;00_rgb_ann_distraction.json,8672,8928,safe
dmd/gA/3/s4/gA_3_s4_2019-03-22T10;15;27+01;00_rgb_ann_distraction.json,8949,8967,safe
dmd/gA/3/s4/gA_3_s4_2019-03-22T10;15;27+01;00_rgb_ann_distraction.json,10162,10173,safe
dmd/gA/3/s4/gA_3_s4_2019-03-22T10;15;27+01;00_rgb_ann_distraction.json,10225,10360,safe
dmd/gA/3/s4/gA_3_s4_2019-03-22T10;15;27+01;00_rgb_ann_distraction.json,11124,11444,safe
dmd/gA/3/s4/gA_3_s4_2019-03-22T10;15;27+01;00_rgb_ann_distraction.json,11780,12254,safe
dmd/gA/3/s4/gA_3_s4_2019-03-22T10;15;27+01;00_rgb_ann_distraction.json,13313,13743,safe
dmd/gA/3/s4/gA_3_s4_2019-03-22T10;15;27+01;00_rgb_ann_distraction.json,14503,14590,safe
dmd/gA/3/s4/gA_3_s4_2019-03-22T10;15;27+01;00_rgb_ann_distraction.json,14638,14865,safe
dmd/gA/3/s4/gA_3_s4_2019-03-22T10;15;27+01;00_rgb_ann_distraction.json,14949,15018,safe
dmd/gA/3/s4/gA_3_s4_2019-03-22T10;15;27+01;00_rgb_ann_distraction.json,15069,15147,safe
dmd/gA/3/s4/gA_3_s4_2019-03-22T10;15;27+01;00_rgb_ann_distraction.json,15672,15778,safe
dmd/gA/3/s4/gA_3_s4_2019-03-22T10;15;27+01;00_rgb_ann_distraction.json,16203,16226,safe
dmd/gA/3/s4/gA_3_s4_2019-03-22T10;15;27+01;00_rgb_ann_distraction.json,570,628,reaching
dmd/gA/3/s4/gA_3_s4_2019-03-22T10;15;27+01;00_rgb_ann_distraction.json,1014,1137,reaching
dmd/gA/3/s4/gA_3_s4_2019-03-22T10;15;27+01;00_rgb_ann_distraction.json,1621,1669,reaching
dmd/gA/3/s4/gA_3_s4_2019-03-22T10;15;27+01;00_rgb_ann_distraction.json,2905,2990,reaching
dmd/gA/3/s4/gA_3_s4_2019-03-22T10;15;27+01;00_rgb_ann_distraction.json,3146,3215,reaching
dmd/gA/3/s4/gA_3_s4_2019-03-22T10;15;27+01;00_rgb_ann_distraction.json,3746,3796,reaching
dmd/gA/3/s4/gA_3_s4_2019-03-22T10;15;27+01;00_rgb_ann_distraction.json,3965,4031,reaching
dmd/gA/3/s4/gA_3_s4_2019-03-22T10;15;27+01;00_rgb_ann_distraction.json,4470,4680,reaching
dmd/gA/3/s4/gA_3_s4_2019-03-22T10;15;27+01;00_rgb_ann_distraction.json,4888,4941,reaching
dmd/gA/3/s4/gA_3_s4_2019-03-22T10;15;27+01;00_rgb_ann_distraction.json,5956,6012,reaching
dmd/gA/3/s4/gA_3_s4_2019-03-22T10;15;27+01;00_rgb_ann_distraction.json,6252,6295,reaching
dmd/gA/3/s4/gA_3_s4_2019-03-22T10;15;27+01;00_rgb_ann_distraction.json,6767,6828,reaching
dmd/gA/3/s4/gA_3_s4_2019-03-22T10;15;27+01;00_rgb_ann_distraction.json,7281,7335,reaching
dmd/gA/3/s4/gA_3_s4_2019-03-22T10;15;27+01;00_rgb_ann_distraction.json,7755,7817,reaching
dmd/gA/3/s4/gA_3_s4_2019-03-22T10;15;27+01;00_rgb_ann_distraction.json,8111,8170,reaching
dmd/gA/3/s4/gA_3_s4_2019-03-22T10;15;27+01;00_rgb_ann_distraction.json,8519,8671,reaching
dmd/gA/3/s4/gA_3_s4_2019-03-22T10;15;27+01;00_rgb_ann_distraction.json,8929,8948,reaching
dmd/gA/3/s4/gA_3_s4_2019-03-22T10;15;27+01;00_rgb_ann_distraction.json,8968,9028,reaching
dmd/gA/3/s4/gA_3_s4_2019-03-22T10;15;27+01;00_rgb_ann_distraction.json,10111,10161,reaching
dmd/gA/3/s4/gA_3_s4_2019-03-22T10;15;27+01;00_rgb_ann_distraction.json,10361,10433,reaching
dmd/gA/3/s4/gA_3_s4_2019-03-22T10;15;27+01;00_rgb_ann_distraction.json,11035,11123,reaching
dmd/gA/3/s4/gA_3_s4_2019-03-22T10;15;27+01;00_rgb_ann_distraction.json,11445,11513,reaching
dmd/gA/3/s4/gA_3_s4_2019-03-22T10;15;27+01;00_rgb_ann_distraction.json,11735,11779,reaching
dmd/gA/3/s4/gA_3_s4_2019-03-22T10;15;27+01;00_rgb_ann_distraction.json,12255,12319,reaching
dmd/gA/3/s4/gA_3_s4_2019-03-22T10;15;27+01;00_rgb_ann_distraction.json,13244,13312,reaching
dmd/gA/3/s4/gA_3_s4_2019-03-22T10;15;27+01;00_rgb_ann_distraction.json,13744,13835,reaching
dmd/gA/3/s4/gA_3_s4_2019-03-22T10;15;27+01;00_rgb_ann_distraction.json,14417,14502,reaching
dmd/gA/3/s4/gA_3_s4_2019-03-22T10;15;27+01;00_rgb_ann_distraction.json,14900,14948,reaching
dmd/gA/3/s4/gA_3_s4_2019-03-22T10;15;27+01;00_rgb_ann_distraction.json,15634,15671,reaching
dmd/gA/3/s4/gA_3_s4_2019-03-22T10;15;27+01;00_rgb_ann_distraction.json,15779,15837,reaching
dmd/gA/3/s4/gA_3_s4_2019-03-22T10;15;27+01;00_rgb_ann_distraction.json,16139,16202,reaching
dmd/gA/3/s4/gA_3_s4_2019-03-22T10;15;27+01;00_rgb_ann_distraction.json,1670,1696,unsafe
dmd/gA/3/s4/gA_3_s4_2019-03-22T10;15;27+01;00_rgb_ann_distraction.json,3216,3745,unsafe
dmd/gA/3/s4/gA_3_s4_2019-03-22T10;15;27+01;00_rgb_ann_distraction.json,6296,6766,unsafe
dmd/gA/3/s4/gA_3_s4_2019-03-22T10;15;27+01;00_rgb_ann_distraction.json,1697,2904,unsafe
dmd/gA/3/s4/gA_3_s4_2019-03-22T10;15;27+01;00_rgb_ann_distraction.json,4942,5955,unsafe
dmd/gA/3/s4/gA_3_s4_2019-03-22T10;15;27+01;00_rgb_ann_distraction.json,9029,9069,unsafe
dmd/gA/3/s4/gA_3_s4_2019-03-22T10;15;27+01;00_rgb_ann_distraction.json,10434,11034,unsafe
dmd/gA/3/s4/gA_3_s4_2019-03-22T10;15;27+01;00_rgb_ann_distraction.json,12320,12335,unsafe
dmd/gA/3/s4/gA_3_s4_2019-03-22T10;15;27+01;00_rgb_ann_distraction.json,13836,14416,unsafe
dmd/gA/3/s4/gA_3_s4_2019-03-22T10;15;27+01;00_rgb_ann_distraction.json,9070,10110,unsafe
dmd/gA/3/s4/gA_3_s4_2019-03-22T10;15;27+01;00_rgb_ann_distraction.json,12336,13243,unsafe
dmd/gA/3/s3/gA_3_s3_2019-03-13T09;41;01+01;00_rgb_ann_distraction.json,12,94,safe
dmd/gA/3/s3/gA_3_s3_2019-03-13T09;41;01+01;00_rgb_ann_distraction.json,126,667,safe
dmd/gA/3/s3/gA_3_s3_2019-03-13T09;41;01+01;00_rgb_ann_distraction.json,896,1110,safe
dmd/gA/3/s3/gA_3_s3_2019-03-13T09;41;01+01;00_rgb_ann_distraction.json,1159,1321,safe
dmd/gA/3/s3/gA_3_s3_2019-03-13T09;41;01+01;00_rgb_ann_distraction.json,1537,1588,safe
dmd/gA/3/s3/gA_3_s3_2019-03-13T09;41;01+01;00_rgb_ann_distraction.json,1655,1866,safe
dmd/gA/3/s3/gA_3_s3_2019-03-13T09;41;01+01;00_rgb_ann_distraction.json,668,895,reaching
dmd/gA/3/s3/gA_3_s3_2019-03-13T09;41;01+01;00_rgb_ann_distraction.json,1322,1536,reaching
dmd/gA/3/s3/gA_3_s3_2019-03-13T09;41;01+01;00_rgb_ann_distraction.json,1111,1158,reaching
dmd/gA/3/s3/gA_3_s3_2019-03-13T09;41;01+01;00_rgb_ann_distraction.json,1589,1654,reaching
dmd/gA/3/s2/gA_3_s2_2019-03-08T10;16;48+01;00_rgb_ann_distraction.json,11,469,safe
dmd/gA/3/s2/gA_3_s2_2019-03-08T10;16;48+01;00_rgb_ann_distraction.json,496,516,safe
dmd/gA/3/s2/gA_3_s2_2019-03-08T10;16;48+01;00_rgb_ann_distraction.json,568,587,safe
dmd/gA/3/s2/gA_3_s2_2019-03-08T10;16;48+01;00_rgb_ann_distraction.json,1359,1547,safe
dmd/gA/3/s2/gA_3_s2_2019-03-08T10;16;48+01;00_rgb_ann_distraction.json,2617,2938,safe
dmd/gA/3/s2/gA_3_s2_2019-03-08T10;16;48+01;00_rgb_ann_distraction.json,3569,3857,safe
dmd/gA/3/s2/gA_3_s2_2019-03-08T10;16;48+01;00_rgb_ann_distraction.json,5238,5454,safe
dmd/gA/3/s2/gA_3_s2_2019-03-08T10;16;48+01;00_rgb_ann_distraction.json,6039,6316,safe
dmd/gA/3/s2/gA_3_s2_2019-03-08T10;16;48+01;00_rgb_ann_distraction.json,6967,7187,safe
dmd/gA/3/s2/gA_3_s2_2019-03-08T10;16;48+01;00_rgb_ann_distraction.json,8721,8917,safe
dmd/gA/3/s2/gA_3_s2_2019-03-08T10;16;48+01;00_rgb_ann_distraction.json,9635,9867,safe
dmd/gA/3/s2/gA_3_s2_2019-03-08T10;16;48+01;00_rgb_ann_distraction.json,11410,11529,safe
dmd/gA/3/s2/gA_3_s2_2019-03-08T10;16;48+01;00_rgb_ann_distraction.json,12121,12256,safe
dmd/gA/3/s2/gA_3_s2_2019-03-08T10;16;48+01;00_rgb_ann_distraction.json,12807,12903,safe
dmd/gA/3/s2/gA_3_s2_2019-03-08T10;16;48+01;00_rgb_ann_distraction.json,470,495,reaching
dmd/gA/3/s2/gA_3_s2_2019-03-08T10;16;48+01;00_rgb_ann_distraction.json,517,567,reaching
dmd/gA/3/s2/gA_3_s2_2019-03-08T10;16;48+01;00_rgb_ann_distraction.json,588,825,reaching
dmd/gA/3/s2/gA_3_s2_2019-03-08T10;16;48+01;00_rgb_ann_distraction.json,1217,1358,reaching
dmd/gA/3/s2/gA_3_s2_2019-03-08T10;16;48+01;00_rgb_ann_distraction.json,1548,1623,reaching
dmd/gA/3/s2/gA_3_s2_2019-03-08T10;16;48+01;00_rgb_ann_distraction.json,2555,2616,reaching
dmd/gA/3/s2/gA_3_s2_2019-03-08T10;16;48+01;00_rgb_ann_distraction.json,2939,3005,reaching
dmd/gA/3/s2/gA_3_s2_2019-03-08T10;16;48+01;00_rgb_ann_distraction.json,3467,3568,reaching
dmd/gA/3/s2/gA_3_s2_2019-03-08T10;16;48+01;00_rgb_ann_distraction.json,3858,3923,reaching
dmd/gA/3/s2/gA_3_s2_2019-03-08T10;16;48+01;00_rgb_ann_distraction.json,5147,5237,reaching
dmd/gA/3/s2/gA_3_s2_2019-03-08T10;16;48+01;00_rgb_ann_distraction.json,5455,5535,reaching
dmd/gA/3/s2/gA_3_s2_2019-03-08T10;16;48+01;00_rgb_ann_distraction.json,5973,6038,reaching
dmd/gA/3/s2/gA_3_s2_2019-03-08T10;16;48+01;00_rgb_ann_distraction.json,6317,6500,reaching
dmd/gA/3/s2/gA_3_s2_2019-03-08T10;16;48+01;00_rgb_ann_distraction.json,6840,6966,reaching
dmd/gA/3/s2/gA_3_s2_2019-03-08T10;16;48+01;00_rgb_ann_distraction.json,7188,7287,reaching
dmd/gA/3/s2/gA_3_s2_2019-03-08T10;16;48+01;00_rgb_ann_distraction.json,8612,8720,reaching
dmd/gA/3/s2/gA_3_s2_2019-03-08T10;16;48+01;00_rgb_ann_distraction.json,8918,9038,reaching
dmd/gA/3/s2/gA_3_s2_2019-03-08T10;16;48+01;00_rgb_ann_distraction.json,9535,9634,reaching
dmd/gA/3/s2/gA_3_s2_2019-03-08T10;16;48+01;00_rgb_ann_distraction.json,9868,9944,reaching
dmd/gA/3/s2/gA_3_s2_2019-03-08T10;16;48+01;00_rgb_ann_distraction.json,11295,11409,reaching
dmd/gA/3/s2/gA_3_s2_2019-03-08T10;16;48+01;00_rgb_ann_distraction.json,11530,11639,reaching
dmd/gA/3/s2/gA_3_s2_2019-03-08T10;16;48+01;00_rgb_ann_distraction.json,12025,12120,reaching
dmd/gA/3/s2/gA_3_s2_2019-03-08T10;16;48+01;00_rgb_ann_distraction.json,12257,12385,reaching
dmd/gA/3/s2/gA_3_s2_2019-03-08T10;16;48+01;00_rgb_ann_distraction.json,12683,12806,reaching
dmd/gA/3/s2/gA_3_s2_2019-03-08T10;16;48+01;00_rgb_ann_distraction.json,1624,2554,unsafe
dmd/gA/3/s2/gA_3_s2_2019-03-08T10;16;48+01;00_rgb_ann_distraction.json,3924,5146,unsafe
dmd/gA/3/s2/gA_3_s2_2019-03-08T10;16;48+01;00_rgb_ann_distraction.json,3006,3466,unsafe
dmd/gA/3/s2/gA_3_s2_2019-03-08T10;16;48+01;00_rgb_ann_distraction.json,5536,5972,unsafe
dmd/gA/3/s2/gA_3_s2_2019-03-08T10;16;48+01;00_rgb_ann_distraction.json,7288,8611,unsafe
dmd/gA/3/s2/gA_3_s2_2019-03-08T10;16;48+01;00_rgb_ann_distraction.json,9945,11294,unsafe
dmd/gA/3/s2/gA_3_s2_2019-03-08T10;16;48+01;00_rgb_ann_distraction.json,9039,9534,unsafe
dmd/gA/3/s2/gA_3_s2_2019-03-08T10;16;48+01;00_rgb_ann_distraction.json,11640,12024,unsafe
dmd/gA/3/s1/gA_3_s1_2019-03-08T10;27;38+01;00_rgb_ann_distraction.json,7,542,safe
dmd/gA/3/s1/gA_3_s1_2019-03-08T10;27;38+01;00_rgb_ann_distraction.json,940,1293,safe
dmd/gA/3/s1/gA_3_s1_2019-03-08T10;27;38+01;00_rgb_ann_distraction.json,1712,2051,safe
dmd/gA/3/s1/gA_3_s1_2019-03-08T10;27;38+01;00_rgb_ann_distraction.json,2072,2092,safe
dmd/gA/3/s1/gA_3_s1_2019-03-08T10;27;38+01;00_rgb_ann_distraction.json,2113,2122,safe
dmd/gA/3/s1/gA_3_s1_2019-03-08T10;27;38+01;00_rgb_ann_distraction.json,2142,2205,safe
dmd/gA/3/s1/gA_3_s1_2019-03-08T10;27;38+01;00_rgb_ann_distraction.json,2235,2244,safe
dmd/gA/3/s1/gA_3_s1_2019-03-08T10;27;38+01;00_rgb_ann_distraction.json,2263,2554,safe
dmd/gA/3/s1/gA_3_s1_2019-03-08T10;27;38+01;00_rgb_ann_distraction.json,2580,3296,safe
dmd/gA/3/s1/gA_3_s1_2019-03-08T10;27;38+01;00_rgb_ann_distraction.json,3632,4906,safe
dmd/gA/3/s1/gA_3_s1_2019-03-08T10;27;38+01;00_rgb_ann_distraction.json,5235,5426,safe
dmd/gA/3/s1/gA_3_s1_2019-03-08T10;27;38+01;00_rgb_ann_distraction.json,5982,6203,safe
dmd/gA/3/s1/gA_3_s1_2019-03-08T10;27;38+01;00_rgb_ann_distraction.json,6225,6236,safe
dmd/gA/3/s1/gA_3_s1_2019-03-08T10;27;38+01;00_rgb_ann_distraction.json,6263,6320,safe
dmd/gA/3/s1/gA_3_s1_2019-03-08T10;27;38+01;00_rgb_ann_distraction.json,6361,6375,safe
dmd/gA/3/s1/gA_3_s1_2019-03-08T10;27;38+01;00_rgb_ann_distraction.json,6408,6470,safe
dmd/gA/3/s1/gA_3_s1_2019-03-08T10;27;38+01;00_rgb_ann_distraction.json,6492,6555,safe
dmd/gA/3/s1/gA_3_s1_2019-03-08T10;27;38+01;00_rgb_ann_distraction.json,6577,6598,safe
dmd/gA/3/s1/gA_3_s1_2019-03-08T10;27;38+01;00_rgb_ann_distraction.json,6633,6685,safe
dmd/gA/3/s1/gA_3_s1_2019-03-08T10;27;38+01;00_rgb_ann_distraction.json,6704,6728,safe
dmd/gA/3/s1/gA_3_s1_2019-03-08T10;27;38+01;00_rgb_ann_distraction.json,6747,6773,safe
dmd/gA/3/s1/gA_3_s1_2019-03-08T10;27;38+01;00_rgb_ann_distraction.json,6798,6811,safe
dmd/gA/3/s1/gA_3_s1_2019-03-08T10;27;38+01;00_rgb_ann_distraction.json,6834,6849,safe
dmd/gA/3/s1/gA_3_s1_2019-03-08T10;27;38+01;00_rgb_ann_distraction.json,6869,6943,safe
dmd/gA/3/s1/gA_3_s1_2019-03-08T10;27;38+01;00_rgb_ann_distraction.json,7344,7424,safe
dmd/gA/3/s1/gA_3_s1_2019-03-08T10;27;38+01;00_rgb_ann_distraction.json,543,939,unsafe
dmd/gA/3/s1/gA_3_s1_2019-03-08T10;27;38+01;00_rgb_ann_distraction.json,4907,5234,unsafe
dmd/gA/3/s1/gA_3_s1_2019-03-08T10;27;38+01;00_rgb_ann_distraction.json,1294,1344,reaching
dmd/gA/3/s1/gA_3_s1_2019-03-08T10;27;38+01;00_rgb_ann_distraction.json,1650,1711,reaching
dmd/gA/3/s1/gA_3_s1_2019-03-08T10;27;38+01;00_rgb_ann_distraction.json,3297,3348,reaching
dmd/gA/3/s1/gA_3_s1_2019-03-08T10;27;38+01;00_rgb_ann_distraction.json,3571,3631,reaching
dmd/gA/3/s1/gA_3_s1_2019-03-08T10;27;38+01;00_rgb_ann_distraction.json,5427,5478,reaching
dmd/gA/3/s1/gA_3_s1_2019-03-08T10;27;38+01;00_rgb_ann_distraction.json,5896,5981,reaching
dmd/gA/3/s1/gA_3_s1_2019-03-08T10;27;38+01;00_rgb_ann_distraction.json,6944,6987,reaching
dmd/gA/3/s1/gA_3_s1_2019-03-08T10;27;38+01;00_rgb_ann_distraction.json,7302,7343,reaching
dmd/gA/3/s1/gA_3_s1_2019-03-08T10;27;38+01;00_rgb_ann_distraction.json,2052,2071,unsafe
dmd/gA/3/s1/gA_3_s1_2019-03-08T10;27;38+01;00_rgb_ann_distraction.json,2093,2112,unsafe
dmd/gA/3/s1/gA_3_s1_2019-03-08T10;27;38+01;00_rgb_ann_distraction.json,2123,2141,unsafe
dmd/gA/3/s1/gA_3_s1_2019-03-08T10;27;38+01;00_rgb_ann_distraction.json,2206,2234,unsafe
dmd/gA/3/s1/gA_3_s1_2019-03-08T10;27;38+01;00_rgb_ann_distraction.json,2245,2262,unsafe
dmd/gA/3/s1/gA_3_s1_2019-03-08T10;27;38+01;00_rgb_ann_distraction.json,2555,2579,unsafe
dmd/gA/3/s1/gA_3_s1_2019-03-08T10;27;38+01;00_rgb_ann_distraction.json,6204,6224,unsafe
dmd/gA/3/s1/gA_3_s1_2019-03-08T10;27;38+01;00_rgb_ann_distraction.json,6237,6262,unsafe
dmd/gA/3/s1/gA_3_s1_2019-03-08T10;27;38+01;00_rgb_ann_distraction.json,6321,6360,unsafe
dmd/gA/3/s1/gA_3_s1_2019-03-08T10;27;38+01;00_rgb_ann_distraction.json,6376,6407,unsafe
dmd/gA/3/s1/gA_3_s1_2019-03-08T10;27;38+01;00_rgb_ann_distraction.json,6471,6491,unsafe
dmd/gA/3/s1/gA_3_s1_2019-03-08T10;27;38+01;00_rgb_ann_distraction.json,6556,6576,unsafe
dmd/gA/3/s1/gA_3_s1_2019-03-08T10;27;38+01;00_rgb_ann_distraction.json,6599,6632,unsafe
dmd/gA/3/s1/gA_3_s1_2019-03-08T10;27;38+01;00_rgb_ann_distraction.json,6686,6703,unsafe
dmd/gA/3/s1/gA_3_s1_2019-03-08T10;27;38+01;00_rgb_ann_distraction.json,6729,6746,unsafe
dmd/gA/3/s1/gA_3_s1_2019-03-08T10;27;38+01;00_rgb_ann_distraction.json,6774,6797,unsafe
dmd/gA/3/s1/gA_3_s1_2019-03-08T10;27;38+01;00_rgb_ann_distraction.json,6812,6833,unsafe
dmd/gA/3/s1/gA_3_s1_2019-03-08T10;27;38+01;00_rgb_ann_distraction.json,6850,6868,unsafe
dmd/gA/2/s4/gA_2_s4_2019-03-22T09;15;55+01;00_rgb_ann_distraction.json,4,593,safe
dmd/gA/2/s4/gA_2_s4_2019-03-22T09;15;55+01;00_rgb_ann_distraction.json,997,1368,safe
dmd/gA/2/s4/gA_2_s4_2019-03-22T09;15;55+01;00_rgb_ann_distraction.json,2937,3116,safe
dmd/gA/2/s4/gA_2_s4_2019-03-22T09;15;55+01;00_rgb_ann_distraction.json,3577,3842,safe
dmd/gA/2/s4/gA_2_s4_2019-03-22T09;15;55+01;00_rgb_ann_distraction.json,4377,4597,safe
dmd/gA/2/s4/gA_2_s4_2019-03-22T09;15;55+01;00_rgb_ann_distraction.json,6195,6413,safe
dmd/gA/2/s4/gA_2_s4_2019-03-22T09;15;55+01;00_rgb_ann_distraction.json,6941,6995,safe
dmd/gA/2/s4/gA_2_s4_2019-03-22T09;15;55+01;00_rgb_ann_distraction.json,7017,7251,safe
dmd/gA/2/s4/gA_2_s4_2019-03-22T09;15;55+01;00_rgb_ann_distraction.json,7759,7991,safe
dmd/gA/2/s4/gA_2_s4_2019-03-22T09;15;55+01;00_rgb_ann_distraction.json,8034,8101,safe
dmd/gA/2/s4/gA_2_s4_2019-03-22T09;15;55+01;00_rgb_ann_distraction.json,8513,8684,safe
dmd/gA/2/s4/gA_2_s4_2019-03-22T09;15;55+01;00_rgb_ann_distraction.json,8725,9030,safe
dmd/gA/2/s4/gA_2_s4_2019-03-22T09;15;55+01;00_rgb_ann_distraction.json,10003,10291,safe
dmd/gA/2/s4/gA_2_s4_2019-03-22T09;15;55+01;00_rgb_ann_distraction.json,10973,11572,safe
dmd/gA/2/s4/gA_2_s4_2019-03-22T09;15;55+01;00_rgb_ann_distraction.json,12325,12542,safe
dmd/gA/2/s4/gA_2_s4_2019-03-22T09;15;55+01;00_rgb_ann_distraction.json,13757,13774,safe
dmd/gA/2/s4/gA_2_s4_2019-03-22T09;15;55+01;00_rgb_ann_distraction.json,13838,13981,safe
dmd/gA/2/s4/gA_2_s4_2019-03-22T09;15;55+01;00_rgb_ann_distraction.json,14877,14911,safe
dmd/gA/2/s4/gA_2_s4_2019-03-22T09;15;55+01;00_rgb_ann_distraction.json,14965,15155,safe
dmd/gA/2/s4/gA_2_s4_2019-03-22T09;15;55+01;00_rgb_ann_distraction.json,15533,15547,safe
dmd/gA/2/s4/gA_2_s4_2019-03-22T09;15;55+01;00_rgb_ann_distraction.json,15582,15742,safe
dmd/gA/2/s4/gA_2_s4_2019-03-22T09;15;55+01;00_rgb_ann_distraction.json,16154,16216,safe
dmd/gA/2/s4/gA_2_s4_2019-03-22T09;15;55+01;00_rgb_ann_distraction.json,594,657,reaching
dmd/gA/2/s4/gA_2_s4_2019-03-22T09;15;55+01;00_rgb_ann_distraction.json,959,996,reaching
dmd/gA/2/s4/gA_2_s4_2019-03-22T09;15;55+01;00_rgb_ann_distraction.json,1369,1431,reaching
dmd/gA/2/s4/gA_2_s4_2019-03-22T09;15;55+01;00_rgb_ann_distraction.json,2870,2936,reaching
dmd/gA/2/s4/gA_2_s4_2019-03-22T09;15;55+01;00_rgb_ann_distraction.json,3117,3178,reaching
dmd/gA/2/s4/gA_2_s4_2019-03-22T09;15;55+01;00_rgb_ann_distraction.json,3526,3576,reaching
dmd/gA/2/s4/gA_2_s4_2019-03-22T09;15;55+01;00_rgb_ann_distraction.json,3885,3933,reaching
dmd/gA/2/s4/gA_2_s4_2019-03-22T09;15;55+01;00_rgb_ann_distraction.json,4264,4328,reaching
dmd/gA/2/s4/gA_2_s4_2019-03-22T09;15;55+01;00_rgb_ann_distraction.json,4598,4668,reaching
dmd/gA/2/s4/gA_2_s4_2019-03-22T09;15;55+01;00_rgb_ann_distraction.json,6105,6157,reaching
dmd/gA/2/s4/gA_2_s4_2019-03-22T09;15;55+01;00_rgb_ann_distraction.json,6414,6469,reaching
dmd/gA/2/s4/gA_2_s4_2019-03-22T09;15;55+01;00_rgb_ann_distraction.json,6886,6906,reaching
dmd/gA/2/s4/gA_2_s4_2019-03-22T09;15;55+01;00_rgb_ann_distraction.json,7252,7347,reaching
dmd/gA/2/s4/gA_2_s4_2019-03-22T09;15;55+01;00_rgb_ann_distraction.json,7721,7758,reaching
dmd/gA/2/s4/gA_2_s4_2019-03-22T09;15;55+01;00_rgb_ann_distraction.json,8102,8159,reaching
dmd/gA/2/s4/gA_2_s4_2019-03-22T09;15;55+01;00_rgb_ann_distraction.json,8435,8512,reaching
dmd/gA/2/s4/gA_2_s4_2019-03-22T09;15;55+01;00_rgb_ann_distraction.json,9031,9095,reaching
dmd/gA/2/s4/gA_2_s4_2019-03-22T09;15;55+01;00_rgb_ann_distraction.json,9939,10002,reaching
dmd/gA/2/s4/gA_2_s4_2019-03-22T09;15;55+01;00_rgb_ann_distraction.json,10347,10417,reaching
dmd/gA/2/s4/gA_2_s4_2019-03-22T09;15;55+01;00_rgb_ann_distraction.json,10901,10972,reaching
dmd/gA/2/s4/gA_2_s4_2019-03-22T09;15;55+01;00_rgb_ann_distraction.json,11573,11639,reaching
dmd/gA/2/s4/gA_2_s4_2019-03-22T09;15;55+01;00_rgb_ann_distraction.json,12055,12324,reaching
dmd/gA/2/s4/gA_2_s4_2019-03-22T09;15;55+01;00_rgb_ann_distraction.json,12543,12582,reaching
dmd/gA/2/s4/gA_2_s4_2019-03-22T09;15;55+01;00_rgb_ann_distraction.json,13689,13756,reaching
dmd/gA/2/s4/gA_2_s4_2019-03-22T09;15;55+01;00_rgb_ann_distraction.json,13982,14023,reaching
dmd/gA/2/s4/gA_2_s4_2019-03-22T09;15;55+01;00_rgb_ann_distraction.json,14784,14876,reaching
dmd/gA/2/s4/gA_2_s4_2019-03-22T09;15;55+01;00_rgb_ann_distraction.json,14912,14964,reaching
dmd/gA/2/s4/gA_2_s4_2019-03-22T09;15;55+01;00_rgb_ann_distraction.json,15156,15201,reaching
dmd/gA/2/s4/gA_2_s4_2019-03-22T09;15;55+01;00_rgb_ann_distraction.json,15469,15532,reaching
dmd/gA/2/s4/gA_2_s4_2019-03-22T09;15;55+01;00_rgb_ann_distraction.json,15743,15796,reaching
dmd/gA/2/s4/gA_2_s4_2019-03-22T09;15;55+01;00_rgb_ann_distraction.json,16078,16153,reaching
dmd/gA/2/s4/gA_2_s4_2019-03-22T09;15;55+01;00_rgb_ann_distraction.json,1432,1476,unsafe
dmd/gA/2/s4/gA_2_s4_2019-03-22T09;15;55+01;00_rgb_ann_distraction.json,3179,3525,unsafe
dmd/gA/2/s4/gA_2_s4_2019-03-22T09;15;55+01;00_rgb_ann_distraction.json,6470,6885,unsafe
dmd/gA/2/s4/gA_2_s4_2019-03-22T09;15;55+01;00_rgb_ann_distraction.json,12583,12608,unsafe
dmd/gA/2/s4/gA_2_s4_2019-03-22T09;15;55+01;00_rgb_ann_distraction.json,14024,14045,unsafe
dmd/gA/2/s4/gA_2_s4_2019-03-22T09;15;55+01;00_rgb_ann_distraction.json,1477,2869,unsafe
dmd/gA/2/s4/gA_2_s4_2019-03-22T09;15;55+01;00_rgb_ann_distraction.json,4669,6104,unsafe
dmd/gA/2/s4/gA_2_s4_2019-03-22T09;15;55+01;00_rgb_ann_distraction.json,9096,9938,unsafe
dmd/gA/2/s4/gA_2_s4_2019-03-22T09;15;55+01;00_rgb_ann_distraction.json,12609,13688,unsafe
dmd/gA/2/s4/gA_2_s4_2019-03-22T09;15;55+01;00_rgb_ann_distraction.json,10418,10900,unsafe
dmd/gA/2/s4/gA_2_s4_2019-03-22T09;15;55+01;00_rgb_ann_distraction.json,14046,14430,unsafe
dmd/gA/2/s4/gA_2_s4_2019-03-22T09;15;55+01;00_rgb_ann_distraction.json,14463,14783,unsafe
dmd/gA/2/s3/gA_2_s3_2019-03-13T09;23;42+01;00_rgb_ann_distraction.json,18,82,safe
dmd/gA/2/s3/gA_2_s3_2019-03-13T09;23;42+01;00_rgb_ann_distraction.json,118,704,safe
dmd/gA/2/s3/gA_2_s3_2019-03-13T09;23;42+01;00_rgb_ann_distraction.json,890,1311,safe
dmd/gA/2/s3/gA_2_s3_2019-03-13T09;23;42+01;00_rgb_ann_distraction.json,1563,1861,safe
dmd/gA/2/s3/gA_2_s3_2019-03-13T09;23;42+01;00_rgb_ann_distraction.json,705,889,reaching
dmd/gA/2/s3/gA_2_s3_2019-03-13T09;23;42+01;00_rgb_ann_distraction.json,1312,1461,reaching
dmd/gA/2/s3/gA_2_s3_2019-03-13T09;23;42+01;00_rgb_ann_distraction.json,1462,1562,reaching
dmd/gA/2/s2/gA_2_s2_2019-03-08T09;50;49+01;00_rgb_ann_distraction.json,14,396,safe
dmd/gA/2/s2/gA_2_s2_2019-03-08T09;50;49+01;00_rgb_ann_distraction.json,1117,1340,safe
dmd/gA/2/s2/gA_2_s2_2019-03-08T09;50;49+01;00_rgb_ann_distraction.json,3630,3978,safe
dmd/gA/2/s2/gA_2_s2_2019-03-08T09;50;49+01;00_rgb_ann_distraction.json,4567,4830,safe
dmd/gA/2/s2/gA_2_s2_2019-03-08T09;50;49+01;00_rgb_ann_distraction.json,6754,6950,safe
dmd/gA/2/s2/gA_2_s2_2019-03-08T09;50;49+01;00_rgb_ann_distraction.json,7538,7746,safe
dmd/gA/2/s2/gA_2_s2_2019-03-08T09;50;49+01;00_rgb_ann_distraction.json,8345,8637,safe
dmd/gA/2/s2/gA_2_s2_2019-03-08T09;50;49+01;00_rgb_ann_distraction.json,10713,10760,safe
dmd/gA/2/s2/gA_2_s2_2019-03-08T09;50;49+01;00_rgb_ann_distraction.json,11448,11643,safe
dmd/gA/2/s2/gA_2_s2_2019-03-08T09;50;49+01;00_rgb_ann_distraction.json,13486,13584,safe
dmd/gA/2/s2/gA_2_s2_2019-03-08T09;50;49+01;00_rgb_ann_distraction.json,14057,14099,safe
dmd/gA/2/s2/gA_2_s2_2019-03-08T09;50;49+01;00_rgb_ann_distraction.json,14621,14686,safe
dmd/gA/2/s2/gA_2_s2_2019-03-08T09;50;49+01;00_rgb_ann_distraction.json,397,542,reaching
dmd/gA/2/s2/gA_2_s2_2019-03-08T09;50;49+01;00_rgb_ann_distraction.json,890,1116,reaching
dmd/gA/2/s2/gA_2_s2_2019-03-08T09;50;49+01;00_rgb_ann_distraction.json,1341,1424,reaching
dmd/gA/2/s2/gA_2_s2_2019-03-08T09;50;49+01;00_rgb_ann_distraction.json,3537,3629,reaching
dmd/gA/2/s2/gA_2_s2_2019-03-08T09;50;49+01;00_rgb_ann_distraction.json,3979,4060,reaching
dmd/gA/2/s2/gA_2_s2_2019-03-08T09;50;49+01;00_rgb_ann_distraction.json,4491,4566,reaching
dmd/gA/2/s2/gA_2_s2_2019-03-08T09;50;49+01;00_rgb_ann_distraction.json,4831,4911,reaching
dmd/gA/2/s2/gA_2_s2_2019-03-08T09;50;49+01;00_rgb_ann_distraction.json,6689,6753,reaching
dmd/gA/2/s2/gA_2_s2_2019-03-08T09;50;49+01;00_rgb_ann_distraction.json,6951,7024,reaching
dmd/gA/2/s2/gA_2_s2_2019-03-08T09;50;49+01;00_rgb_ann_distraction.json,7478,7537,reaching
dmd/gA/2/s2/gA_2_s2_2019-03-08T09;50;49+01;00_rgb_ann_distraction.json,7747,7902,reaching
dmd/gA/2/s2/gA_2_s2_2019-03-08T09;50;49+01;00_rgb_ann_distraction.json,8240,8344,reaching
dmd/gA/2/s2/gA_2_s2_2019-03-08T09;50;49+01;00_rgb_ann_distraction.json,8638,8707,reaching
dmd/gA/2/s2/gA_2_s2_2019-03-08T09;50;49+01;00_rgb_ann_distraction.json,10639,10712,reaching
dmd/gA/2/s2/gA_2_s2_2019-03-08T09;50;49+01;00_rgb_ann_distraction.json,10761,10825,reaching
dmd/gA/2/s2/gA_2_s2_2019-03-08T09;50;49+01;00_rgb_ann_distraction.json,11389,11447,reaching
dmd/gA/2/s2/gA_2_s2_2019-03-08T09;50;49+01;00_rgb_ann_distraction.json,11644,11687,reaching
dmd/gA/2/s2/gA_2_s2_2019-03-08T09;50;49+01;00_rgb_ann_distraction.json,13402,13485,reaching
dmd/gA/2/s2/gA_2_s2_2019-03-08T09;50;49+01;00_rgb_ann_distraction.json,13585,13612,reaching
dmd/gA/2/s2/gA_2_s2_2019-03-08T09;50;49+01;00_rgb_ann_distraction.json,13991,14056,reaching
dmd/gA/2/s2/gA_2_s2_2019-03-08T09;50;49+01;00_rgb_ann_distraction.json,14100,14252,reaching
dmd/gA/2/s2/gA_2_s2_2019-03-08T09;50;49+01;00_rgb_ann_distraction.json,14508,14620,reaching
dmd/gA/2/s2/gA_2_s2_2019-03-08T09;50;49+01;00_rgb_ann_distraction.json,1425,1604,unsafe
dmd/gA/2/s2/gA_2_s2_2019-03-08T09;50;49+01;00_rgb_ann_distraction.json,3479,3536,unsafe
dmd/gA/2/s2/gA_2_s2_2019-03-08T09;50;49+01;00_rgb_ann_distraction.json,4061,4490,unsafe
dmd/gA/2/s2/gA_2_s2_2019-03-08T09;50;49+01;00_rgb_ann_distraction.json,4912,4981,unsafe
dmd/gA/2/s2/gA_2_s2_2019-03-08T09;50;49+01;00_rgb_ann_distraction.json,6625,6688,unsafe
dmd/gA/2/s2/gA_2_s2_2019-03-08T09;50;49+01;00_rgb_ann_distraction.json,7025,7477,unsafe
dmd/gA/2/s2/gA_2_s2_2019-03-08T09;50;49+01;00_rgb_ann_distraction.json,8708,8835,unsafe
dmd/gA/2/s2/gA_2_s2_2019-03-08T09;50;49+01;00_rgb_ann_distraction.json,10605,10638,unsafe
dmd/gA/2/s2/gA_2_s2_2019-03-08T09;50;49+01;00_rgb_ann_distraction.json,10826,10896,unsafe
dmd/gA/2/s2/gA_2_s2_2019-03-08T09;50;49+01;00_rgb_ann_distraction.json,11369,11388,unsafe
dmd/gA/2/s2/gA_2_s2_2019-03-08T09;50;49+01;00_rgb_ann_distraction.json,11688,11709,unsafe
dmd/gA/2/s2/gA_2_s2_2019-03-08T09;50;49+01;00_rgb_ann_distraction.json,13981,13990,unsafe
dmd/gA/2/s2/gA_2_s2_2019-03-08T09;50;49+01;00_rgb_ann_distraction.json,1605,3478,unsafe
dmd/gA/2/s2/gA_2_s2_2019-03-08T09;50;49+01;00_rgb_ann_distraction.json,4982,6624,unsafe
dmd/gA/2/s2/gA_2_s2_2019-03-08T09;50;49+01;00_rgb_ann_distraction.json,8836,10604,unsafe
dmd/gA/2/s2/gA_2_s2_2019-03-08T09;50;49+01;00_rgb_ann_distraction.json,11784,13401,unsafe
dmd/gA/2/s2/gA_2_s2_2019-03-08T09;50;49+01;00_rgb_ann_distraction.json,10897,11368,unsafe
dmd/gA/2/s2/gA_2_s2_2019-03-08T09;50;49+01;00_rgb_ann_distraction.json,11710,11783,unsafe
dmd/gA/2/s2/gA_2_s2_2019-03-08T09;50;49+01;00_rgb_ann_distraction.json,13613,13980,unsafe
dmd/gA/2/s1/gA_2_s1_2019-03-08T10;01;44+01;00_rgb_ann_distraction.json,66,715,safe
dmd/gA/2/s1/gA_2_s1_2019-03-08T10;01;44+01;00_rgb_ann_distraction.json,1185,1408,safe
dmd/gA/2/s1/gA_2_s1_2019-03-08T10;01;44+01;00_rgb_ann_distraction.json,1488,1586,safe
dmd/gA/2/s1/gA_2_s1_2019-03-08T10;01;44+01;00_rgb_ann_distraction.json,2117,2316,safe
dmd/gA/2/s1/gA_2_s1_2019-03-08T10;01;44+01;00_rgb_ann_distraction.json,2342,2359,safe
dmd/gA/2/s1/gA_2_s1_2019-03-08T10;01;44+01;00_rgb_ann_distraction.json,2378,2399,safe
dmd/gA/2/s1/gA_2_s1_2019-03-08T10;01;44+01;00_rgb_ann_distraction.json,2426,2550,safe
dmd/gA/2/s1/gA_2_s1_2019-03-08T10;01;44+01;00_rgb_ann_distraction.json,2568,2746,safe
dmd/gA/2/s1/gA_2_s1_2019-03-08T10;01;44+01;00_rgb_ann_distraction.json,2760,2788,safe
dmd/gA/2/s1/gA_2_s1_2019-03-08T10;01;44+01;00_rgb_ann_distraction.json,2807,2966,safe
dmd/gA/2/s1/gA_2_s1_2019-03-08T10;01;44+01;00_rgb_ann_distraction.json,3039,3153,safe
dmd/gA/2/s1/gA_2_s1_2019-03-08T10;01;44+01;00_rgb_ann_distraction.json,3164,3310,safe
dmd/gA/2/s1/gA_2_s1_2019-03-08T10;01;44+01;00_rgb_ann_distraction.json,3601,3806,safe
dmd/gA/2/s1/gA_2_s1_2019-03-08T10;01;44+01;00_rgb_ann_distraction.json,3872,3904,safe
dmd/gA/2/s1/gA_2_s1_2019-03-08T10;01;44+01;00_rgb_ann_distraction.json,3913,3957,safe
dmd/gA/2/s1/gA_2_s1_2019-03-08T10;01;44+01;00_rgb_ann_distraction.json,4369,4610,safe
dmd/gA/2/s1/gA_2_s1_2019-03-08T10;01;44+01;00_rgb_ann_distraction.json,5022,5409,safe
dmd/gA/2/s1/gA_2_s1_2019-03-08T10;01;44+01;00_rgb_ann_distraction.json,5434,5434,safe
dmd/gA/2/s1/gA_2_s1_2019-03-08T10;01;44+01;00_rgb_ann_distraction.json,5462,5494,safe
dmd/gA/2/s1/gA_2_s1_2019-03-08T10;01;44+01;00_rgb_ann_distraction.json,5513,5538,safe
dmd/gA/2/s1/gA_2_s1_2019-03-08T10;01;44+01;00_rgb_ann_distraction.json,5554,5565,safe
dmd/gA/2/s1/gA_2_s1_2019-03-08T10;01;44+01;00_rgb_ann_distraction.json,5591,5611,safe
dmd/gA/2/s1/gA_2_s1_2019-03-08T10;01;44+01;00_rgb_ann_distraction.json,5627,5636,safe
dmd/gA/2/s1/gA_2_s1_2019-03-08T10;01;44+01;00_rgb_ann_distraction.json,5653,5734,safe
dmd/gA/2/s1/gA_2_s1_2019-03-08T10;01;44+01;00_rgb_ann_distraction.json,5753,5828,safe
dmd/gA/2/s1/gA_2_s1_2019-03-08T10;01;44+01;00_rgb_ann_distraction.json,5842,5857,safe
dmd/gA/2/s1/gA_2_s1_2019-03-08T10;01;44+01;00_rgb_ann_distraction.json,5871,5979,safe
dmd/gA/2/s1/gA_2_s1_2019-03-08T10;01;44+01;00_rgb_ann_distraction.json,5998,6079,safe
dmd/gA/2/s1/gA_2_s1_2019-03-08T10;01;44+01;00_rgb_ann_distraction.json,6095,6224,safe
dmd/gA/2/s1/gA_2_s1_2019-03-08T10;01;44+01;00_rgb_ann_distraction.json,6251,6326,safe
dmd/gA/2/s1/gA_2_s1_2019-03-08T10;01;44+01;00_rgb_ann_distraction.json,6347,6469,safe
dmd/gA/2/s1/gA_2_s1_2019-03-08T10;01;44+01;00_rgb_ann_distraction.json,6493,6512,safe
dmd/gA/2/s1/gA_2_s1_2019-03-08T10;01;44+01;00_rgb_ann_distraction.json,6523,6816,safe
dmd/gA/2/s1/gA_2_s1_2019-03-08T10;01;44+01;00_rgb_ann_distraction.json,6840,7030,safe
dmd/gA/2/s1/gA_2_s1_2019-03-08T10;01;44+01;00_rgb_ann_distraction.json,7389,7478,safe
dmd/gA/2/s1/gA_2_s1_2019-03-08T10;01;44+01;00_rgb_ann_distraction.json,716,1184,unsafe
dmd/gA/2/s1/gA_2_s1_2019-03-08T10;01;44+01;00_rgb_ann_distraction.json,1409,1487,unsafe
dmd/gA/2/s1/gA_2_s1_2019-03-08T10;01;44+01;00_rgb_ann_distraction.json,3807,3871,unsafe
dmd/gA/2/s1/gA_2_s1_2019-03-08T10;01;44+01;00_rgb_ann_distraction.json,3905,3912,unsafe
dmd/gA/2/s1/gA_2_s1_2019-03-08T10;01;44+01;00_rgb_ann_distraction.json,3958,4368,unsafe
dmd/gA/2/s1/gA_2_s1_2019-03-08T10;01;44+01;00_rgb_ann_distraction.json,1587,1631,reaching
dmd/gA/2/s1/gA_2_s1_2019-03-08T10;01;44+01;00_rgb_ann_distraction.json,2040,2116,reaching
dmd/gA/2/s1/gA_2_s1_2019-03-08T10;01;44+01;00_rgb_ann_distraction.json,3311,3348,reaching
dmd/gA/2/s1/gA_2_s1_2019-03-08T10;01;44+01;00_rgb_ann_distraction.json,3536,3600,reaching
dmd/gA/2/s1/gA_2_s1_2019-03-08T10;01;44+01;00_rgb_ann_distraction.json,4611,4699,reaching
dmd/gA/2/s1/gA_2_s1_2019-03-08T10;01;44+01;00_rgb_ann_distraction.json,4923,5021,reaching
dmd/gA/2/s1/gA_2_s1_2019-03-08T10;01;44+01;00_rgb_ann_distraction.json,5410,5433,reaching
dmd/gA/2/s1/gA_2_s1_2019-03-08T10;01;44+01;00_rgb_ann_distraction.json,7031,7070,reaching
dmd/gA/2/s1/gA_2_s1_2019-03-08T10;01;44+01;00_rgb_ann_distraction.json,7332,7388,reaching
dmd/gA/2/s1/gA_2_s1_2019-03-08T10;01;44+01;00_rgb_ann_distraction.json,2317,2341,unsafe
dmd/gA/2/s1/gA_2_s1_2019-03-08T10;01;44+01;00_rgb_ann_distraction.json,2360,2377,unsafe
dmd/gA/2/s1/gA_2_s1_2019-03-08T10;01;44+01;00_rgb_ann_distraction.json,2400,2425,unsafe
dmd/gA/2/s1/gA_2_s1_2019-03-08T10;01;44+01;00_rgb_ann_distraction.json,2551,2567,unsafe
dmd/gA/2/s1/gA_2_s1_2019-03-08T10;01;44+01;00_rgb_ann_distraction.json,2747,2759,unsafe
dmd/gA/2/s1/gA_2_s1_2019-03-08T10;01;44+01;00_rgb_ann_distraction.json,2789,2806,unsafe
dmd/gA/2/s1/gA_2_s1_2019-03-08T10;01;44+01;00_rgb_ann_distraction.json,3154,3163,unsafe
dmd/gA/2/s1/gA_2_s1_2019-03-08T10;01;44+01;00_rgb_ann_distraction.json,5435,5461,unsafe
dmd/gA/2/s1/gA_2_s1_2019-03-08T10;01;44+01;00_rgb_ann_distraction.json,5495,5512,unsafe
dmd/gA/2/s1/gA_2_s1_2019-03-08T10;01;44+01;00_rgb_ann_distraction.json,5539,5553,unsafe
dmd/gA/2/s1/gA_2_s1_2019-03-08T10;01;44+01;00_rgb_ann_distraction.json,5566,5590,unsafe
dmd/gA/2/s1/gA_2_s1_2019-03-08T10;01;44+01;00_rgb_ann_distraction.json,5612,5626,unsafe
dmd/gA/2/s1/gA_2_s1_2019-03-08T10;01;44+01;00_rgb_ann_distraction.json,5637,5652,unsafe
dmd/gA/2/s1/gA_2_s1_2019-03-08T10;01;44+01;00_rgb_ann_distraction.json,5735,5752,unsafe
dmd/gA/2/s1/gA_2_s1_2019-03-08T10;01;44+01;00_rgb_ann_distraction.json,5829,5841,unsafe
dmd/gA/2/s1/gA_2_s1_2019-03-08T10;01;44+01;00_rgb_ann_distraction.json,5858,5870,unsafe
dmd/gA/2/s1/gA_2_s1_2019-03-08T10;01;44+01;00_rgb_ann_distraction.json,5980,5997,unsafe
dmd/gA/2/s1/gA_2_s1_2019-03-08T10;01;44+01;00_rgb_ann_distraction.json,6080,6094,unsafe
dmd/gA/2/s1/gA_2_s1_2019-03-08T10;01;44+01;00_rgb_ann_distraction.json,6225,6250,unsafe
dmd/gA/2/s1/gA_2_s1_2019-03-08T10;01;44+01;00_rgb_ann_distraction.json,6470,6492,unsafe
dmd/gA/2/s1/gA_2_s1_2019-03-08T10;01;44+01;00_rgb_ann_distraction.json,6513,6522,unsafe
dmd/gA/2/s1/gA_2_s1_2019-03-08T10;01;44+01;00_rgb_ann_distraction.json,6817,6839,unsafe
dmd/gA/4/s3/gA_4_s3_2019-03-13T11;00;49+01;00_rgb_ann_distraction.json,104,665,safe
dmd/gA/4/s3/gA_4_s3_2019-03-13T11;00;49+01;00_rgb_ann_distraction.json,857,1225,safe
dmd/gA/4/s3/gA_4_s3_2019-03-13T11;00;49+01;00_rgb_ann_distraction.json,1421,1807,safe
dmd/gA/4/s3/gA_4_s3_2019-03-13T11;00;49+01;00_rgb_ann_distraction.json,666,794,reaching
dmd/gA/4/s3/gA_4_s3_2019-03-13T11;00;49+01;00_rgb_ann_distraction.json,1226,1381,reaching
dmd/gA/4/s3/gA_4_s3_2019-03-13T11;00;49+01;00_rgb_ann_distraction.json,795,856,reaching
dmd/gA/4/s3/gA_4_s3_2019-03-13T11;00;49+01;00_rgb_ann_distraction.json,1382,1420,reaching
dmd/gA/4/s2/gA_4_s2_2019-03-13T10;43;06+01;00_rgb_ann_distraction.json,161,540,safe
dmd/gA/4/s2/gA_4_s2_2019-03-13T10;43;06+01;00_rgb_ann_distraction.json,1249,1625,safe
dmd/gA/4/s2/gA_4_s2_2019-03-13T10;43;06+01;00_rgb_ann_distraction.json,3153,3566,safe
dmd/gA/4/s2/gA_4_s2_2019-03-13T10;43;06+01;00_rgb_ann_distraction.json,4218,4548,safe
dmd/gA/4/s2/gA_4_s2_2019-03-13T10;43;06+01;00_rgb_ann_distraction.json,5996,6377,safe
dmd/gA/4/s2/gA_4_s2_2019-03-13T10;43;06+01;00_rgb_ann_distraction.json,6974,7127,safe
dmd/gA/4/s2/gA_4_s2_2019-03-13T10;43;06+01;00_rgb_ann_distraction.json,7871,7995,safe
dmd/gA/4/s2/gA_4_s2_2019-03-13T10;43;06+01;00_rgb_ann_distraction.json,9318,9489,safe
dmd/gA/4/s2/gA_4_s2_2019-03-13T10;43;06+01;00_rgb_ann_distraction.json,10355,10771,safe
dmd/gA/4/s2/gA_4_s2_2019-03-13T10;43;06+01;00_rgb_ann_distraction.json,11760,11948,safe
dmd/gA/4/s2/gA_4_s2_2019-03-13T10;43;06+01;00_rgb_ann_distraction.json,12530,12703,safe
dmd/gA/4/s2/gA_4_s2_2019-03-13T10;43;06+01;00_rgb_ann_distraction.json,13342,13494,safe
dmd/gA/4/s2/gA_4_s2_2019-03-13T10;43;06+01;00_rgb_ann_distraction.json,541,724,reaching
dmd/gA/4/s2/gA_4_s2_2019-03-13T10;43;06+01;00_rgb_ann_distraction.json,1122,1248,reaching
dmd/gA/4/s2/gA_4_s2_2019-03-13T10;43;06+01;00_rgb_ann_distraction.json,1626,1704,reaching
dmd/gA/4/s2/gA_4_s2_2019-03-13T10;43;06+01;00_rgb_ann_distraction.json,3079,3152,reaching
dmd/gA/4/s2/gA_4_s2_2019-03-13T10;43;06+01;00_rgb_ann_distraction.json,3567,3652,reaching
dmd/gA/4/s2/gA_4_s2_2019-03-13T10;43;06+01;00_rgb_ann_distraction.json,4549,4592,reaching
dmd/gA/4/s2/gA_4_s2_2019-03-13T10;43;06+01;00_rgb_ann_distraction.json,5928,5995,reaching
dmd/gA/4/s2/gA_4_s2_2019-03-13T10;43;06+01;00_rgb_ann_distraction.json,6378,6433,reaching
dmd/gA/4/s2/gA_4_s2_2019-03-13T10;43;06+01;00_rgb_ann_distraction.json,6957,6973,reaching
dmd/gA/4/s2/gA_4_s2_2019-03-13T10;43;06+01;00_rgb_ann_distraction.json,7128,7334,reaching
dmd/gA/4/s2/gA_4_s2_2019-03-13T10;43;06+01;00_rgb_ann_distraction.json,7723,7870,reaching
dmd/gA/4/s2/gA_4_s2_2019-03-13T10;43;06+01;00_rgb_ann_distraction.json,7996,8032,reaching
dmd/gA/4/s2/gA_4_s2_2019-03-13T10;43;06+01;00_rgb_ann_distraction.json,9279,9317,reaching
dmd/gA/4/s2/gA_4_s2_2019-03-13T10;43;06+01;00_rgb_ann_distraction.json,9490,9523,reaching
dmd/gA/4/s2/gA_4_s2_2019-03-13T10;43;06+01;00_rgb_ann_distraction.json,10228,10354,reaching
dmd/gA/4/s2/gA_4_s2_2019-03-13T10;43;06+01;00_rgb_ann_distraction.json,10772,10856,reaching
dmd/gA/4/s2/gA_4_s2_2019-03-13T10;43;06+01;00_rgb_ann_distraction.json,11684,11759,reaching
dmd/gA/4/s2/gA_4_s2_2019-03-13T10;43;06+01;00_rgb_ann_distraction.json,11949,12012,reaching
dmd/gA/4/s2/gA_4_s2_2019-03-13T10;43;06+01;00_rgb_ann_distraction.json,12470,12529,reaching
dmd/gA/4/s2/gA_4_s2_2019-03-13T10;43;06+01;00_rgb_ann_distraction.json,12704,12881,reaching
dmd/gA/4/s2/gA_4_s2_2019-03-13T10;43;06+01;00_rgb_ann_distraction.json,13232,13341,reaching
dmd/gA/4/s2/gA_4_s2_2019-03-13T10;43;06+01;00_rgb_ann_distraction.json,1705,3078,unsafe
dmd/gA/4/s2/gA_4_s2_2019-03-13T10;43;06+01;00_rgb_ann_distraction.json,4670,5927,unsafe
dmd/gA/4/s2/gA_4_s2_2019-03-13T10;43;06+01;00_rgb_ann_distraction.json,3653,4217,unsafe
dmd/gA/4/s2/gA_4_s2_2019-03-13T10;43;06+01;00_rgb_ann_distraction.json,6434,6956,unsafe
dmd/gA/4/s2/gA_4_s2_2019-03-13T10;43;06+01;00_rgb_ann_distraction.json,4593,4669,unsafe
dmd/gA/4/s2/gA_4_s2_2019-03-13T10;43;06+01;00_rgb_ann_distraction.json,8033,9278,unsafe
dmd/gA/4/s2/gA_4_s2_2019-03-13T10;43;06+01;00_rgb_ann_distraction.json,10857,11683,unsafe
dmd/gA/4/s2/gA_4_s2_2019-03-13T10;43;06+01;00_rgb_ann_distraction.json,9524,10227,unsafe
dmd/gA/4/s2/gA_4_s2_2019-03-13T10;43;06+01;00_rgb_ann_distraction.json,12013,12469,unsafe
dmd/gA/4/s1/gA_4_s1_2019-03-13T10;36;15+01;00_rgb_ann_distraction.json,11,154,safe
dmd/gA/4/s1/gA_4_s1_2019-03-13T10;36;15+01;00_rgb_ann_distraction.json,214,574,safe
dmd/gA/4/s1/gA_4_s1_2019-03-13T10;36;15+01;00_rgb_ann_distraction.json,974,1533,safe
dmd/gA/4/s1/gA_4_s1_2019-03-13T10;36;15+01;00_rgb_ann_distraction.json,1831,2594,safe
dmd/gA/4/s1/gA_4_s1_2019-03-13T10;36;15+01;00_rgb_ann_distraction.json,2614,2656,safe
dmd/gA/4/s1/gA_4_s1_2019-03-13T10;36;15+01;00_rgb_ann_distraction.json,2685,2731,safe
dmd/gA/4/s1/gA_4_s1_2019-03-13T10;36;15+01;00_rgb_ann_distraction.json,2766,2875,safe
dmd/gA/4/s1/gA_4_s1_2019-03-13T10;36;15+01;00_rgb_ann_distraction.json,2905,3248,safe
dmd/gA/4/s1/gA_4_s1_2019-03-13T10;36;15+01;00_rgb_ann_distraction.json,3734,4269,safe
dmd/gA/4/s1/gA_4_s1_2019-03-13T10;36;15+01;00_rgb_ann_distraction.json,4592,5378,safe
dmd/gA/4/s1/gA_4_s1_2019-03-13T10;36;15+01;00_rgb_ann_distraction.json,5767,6093,safe
dmd/gA/4/s1/gA_4_s1_2019-03-13T10;36;15+01;00_rgb_ann_distraction.json,6123,6359,safe
dmd/gA/4/s1/gA_4_s1_2019-03-13T10;36;15+01;00_rgb_ann_distraction.json,6391,6427,safe
dmd/gA/4/s1/gA_4_s1_2019-03-13T10;36;15+01;00_rgb_ann_distraction.json,6458,6501,safe
dmd/gA/4/s1/gA_4_s1_2019-03-13T10;36;15+01;00_rgb_ann_distraction.json,6536,6641,safe
dmd/gA/4/s1/gA_4_s1_2019-03-13T10;36;15+01;00_rgb_ann_distraction.json,6670,6838,safe
dmd/gA/4/s1/gA_4_s1_2019-03-13T10;36;15+01;00_rgb_ann_distraction.json,7269,7351,safe
dmd/gA/4/s1/gA_4_s1_2019-03-13T10;36;15+01;00_rgb_ann_distraction.json,575,973,unsafe
dmd/gA/4/s1/gA_4_s1_2019-03-13T10;36;15+01;00_rgb_ann_distraction.json,3249,3733,unsafe
dmd/gA/4/s1/gA_4_s1_2019-03-13T10;36;15+01;00_rgb_ann_distraction.json,1534,1578,reaching
dmd/gA/4/s1/gA_4_s1_2019-03-13T10;36;15+01;00_rgb_ann_distraction.json,1781,1830,reaching
dmd/gA/4/s1/gA_4_s1_2019-03-13T10;36;15+01;00_rgb_ann_distraction.json,4270,4324,reaching
dmd/gA/4/s1/gA_4_s1_2019-03-13T10;36;15+01;00_rgb_ann_distraction.json,4553,4591,reaching
dmd/gA/4/s1/gA_4_s1_2019-03-13T10;36;15+01;00_rgb_ann_distraction.json,5379,5448,reaching
dmd/gA/4/s1/gA_4_s1_2019-03-13T10;36;15+01;00_rgb_ann_distraction.json,5669,5766,reaching
dmd/gA/4/s1/gA_4_s1_2019-03-13T10;36;15+01;00_rgb_ann_distraction.json,6839,6885,reaching
dmd/gA/4/s1/gA_4_s1_2019-03-13T10;36;15+01;00_rgb_ann_distraction.json,7213,7268,reaching
dmd/gA/4/s1/gA_4_s1_2019-03-13T10;36;15+01;00_rgb_ann_distraction.json,2595,2613,unsafe
dmd/gA/4/s1/gA_4_s1_2019-03-13T10;36;15+01;00_rgb_ann_distraction.json,2657,2684,unsafe
dmd/gA/4/s1/gA_4_s1_2019-03-13T10;36;15+01;00_rgb_ann_distraction.json,2732,2765,unsafe
dmd/gA/4/s1/gA_4_s1_2019-03-13T10;36;15+01;00_rgb_ann_distraction.json,2876,2904,unsafe
dmd/gA/4/s1/gA_4_s1_2019-03-13T10;36;15+01;00_rgb_ann_distraction.json,6094,6122,unsafe
dmd/gA/4/s1/gA_4_s1_2019-03-13T10;36;15+01;00_rgb_ann_distraction.json,6360,6390,unsafe
dmd/gA/4/s1/gA_4_s1_2019-03-13T10;36;15+01;00_rgb_ann_distraction.json,6428,6457,unsafe
dmd/gA/4/s1/gA_4_s1_2019-03-13T10;36;15+01;00_rgb_ann_distraction.json,6502,6535,unsafe
dmd/gA/4/s1/gA_4_s1_2019-03-13T10;36;15+01;00_rgb_ann_distraction.json,6642,6669,unsafe
dmd/gA/4/s4/gA_4_s4_2019-03-25T11;44;29+01;00_rgb_ann_distraction.json,5,245,safe
dmd/gA/4/s4/gA_4_s4_2019-03-25T11;44;29+01;00_rgb_ann_distraction.json,313,526,safe
dmd/gA/4/s4/gA_4_s4_2019-03-25T11;44;29+01;00_rgb_ann_distraction.json,1193,1349,safe
dmd/gA/4/s4/gA_4_s4_2019-03-25T11;44;29+01;00_rgb_ann_distraction.json,1383,1427,safe
dmd/gA/4/s4/gA_4_s4_2019-03-25T11;44;29+01;00_rgb_ann_distraction.json,3000,3259,safe
dmd/gA/4/s4/gA_4_s4_2019-03-25T11;44;29+01;00_rgb_ann_distraction.json,4085,4199,safe
dmd/gA/4/s4/gA_4_s4_2019-03-25T11;44;29+01;00_rgb_ann_distraction.json,4571,4922,safe
dmd/gA/4/s4/gA_4_s4_2019-03-25T11;44;29+01;00_rgb_ann_distraction.json,6336,6578,safe
dmd/gA/4/s4/gA_4_s4_2019-03-25T11;44;29+01;00_rgb_ann_distraction.json,7189,7443,safe
dmd/gA/4/s4/gA_4_s4_2019-03-25T11;44;29+01;00_rgb_ann_distraction.json,7499,7568,safe
dmd/gA/4/s4/gA_4_s4_2019-03-25T11;44;29+01;00_rgb_ann_distraction.json,8220,8289,safe
dmd/gA/4/s4/gA_4_s4_2019-03-25T11;44;29+01;00_rgb_ann_distraction.json,8728,9157,safe
dmd/gA/4/s4/gA_4_s4_2019-03-25T11;44;29+01;00_rgb_ann_distraction.json,10694,10800,safe
dmd/gA/4/s4/gA_4_s4_2019-03-25T11;44;29+01;00_rgb_ann_distraction.json,11552,11763,safe
dmd/gA/4/s4/gA_4_s4_2019-03-25T11;44;29+01;00_rgb_ann_distraction.json,12015,12347,safe
dmd/gA/4/s4/gA_4_s4_2019-03-25T11;44;29+01;00_rgb_ann_distraction.json,14142,14218,safe
dmd/gA/4/s4/gA_4_s4_2019-03-25T11;44;29+01;00_rgb_ann_distraction.json,14257,14298,safe
dmd/gA/4/s4/gA_4_s4_2019-03-25T11;44;29+01;00_rgb_ann_distraction.json,15014,15221,safe
dmd/gA/4/s4/gA_4_s4_2019-03-25T11;44;29+01;00_rgb_ann_distraction.json,15745,15799,safe
dmd/gA/4/s4/gA_4_s4_2019-03-25T11;44;29+01;00_rgb_ann_distraction.json,16089,16160,safe
dmd/gA/4/s4/gA_4_s4_2019-03-25T11;44;29+01;00_rgb_ann_distraction.json,527,598,reaching
dmd/gA/4/s4/gA_4_s4_2019-03-25T11;44;29+01;00_rgb_ann_distraction.json,1066,1150,reaching
dmd/gA/4/s4/gA_4_s4_2019-03-25T11;44;29+01;00_rgb_ann_distraction.json,1428,1492,reaching
dmd/gA/4/s4/gA_4_s4_2019-03-25T11;44;29+01;00_rgb_ann_distraction.json,2931,2999,reaching
dmd/gA/4/s4/gA_4_s4_2019-03-25T11;44;29+01;00_rgb_ann_distraction.json,3260,3318,reaching
dmd/gA/4/s4/gA_4_s4_2019-03-25T11;44;29+01;00_rgb_ann_distraction.json,4009,4084,reaching
dmd/gA/4/s4/gA_4_s4_2019-03-25T11;44;29+01;00_rgb_ann_distraction.json,4200,4263,reaching
dmd/gA/4/s4/gA_4_s4_2019-03-25T11;44;29+01;00_rgb_ann_distraction.json,4376,4570,reaching
dmd/gA/4/s4/gA_4_s4_2019-03-25T11;44;29+01;00_rgb_ann_distraction.json,4923,4998,reaching
dmd/gA/4/s4/gA_4_s4_2019-03-25T11;44;29+01;00_rgb_ann_distraction.json,6256,6335,reaching
dmd/gA/4/s4/gA_4_s4_2019-03-25T11;44;29+01;00_rgb_ann_distraction.json,6579,6669,reaching
dmd/gA/4/s4/gA_4_s4_2019-03-25T11;44;29+01;00_rgb_ann_distraction.json,7131,7188,reaching
dmd/gA/4/s4/gA_4_s4_2019-03-25T11;44;29+01;00_rgb_ann_distraction.json,7569,7635,reaching
dmd/gA/4/s4/gA_4_s4_2019-03-25T11;44;29+01;00_rgb_ann_distraction.json,8162,8219,reaching
dmd/gA/4/s4/gA_4_s4_2019-03-25T11;44;29+01;00_rgb_ann_distraction.json,8459,8496,reaching
dmd/gA/4/s4/gA_4_s4_2019-03-25T11;44;29+01;00_rgb_ann_distraction.json,8682,8727,reaching
dmd/gA/4/s4/gA_4_s4_2019-03-25T11;44;29+01;00_rgb_ann_distraction.json,9158,9197,reaching
dmd/gA/4/s4/gA_4_s4_2019-03-25T11;44;29+01;00_rgb_ann_distraction.json,10574,10639,reaching
dmd/gA/4/s4/gA_4_s4_2019-03-25T11;44;29+01;00_rgb_ann_distraction.json,10801,10853,reaching
dmd/gA/4/s4/gA_4_s4_2019-03-25T11;44;29+01;00_rgb_ann_distraction.json,11448,11551,reaching
dmd/gA/4/s4/gA_4_s4_2019-03-25T11;44;29+01;00_rgb_ann_distraction.json,11764,11817,reaching
dmd/gA/4/s4/gA_4_s4_2019-03-25T11;44;29+01;00_rgb_ann_distraction.json,11945,12014,reaching
dmd/gA/4/s4/gA_4_s4_2019-03-25T11;44;29+01;00_rgb_ann_distraction.json,12348,12399,reaching
dmd/gA/4/s4/gA_4_s4_2019-03-25T11;44;29+01;00_rgb_ann_distraction.json,14053,14141,reaching
dmd/gA/4/s4/gA_4_s4_2019-03-25T11;44;29+01;00_rgb_ann_distraction.json,14299,14401,reaching
dmd/gA/4/s4/gA_4_s4_2019-03-25T11;44;29+01;00_rgb_ann_distraction.json,14954,15013,reaching
dmd/gA/4/s4/gA_4_s4_2019-03-25T11;44;29+01;00_rgb_ann_distraction.json,15222,15313,reaching
dmd/gA/4/s4/gA_4_s4_2019-03-25T11;44;29+01;00_rgb_ann_distraction.json,15681,15744,reaching
dmd/gA/4/s4/gA_4_s4_2019-03-25T11;44;29+01;00_rgb_ann_distraction.json,15800,15852,reaching
dmd/gA/4/s4/gA_4_s4_2019-03-25T11;44;29+01;00_rgb_ann_distraction.json,16043,16088,reaching
dmd/gA/4/s4/gA_4_s4_2019-03-25T11;44;29+01;00_rgb_ann_distraction.json,1493,2930,unsafe
dmd/gA/4/s4/gA_4_s4_2019-03-25T11;44;29+01;00_rgb_ann_distraction.json,4999,6255,unsafe
dmd/gA/4/s4/gA_4_s4_2019-03-25T11;44;29+01;00_rgb_ann_distraction.json,3319,4008,unsafe
dmd/gA/4/s4/gA_4_s4_2019-03-25T11;44;29+01;00_rgb_ann_distraction.json,6670,7130,unsafe
dmd/gA/4/s4/gA_4_s4_2019-03-25T11;44;29+01;00_rgb_ann_distraction.json,9198,10573,unsafe
dmd/gA/4/s4/gA_4_s4_2019-03-25T11;44;29+01;00_rgb_ann_distraction.json,12400,14052,unsafe
dmd/gA/4/s4/gA_4_s4_2019-03-25T11;44;29+01;00_rgb_ann_distraction.json,10854,11447,unsafe
dmd/gA/4/s4/gA_4_s4_2019-03-25T11;44;29+01;00_rgb_ann_distraction.json,14402,14953,unsafe
dmd/gZ/33/s2/gZ_33_s2_2019-04-08T16;09;44+02;00_rgb_ann_distraction.json,5,339,safe
dmd/gZ/33/s2/gZ_33_s2_2019-04-08T16;09;44+02;00_rgb_ann_distraction.json,375,494,safe
dmd/gZ/33/s2/gZ_33_s2_2019-04-08T16;09;44+02;00_rgb_ann_distraction.json,520,541,safe
dmd/gZ/33/s2/gZ_33_s2_2019-04-08T16;09;44+02;00_rgb_ann_distraction.json,787,862,safe
dmd/gZ/33/s2/gZ_33_s2_2019-04-08T16;09;44+02;00_rgb_ann_distraction.json,1122,1189,safe
dmd/gZ/33/s2/gZ_33_s2_2019-04-08T16;09;44+02;00_rgb_ann_distraction.json,1284,1619,safe
dmd/gZ/33/s2/gZ_33_s2_2019-04-08T16;09;44+02;00_rgb_ann_distraction.json,3138,3315,safe
dmd/gZ/33/s2/gZ_33_s2_2019-04-08T16;09;44+02;00_rgb_ann_distraction.json,3345,3354,safe
dmd/gZ/33/s2/gZ_33_s2_2019-04-08T16;09;44+02;00_rgb_ann_distraction.json,3996,4099,safe
dmd/gZ/33/s2/gZ_33_s2_2019-04-08T16;09;44+02;00_rgb_ann_distraction.json,4231,4261,safe
dmd/gZ/33/s2/gZ_33_s2_2019-04-08T16;09;44+02;00_rgb_ann_distraction.json,4298,4319,safe
dmd/gZ/33/s2/gZ_33_s2_2019-04-08T16;09;44+02;00_rgb_ann_distraction.json,5684,5910,safe
dmd/gZ/33/s2/gZ_33_s2_2019-04-08T16;09;44+02;00_rgb_ann_distraction.json,6478,6665,safe
dmd/gZ/33/s2/gZ_33_s2_2019-04-08T16;09;44+02;00_rgb_ann_distraction.json,6706,6792,safe
dmd/gZ/33/s2/gZ_33_s2_2019-04-08T16;09;44+02;00_rgb_ann_distraction.json,7172,7207,safe
dmd/gZ/33/s2/gZ_33_s2_2019-04-08T16;09;44+02;00_rgb_ann_distraction.json,7271,7375,safe
dmd/gZ/33/s2/gZ_33_s2_2019-04-08T16;09;44+02;00_rgb_ann_distraction.json,7595,7818,safe
dmd/gZ/33/s2/gZ_33_s2_2019-04-08T16;09;44+02;00_rgb_ann_distraction.json,7896,7909,safe
dmd/gZ/33/s2/gZ_33_s2_2019-04-08T16;09;44+02;00_rgb_ann_distraction.json,9636,9787,safe
dmd/gZ/33/s2/gZ_33_s2_2019-04-08T16;09;44+02;00_rgb_ann_distraction.json,10919,10977,safe
dmd/gZ/33/s2/gZ_33_s2_2019-04-08T16;09;44+02;00_rgb_ann_distraction.json,11083,11179,safe
dmd/gZ/33/s2/gZ_33_s2_2019-04-08T16;09;44+02;00_rgb_ann_distraction.json,11225,11239,safe
dmd/gZ/33/s2/gZ_33_s2_2019-04-08T16;09;44+02;00_rgb_ann_distraction.json,12694,12741,safe
dmd/gZ/33/s2/gZ_33_s2_2019-04-08T16;09;44+02;00_rgb_ann_distraction.json,12788,12877,safe
dmd/gZ/33/s2/gZ_33_s2_2019-04-08T16;09;44+02;00_rgb_ann_distraction.json,13893,14095,safe
dmd/gZ/33/s2/gZ_33_s2_2019-04-08T16;09;44+02;00_rgb_ann_distraction.json,14640,14732,safe
dmd/gZ/33/s2/gZ_33_s2_2019-04-08T16;09;44+02;00_rgb_ann_distraction.json,3419,3936,unsafe
dmd/gZ/33/s2/gZ_33_s2_2019-04-08T16;09;44+02;00_rgb_ann_distraction.json,5969,6424,unsafe
dmd/gZ/33/s2/gZ_33_s2_2019-04-08T16;09;44+02;00_rgb_ann_distraction.json,1667,3092,unsafe
dmd/gZ/33/s2/gZ_33_s2_2019-04-08T16;09;44+02;00_rgb_ann_distraction.json,4385,5632,unsafe
dmd/gZ/33/s2/gZ_33_s2_2019-04-08T16;09;44+02;00_rgb_ann_distraction.json,9995,10852,unsafe
dmd/gZ/33/s2/gZ_33_s2_2019-04-08T16;09;44+02;00_rgb_ann_distraction.json,13130,13816,unsafe
dmd/gZ/33/s2/gZ_33_s2_2019-04-08T16;09;44+02;00_rgb_ann_distraction.json,7957,9569,unsafe
dmd/gZ/33/s2/gZ_33_s2_2019-04-08T16;09;44+02;00_rgb_ann_distraction.json,11259,12633,unsafe
dmd/gZ/33/s2/gZ_33_s2_2019-04-08T16;09;44+02;00_rgb_ann_distraction.json,542,740,reaching
dmd/gZ/33/s2/gZ_33_s2_2019-04-08T16;09;44+02;00_rgb_ann_distraction.json,1190,1283,reaching
dmd/gZ/33/s2/gZ_33_s2_2019-04-08T16;09;44+02;00_rgb_ann_distraction.json,1620,1666,reaching
dmd/gZ/33/s2/gZ_33_s2_2019-04-08T16;09;44+02;00_rgb_ann_distraction.json,3093,3137,reaching
dmd/gZ/33/s2/gZ_33_s2_2019-04-08T16;09;44+02;00_rgb_ann_distraction.json,3355,3418,reaching
dmd/gZ/33/s2/gZ_33_s2_2019-04-08T16;09;44+02;00_rgb_ann_distraction.json,3937,3995,reaching
dmd/gZ/33/s2/gZ_33_s2_2019-04-08T16;09;44+02;00_rgb_ann_distraction.json,4320,4384,reaching
dmd/gZ/33/s2/gZ_33_s2_2019-04-08T16;09;44+02;00_rgb_ann_distraction.json,5633,5683,reaching
dmd/gZ/33/s2/gZ_33_s2_2019-04-08T16;09;44+02;00_rgb_ann_distraction.json,5911,5968,reaching
dmd/gZ/33/s2/gZ_33_s2_2019-04-08T16;09;44+02;00_rgb_ann_distraction.json,6425,6477,reaching
dmd/gZ/33/s2/gZ_33_s2_2019-04-08T16;09;44+02;00_rgb_ann_distraction.json,6837,7146,reaching
dmd/gZ/33/s2/gZ_33_s2_2019-04-08T16;09;44+02;00_rgb_ann_distraction.json,7509,7594,reaching
dmd/gZ/33/s2/gZ_33_s2_2019-04-08T16;09;44+02;00_rgb_ann_distraction.json,7910,7947,reaching
dmd/gZ/33/s2/gZ_33_s2_2019-04-08T16;09;44+02;00_rgb_ann_distraction.json,9570,9635,reaching
dmd/gZ/33/s2/gZ_33_s2_2019-04-08T16;09;44+02;00_rgb_ann_distraction.json,9788,9845,reaching
dmd/gZ/33/s2/gZ_33_s2_2019-04-08T16;09;44+02;00_rgb_ann_distraction.json,10873,10918,reaching
dmd/gZ/33/s2/gZ_33_s2_2019-04-08T16;09;44+02;00_rgb_ann_distraction.json,11180,11224,reaching
dmd/gZ/33/s2/gZ_33_s2_2019-04-08T16;09;44+02;00_rgb_ann_distraction.json,12634,12693,reaching
dmd/gZ/33/s2/gZ_33_s2_2019-04-08T16;09;44+02;00_rgb_ann_distraction.json,12878,12955,reaching
dmd/gZ/33/s2/gZ_33_s2_2019-04-08T16;09;44+02;00_rgb_ann_distraction.json,13817,13892,reaching
dmd/gZ/33/s2/gZ_33_s2_2019-04-08T16;09;44+02;00_rgb_ann_distraction.json,14096,14256,reaching
dmd/gZ/33/s2/gZ_33_s2_2019-04-08T16;09;44+02;00_rgb_ann_distraction.json,14534,14639,reaching
dmd/gZ/33/s2/gZ_33_s2_2019-04-08T09;59;25+02;00_rgb_ann_distraction.json,2,34,safe
dmd/gZ/33/s2/gZ_33_s2_2019-04-08T09;59;25+02;00_rgb_ann_distraction.json,108,210,safe
dmd/gZ/33/s2/gZ_33_s2_2019-04-08T09;59;25+02;00_rgb_ann_distraction.json,251,507,safe
dmd/gZ/33/s2/gZ_33_s2_2019-04-08T09;59;25+02;00_rgb_ann_distraction.json,909,960,safe
dmd/gZ/33/s2/gZ_33_s2_2019-04-08T09;59;25+02;00_rgb_ann_distraction.json,1062,1111,safe
dmd/gZ/33/s2/gZ_33_s2_2019-04-08T09;59;25+02;00_rgb_ann_distraction.json,1226,1467,safe
dmd/gZ/33/s2/gZ_33_s2_2019-04-08T09;59;25+02;00_rgb_ann_distraction.json,3400,3633,safe
dmd/gZ/33/s2/gZ_33_s2_2019-04-08T09;59;25+02;00_rgb_ann_distraction.json,4385,4758,safe
dmd/gZ/33/s2/gZ_33_s2_2019-04-08T09;59;25+02;00_rgb_ann_distraction.json,5972,6448,safe
dmd/gZ/33/s2/gZ_33_s2_2019-04-08T09;59;25+02;00_rgb_ann_distraction.json,7230,7317,safe
dmd/gZ/33/s2/gZ_33_s2_2019-04-08T09;59;25+02;00_rgb_ann_distraction.json,7371,7480,safe
dmd/gZ/33/s2/gZ_33_s2_2019-04-08T09;59;25+02;00_rgb_ann_distraction.json,7861,7927,safe
dmd/gZ/33/s2/gZ_33_s2_2019-04-08T09;59;25+02;00_rgb_ann_distraction.json,8261,8467,safe
dmd/gZ/33/s2/gZ_33_s2_2019-04-08T09;59;25+02;00_rgb_ann_distraction.json,9854,9891,safe
dmd/gZ/33/s2/gZ_33_s2_2019-04-08T09;59;25+02;00_rgb_ann_distraction.json,9926,10064,safe
dmd/gZ/33/s2/gZ_33_s2_2019-04-08T09;59;25+02;00_rgb_ann_distraction.json,10769,10884,safe
dmd/gZ/33/s2/gZ_33_s2_2019-04-08T09;59;25+02;00_rgb_ann_distraction.json,10996,11093,safe
dmd/gZ/33/s2/gZ_33_s2_2019-04-08T09;59;25+02;00_rgb_ann_distraction.json,12371,12461,safe
dmd/gZ/33/s2/gZ_33_s2_2019-04-08T09;59;25+02;00_rgb_ann_distraction.json,13096,13188,safe
dmd/gZ/33/s2/gZ_33_s2_2019-04-08T09;59;25+02;00_rgb_ann_distraction.json,13528,13624,safe
dmd/gZ/33/s2/gZ_33_s2_2019-04-08T09;59;25+02;00_rgb_ann_distraction.json,13702,13829,safe
dmd/gZ/33/s2/gZ_33_s2_2019-04-08T09;59;25+02;00_rgb_ann_distraction.json,3701,4281,unsafe
dmd/gZ/33/s2/gZ_33_s2_2019-04-08T09;59;25+02;00_rgb_ann_distraction.json,6556,7169,unsafe
dmd/gZ/33/s2/gZ_33_s2_2019-04-08T09;59;25+02;00_rgb_ann_distraction.json,1550,3347,unsafe
dmd/gZ/33/s2/gZ_33_s2_2019-04-08T09;59;25+02;00_rgb_ann_distraction.json,4853,5912,unsafe
dmd/gZ/33/s2/gZ_33_s2_2019-04-08T09;59;25+02;00_rgb_ann_distraction.json,10214,10679,unsafe
dmd/gZ/33/s2/gZ_33_s2_2019-04-08T09;59;25+02;00_rgb_ann_distraction.json,12561,13016,unsafe
dmd/gZ/33/s2/gZ_33_s2_2019-04-08T09;59;25+02;00_rgb_ann_distraction.json,8543,9751,unsafe
dmd/gZ/33/s2/gZ_33_s2_2019-04-08T09;59;25+02;00_rgb_ann_distraction.json,11168,12224,unsafe
dmd/gZ/33/s2/gZ_33_s2_2019-04-08T09;59;25+02;00_rgb_ann_distraction.json,508,654,reaching
dmd/gZ/33/s2/gZ_33_s2_2019-04-08T09;59;25+02;00_rgb_ann_distraction.json,961,1061,reaching
dmd/gZ/33/s2/gZ_33_s2_2019-04-08T09;59;25+02;00_rgb_ann_distraction.json,1468,1515,reaching
dmd/gZ/33/s2/gZ_33_s2_2019-04-08T09;59;25+02;00_rgb_ann_distraction.json,3348,3399,reaching
dmd/gZ/33/s2/gZ_33_s2_2019-04-08T09;59;25+02;00_rgb_ann_distraction.json,3634,3700,reaching
dmd/gZ/33/s2/gZ_33_s2_2019-04-08T09;59;25+02;00_rgb_ann_distraction.json,4282,4348,reaching
dmd/gZ/33/s2/gZ_33_s2_2019-04-08T09;59;25+02;00_rgb_ann_distraction.json,4759,4852,reaching
dmd/gZ/33/s2/gZ_33_s2_2019-04-08T09;59;25+02;00_rgb_ann_distraction.json,5913,5971,reaching
dmd/gZ/33/s2/gZ_33_s2_2019-04-08T09;59;25+02;00_rgb_ann_distraction.json,6449,6525,reaching
dmd/gZ/33/s2/gZ_33_s2_2019-04-08T09;59;25+02;00_rgb_ann_distraction.json,7170,7229,reaching
dmd/gZ/33/s2/gZ_33_s2_2019-04-08T09;59;25+02;00_rgb_ann_distraction.json,7481,7708,reaching
dmd/gZ/33/s2/gZ_33_s2_2019-04-08T09;59;25+02;00_rgb_ann_distraction.json,8154,8260,reaching
dmd/gZ/33/s2/gZ_33_s2_2019-04-08T09;59;25+02;00_rgb_ann_distraction.json,8468,8518,reaching
dmd/gZ/33/s2/gZ_33_s2_2019-04-08T09;59;25+02;00_rgb_ann_distraction.json,9776,9853,reaching
dmd/gZ/33/s2/gZ_33_s2_2019-04-08T09;59;25+02;00_rgb_ann_distraction.json,10065,10133,reaching
dmd/gZ/33/s2/gZ_33_s2_2019-04-08T09;59;25+02;00_rgb_ann_distraction.json,10724,10768,reaching
dmd/gZ/33/s2/gZ_33_s2_2019-04-08T09;59;25+02;00_rgb_ann_distraction.json,11094,11139,reaching
dmd/gZ/33/s2/gZ_33_s2_2019-04-08T09;59;25+02;00_rgb_ann_distraction.json,12244,12301,reaching
dmd/gZ/33/s2/gZ_33_s2_2019-04-08T09;59;25+02;00_rgb_ann_distraction.json,12462,12523,reaching
dmd/gZ/33/s2/gZ_33_s2_2019-04-08T09;59;25+02;00_rgb_ann_distraction.json,13038,13095,reaching
dmd/gZ/33/s2/gZ_33_s2_2019-04-08T09;59;25+02;00_rgb_ann_distraction.json,13189,13347,reaching
dmd/gZ/33/s2/gZ_33_s2_2019-04-08T09;59;25+02;00_rgb_ann_distraction.json,13625,13701,reaching
dmd/gZ/33/s3/gZ_33_s3_2019-04-04T09;33;20+02;00_rgb_ann_distraction.json,16,409,safe
dmd/gZ/33/s3/gZ_33_s3_2019-04-04T09;33;20+02;00_rgb_ann_distraction.json,454,813,safe
dmd/gZ/33/s3/gZ_33_s3_2019-04-04T09;33;20+02;00_rgb_ann_distraction.json,1013,1352,safe
dmd/gZ/33/s3/gZ_33_s3_2019-04-04T09;33;20+02;00_rgb_ann_distraction.json,1460,1532,safe
dmd/gZ/33/s3/gZ_33_s3_2019-04-04T09;33;20+02;00_rgb_ann_distraction.json,1565,1847,safe
dmd/gZ/33/s3/gZ_33_s3_2019-04-04T09;33;20+02;00_rgb_ann_distraction.json,911,1012,reaching
dmd/gZ/33/s3/gZ_33_s3_2019-04-04T09;33;20+02;00_rgb_ann_distraction.json,1533,1564,reaching
dmd/gZ/33/s3/gZ_33_s3_2019-04-04T09;33;20+02;00_rgb_ann_distraction.json,814,910,reaching
dmd/gZ/33/s3/gZ_33_s3_2019-04-04T09;33;20+02;00_rgb_ann_distraction.json,1353,1459,reaching
dmd/gZ/33/s3/gZ_33_s3_2019-04-04T15;06;45+02;00_rgb_ann_distraction.json,2,35,safe
dmd/gZ/33/s3/gZ_33_s3_2019-04-04T15;06;45+02;00_rgb_ann_distraction.json,90,281,safe
dmd/gZ/33/s3/gZ_33_s3_2019-04-04T15;06;45+02;00_rgb_ann_distraction.json,323,708,safe
dmd/gZ/33/s3/gZ_33_s3_2019-04-04T15;06;45+02;00_rgb_ann_distraction.json,997,1253,safe
dmd/gZ/33/s3/gZ_33_s3_2019-04-04T15;06;45+02;00_rgb_ann_distraction.json,1469,1816,safe
dmd/gZ/33/s3/gZ_33_s3_2019-04-04T15;06;45+02;00_rgb_ann_distraction.json,906,996,reaching
dmd/gZ/33/s3/gZ_33_s3_2019-04-04T15;06;45+02;00_rgb_ann_distraction.json,1362,1468,reaching
dmd/gZ/33/s3/gZ_33_s3_2019-04-04T15;06;45+02;00_rgb_ann_distraction.json,709,905,reaching
dmd/gZ/33/s3/gZ_33_s3_2019-04-04T15;06;45+02;00_rgb_ann_distraction.json,1254,1361,reaching
dmd/gZ/33/s1/gZ_33_s1_2019-04-08T16;18;54+02;00_rgb_ann_distraction.json,4,240,safe
dmd/gZ/33/s1/gZ_33_s1_2019-04-08T16;18;54+02;00_rgb_ann_distraction.json,309,397,safe
dmd/gZ/33/s1/gZ_33_s1_2019-04-08T16;18;54+02;00_rgb_ann_distraction.json,497,524,safe
dmd/gZ/33/s1/gZ_33_s1_2019-04-08T16;18;54+02;00_rgb_ann_distraction.json,572,629,safe
dmd/gZ/33/s1/gZ_33_s1_2019-04-08T16;18;54+02;00_rgb_ann_distraction.json,681,804,safe
dmd/gZ/33/s1/gZ_33_s1_2019-04-08T16;18;54+02;00_rgb_ann_distraction.json,859,884,safe
dmd/gZ/33/s1/gZ_33_s1_2019-04-08T16;18;54+02;00_rgb_ann_distraction.json,939,970,safe
dmd/gZ/33/s1/gZ_33_s1_2019-04-08T16;18;54+02;00_rgb_ann_distraction.json,1022,1043,safe
dmd/gZ/33/s1/gZ_33_s1_2019-04-08T16;18;54+02;00_rgb_ann_distraction.json,1086,1296,safe
dmd/gZ/33/s1/gZ_33_s1_2019-04-08T16;18;54+02;00_rgb_ann_distraction.json,1706,1947,safe
dmd/gZ/33/s1/gZ_33_s1_2019-04-08T16;18;54+02;00_rgb_ann_distraction.json,2033,2096,safe
dmd/gZ/33/s1/gZ_33_s1_2019-04-08T16;18;54+02;00_rgb_ann_distraction.json,2126,2163,safe
dmd/gZ/33/s1/gZ_33_s1_2019-04-08T16;18;54+02;00_rgb_ann_distraction.json,2206,2258,safe
dmd/gZ/33/s1/gZ_33_s1_2019-04-08T16;18;54+02;00_rgb_ann_distraction.json,2297,2356,safe
dmd/gZ/33/s1/gZ_33_s1_2019-04-08T16;18;54+02;00_rgb_ann_distraction.json,2383,2450,safe
dmd/gZ/33/s1/gZ_33_s1_2019-04-08T16;18;54+02;00_rgb_ann_distraction.json,2490,2527,safe
dmd/gZ/33/s1/gZ_33_s1_2019-04-08T16;18;54+02;00_rgb_ann_distraction.json,2575,2612,safe
dmd/gZ/33/s1/gZ_33_s1_2019-04-08T16;18;54+02;00_rgb_ann_distraction.json,2650,2673,safe
dmd/gZ/33/s1/gZ_33_s1_2019-04-08T16;18;54+02;00_rgb_ann_distraction.json,2789,3120,safe
dmd/gZ/33/s1/gZ_33_s1_2019-04-08T16;18;54+02;00_rgb_ann_distraction.json,3557,3843,safe
dmd/gZ/33/s1/gZ_33_s1_2019-04-08T16;18;54+02;00_rgb_ann_distraction.json,3863,3897,safe
dmd/gZ/33/s1/gZ_33_s1_2019-04-08T16;18;54+02;00_rgb_ann_distraction.json,3949,4008,safe
dmd/gZ/33/s1/gZ_33_s1_2019-04-08T16;18;54+02;00_rgb_ann_distraction.json,4077,4103,safe
dmd/gZ/33/s1/gZ_33_s1_2019-04-08T16;18;54+02;00_rgb_ann_distraction.json,4157,4219,safe
dmd/gZ/33/s1/gZ_33_s1_2019-04-08T16;18;54+02;00_rgb_ann_distraction.json,4308,4347,safe
dmd/gZ/33/s1/gZ_33_s1_2019-04-08T16;18;54+02;00_rgb_ann_distraction.json,4405,4565,safe
dmd/gZ/33/s1/gZ_33_s1_2019-04-08T16;18;54+02;00_rgb_ann_distraction.json,4596,4644,safe
dmd/gZ/33/s1/gZ_33_s1_2019-04-08T16;18;54+02;00_rgb_ann_distraction.json,5203,5360,safe
dmd/gZ/33/s1/gZ_33_s1_2019-04-08T16;18;54+02;00_rgb_ann_distraction.json,5407,5529,safe
dmd/gZ/33/s1/gZ_33_s1_2019-04-08T16;18;54+02;00_rgb_ann_distraction.json,5570,5727,safe
dmd/gZ/33/s1/gZ_33_s1_2019-04-08T16;18;54+02;00_rgb_ann_distraction.json,5810,5876,safe
dmd/gZ/33/s1/gZ_33_s1_2019-04-08T16;18;54+02;00_rgb_ann_distraction.json,5920,6122,safe
dmd/gZ/33/s1/gZ_33_s1_2019-04-08T16;18;54+02;00_rgb_ann_distraction.json,6188,6216,safe
dmd/gZ/33/s1/gZ_33_s1_2019-04-08T16;18;54+02;00_rgb_ann_distraction.json,6240,6409,safe
dmd/gZ/33/s1/gZ_33_s1_2019-04-08T16;18;54+02;00_rgb_ann_distraction.json,6447,6535,safe
dmd/gZ/33/s1/gZ_33_s1_2019-04-08T16;18;54+02;00_rgb_ann_distraction.json,6589,6665,safe
dmd/gZ/33/s1/gZ_33_s1_2019-04-08T16;18;54+02;00_rgb_ann_distraction.json,6717,6740,safe
dmd/gZ/33/s1/gZ_33_s1_2019-04-08T16;18;54+02;00_rgb_ann_distraction.json,6775,7009,safe
dmd/gZ/33/s1/gZ_33_s1_2019-04-08T16;18;54+02;00_rgb_ann_distraction.json,7457,7560,safe
dmd/gZ/33/s1/gZ_33_s1_2019-04-08T16;18;54+02;00_rgb_ann_distraction.json,398,496,unsafe
dmd/gZ/33/s1/gZ_33_s1_2019-04-08T16;18;54+02;00_rgb_ann_distraction.json,525,571,unsafe
dmd/gZ/33/s1/gZ_33_s1_2019-04-08T16;18;54+02;00_rgb_ann_distraction.json,630,680,unsafe
dmd/gZ/33/s1/gZ_33_s1_2019-04-08T16;18;54+02;00_rgb_ann_distraction.json,805,858,unsafe
dmd/gZ/33/s1/gZ_33_s1_2019-04-08T16;18;54+02;00_rgb_ann_distraction.json,885,938,unsafe
dmd/gZ/33/s1/gZ_33_s1_2019-04-08T16;18;54+02;00_rgb_ann_distraction.json,971,1021,unsafe
dmd/gZ/33/s1/gZ_33_s1_2019-04-08T16;18;54+02;00_rgb_ann_distraction.json,3844,3862,unsafe
dmd/gZ/33/s1/gZ_33_s1_2019-04-08T16;18;54+02;00_rgb_ann_distraction.json,3898,3948,unsafe
dmd/gZ/33/s1/gZ_33_s1_2019-04-08T16;18;54+02;00_rgb_ann_distraction.json,4009,4076,unsafe
dmd/gZ/33/s1/gZ_33_s1_2019-04-08T16;18;54+02;00_rgb_ann_distraction.json,4104,4156,unsafe
dmd/gZ/33/s1/gZ_33_s1_2019-04-08T16;18;54+02;00_rgb_ann_distraction.json,4220,4307,unsafe
dmd/gZ/33/s1/gZ_33_s1_2019-04-08T16;18;54+02;00_rgb_ann_distraction.json,4348,4404,unsafe
dmd/gZ/33/s1/gZ_33_s1_2019-04-08T16;18;54+02;00_rgb_ann_distraction.json,1297,1362,reaching
dmd/gZ/33/s1/gZ_33_s1_2019-04-08T16;18;54+02;00_rgb_ann_distraction.json,1644,1705,reaching
dmd/gZ/33/s1/gZ_33_s1_2019-04-08T16;18;54+02;00_rgb_ann_distraction.json,3121,3196,reaching
dmd/gZ/33/s1/gZ_33_s1_2019-04-08T16;18;54+02;00_rgb_ann_distraction.json,3520,3556,reaching
dmd/gZ/33/s1/gZ_33_s1_2019-04-08T16;18;54+02;00_rgb_ann_distraction.json,4645,4718,reaching
dmd/gZ/33/s1/gZ_33_s1_2019-04-08T16;18;54+02;00_rgb_ann_distraction.json,5089,5202,reaching
dmd/gZ/33/s1/gZ_33_s1_2019-04-08T16;18;54+02;00_rgb_ann_distraction.json,7010,7051,reaching
dmd/gZ/33/s1/gZ_33_s1_2019-04-08T16;18;54+02;00_rgb_ann_distraction.json,7405,7456,reaching
dmd/gZ/33/s1/gZ_33_s1_2019-04-08T16;18;54+02;00_rgb_ann_distraction.json,1948,2032,unsafe
dmd/gZ/33/s1/gZ_33_s1_2019-04-08T16;18;54+02;00_rgb_ann_distraction.json,2097,2125,unsafe
dmd/gZ/33/s1/gZ_33_s1_2019-04-08T16;18;54+02;00_rgb_ann_distraction.json,2164,2205,unsafe
dmd/gZ/33/s1/gZ_33_s1_2019-04-08T16;18;54+02;00_rgb_ann_distraction.json,2259,2296,unsafe
dmd/gZ/33/s1/gZ_33_s1_2019-04-08T16;18;54+02;00_rgb_ann_distraction.json,2357,2382,unsafe
dmd/gZ/33/s1/gZ_33_s1_2019-04-08T16;18;54+02;00_rgb_ann_distraction.json,2451,2489,unsafe
dmd/gZ/33/s1/gZ_33_s1_2019-04-08T16;18;54+02;00_rgb_ann_distraction.json,2528,2574,unsafe
dmd/gZ/33/s1/gZ_33_s1_2019-04-08T16;18;54+02;00_rgb_ann_distraction.json,2613,2649,unsafe
dmd/gZ/33/s1/gZ_33_s1_2019-04-08T16;18;54+02;00_rgb_ann_distraction.json,2732,2788,unsafe
dmd/gZ/33/s1/gZ_33_s1_2019-04-08T16;18;54+02;00_rgb_ann_distraction.json,5361,5406,unsafe
dmd/gZ/33/s1/gZ_33_s1_2019-04-08T16;18;54+02;00_rgb_ann_distraction.json,5530,5569,unsafe
dmd/gZ/33/s1/gZ_33_s1_2019-04-08T16;18;54+02;00_rgb_ann_distraction.json,5728,5809,unsafe
dmd/gZ/33/s1/gZ_33_s1_2019-04-08T16;18;54+02;00_rgb_ann_distraction.json,5877,5919,unsafe
dmd/gZ/33/s1/gZ_33_s1_2019-04-08T16;18;54+02;00_rgb_ann_distraction.json,6139,6187,unsafe
dmd/gZ/33/s1/gZ_33_s1_2019-04-08T16;18;54+02;00_rgb_ann_distraction.json,6217,6239,unsafe
dmd/gZ/33/s1/gZ_33_s1_2019-04-08T16;18;54+02;00_rgb_ann_distraction.json,6410,6446,unsafe
dmd/gZ/33/s1/gZ_33_s1_2019-04-08T16;18;54+02;00_rgb_ann_distraction.json,6666,6716,unsafe
dmd/gZ/33/s1/gZ_33_s1_2019-04-08T10;08;19+02;00_rgb_ann_distraction.json,1,14,safe
dmd/gZ/33/s1/gZ_33_s1_2019-04-08T10;08;19+02;00_rgb_ann_distraction.json,77,419,safe
dmd/gZ/33/s1/gZ_33_s1_2019-04-08T10;08;19+02;00_rgb_ann_distraction.json,455,492,safe
dmd/gZ/33/s1/gZ_33_s1_2019-04-08T10;08;19+02;00_rgb_ann_distraction.json,573,688,safe
dmd/gZ/33/s1/gZ_33_s1_2019-04-08T10;08;19+02;00_rgb_ann_distraction.json,723,751,safe
dmd/gZ/33/s1/gZ_33_s1_2019-04-08T10;08;19+02;00_rgb_ann_distraction.json,778,846,safe
dmd/gZ/33/s1/gZ_33_s1_2019-04-08T10;08;19+02;00_rgb_ann_distraction.json,977,1060,safe
dmd/gZ/33/s1/gZ_33_s1_2019-04-08T10;08;19+02;00_rgb_ann_distraction.json,1087,1435,safe
dmd/gZ/33/s1/gZ_33_s1_2019-04-08T10;08;19+02;00_rgb_ann_distraction.json,1528,1655,safe
dmd/gZ/33/s1/gZ_33_s1_2019-04-08T10;08;19+02;00_rgb_ann_distraction.json,2138,2491,safe
dmd/gZ/33/s1/gZ_33_s1_2019-04-08T10;08;19+02;00_rgb_ann_distraction.json,2579,2630,safe
dmd/gZ/33/s1/gZ_33_s1_2019-04-08T10;08;19+02;00_rgb_ann_distraction.json,2722,2773,safe
dmd/gZ/33/s1/gZ_33_s1_2019-04-08T10;08;19+02;00_rgb_ann_distraction.json,2830,2866,safe
dmd/gZ/33/s1/gZ_33_s1_2019-04-08T10;08;19+02;00_rgb_ann_distraction.json,2893,2941,safe
dmd/gZ/33/s1/gZ_33_s1_2019-04-08T10;08;19+02;00_rgb_ann_distraction.json,2971,3041,safe
dmd/gZ/33/s1/gZ_33_s1_2019-04-08T10;08;19+02;00_rgb_ann_distraction.json,3073,3097,safe
dmd/gZ/33/s1/gZ_33_s1_2019-04-08T10;08;19+02;00_rgb_ann_distraction.json,3124,3243,safe
dmd/gZ/33/s1/gZ_33_s1_2019-04-08T10;08;19+02;00_rgb_ann_distraction.json,3268,3309,safe
dmd/gZ/33/s1/gZ_33_s1_2019-04-08T10;08;19+02;00_rgb_ann_distraction.json,3371,3424,safe
dmd/gZ/33/s1/gZ_33_s1_2019-04-08T10;08;19+02;00_rgb_ann_distraction.json,3469,3495,safe
dmd/gZ/33/s1/gZ_33_s1_2019-04-08T10;08;19+02;00_rgb_ann_distraction.json,3545,3571,safe
dmd/gZ/33/s1/gZ_33_s1_2019-04-08T10;08;19+02;00_rgb_ann_distraction.json,3606,4260,safe
dmd/gZ/33/s1/gZ_33_s1_2019-04-08T10;08;19+02;00_rgb_ann_distraction.json,4689,4871,safe
dmd/gZ/33/s1/gZ_33_s1_2019-04-08T10;08;19+02;00_rgb_ann_distraction.json,4902,4946,safe
dmd/gZ/33/s1/gZ_33_s1_2019-04-08T10;08;19+02;00_rgb_ann_distraction.json,5107,5173,safe
dmd/gZ/33/s1/gZ_33_s1_2019-04-08T10;08;19+02;00_rgb_ann_distraction.json,5212,5382,safe
dmd/gZ/33/s1/gZ_33_s1_2019-04-08T10;08;19+02;00_rgb_ann_distraction.json,5443,5698,safe
dmd/gZ/33/s1/gZ_33_s1_2019-04-08T10;08;19+02;00_rgb_ann_distraction.json,6171,6341,safe
dmd/gZ/33/s1/gZ_33_s1_2019-04-08T10;08;19+02;00_rgb_ann_distraction.json,6410,6486,safe
dmd/gZ/33/s1/gZ_33_s1_2019-04-08T10;08;19+02;00_rgb_ann_distraction.json,6509,6693,safe
dmd/gZ/33/s1/gZ_33_s1_2019-04-08T10;08;19+02;00_rgb_ann_distraction.json,6727,6801,safe
dmd/gZ/33/s1/gZ_33_s1_2019-04-08T10;08;19+02;00_rgb_ann_distraction.json,6829,6994,safe
dmd/gZ/33/s1/gZ_33_s1_2019-04-08T10;08;19+02;00_rgb_ann_distraction.json,7485,7616,safe
dmd/gZ/33/s1/gZ_33_s1_2019-04-08T10;08;19+02;00_rgb_ann_distraction.json,420,454,unsafe
dmd/gZ/33/s1/gZ_33_s1_2019-04-08T10;08;19+02;00_rgb_ann_distraction.json,493,572,unsafe
dmd/gZ/33/s1/gZ_33_s1_2019-04-08T10;08;19+02;00_rgb_ann_distraction.json,689,722,unsafe
dmd/gZ/33/s1/gZ_33_s1_2019-04-08T10;08;19+02;00_rgb_ann_distraction.json,752,777,unsafe
dmd/gZ/33/s1/gZ_33_s1_2019-04-08T10;08;19+02;00_rgb_ann_distraction.json,847,976,unsafe
dmd/gZ/33/s1/gZ_33_s1_2019-04-08T10;08;19+02;00_rgb_ann_distraction.json,1061,1086,unsafe
dmd/gZ/33/s1/gZ_33_s1_2019-04-08T10;08;19+02;00_rgb_ann_distraction.json,4872,4901,unsafe
dmd/gZ/33/s1/gZ_33_s1_2019-04-08T10;08;19+02;00_rgb_ann_distraction.json,4947,5106,unsafe
dmd/gZ/33/s1/gZ_33_s1_2019-04-08T10;08;19+02;00_rgb_ann_distraction.json,5174,5211,unsafe
dmd/gZ/33/s1/gZ_33_s1_2019-04-08T10;08;19+02;00_rgb_ann_distraction.json,5383,5442,unsafe
dmd/gZ/33/s1/gZ_33_s1_2019-04-08T10;08;19+02;00_rgb_ann_distraction.json,1656,1764,reaching
dmd/gZ/33/s1/gZ_33_s1_2019-04-08T10;08;19+02;00_rgb_ann_distraction.json,2083,2137,reaching
dmd/gZ/33/s1/gZ_33_s1_2019-04-08T10;08;19+02;00_rgb_ann_distraction.json,4261,4320,reaching
dmd/gZ/33/s1/gZ_33_s1_2019-04-08T10;08;19+02;00_rgb_ann_distraction.json,4621,4688,reaching
dmd/gZ/33/s1/gZ_33_s1_2019-04-08T10;08;19+02;00_rgb_ann_distraction.json,5699,5793,reaching
dmd/gZ/33/s1/gZ_33_s1_2019-04-08T10;08;19+02;00_rgb_ann_distraction.json,6125,6170,reaching
dmd/gZ/33/s1/gZ_33_s1_2019-04-08T10;08;19+02;00_rgb_ann_distraction.json,6995,7065,reaching
dmd/gZ/33/s1/gZ_33_s1_2019-04-08T10;08;19+02;00_rgb_ann_distraction.json,7416,7484,reaching
dmd/gZ/33/s1/gZ_33_s1_2019-04-08T10;08;19+02;00_rgb_ann_distraction.json,2537,2578,unsafe
dmd/gZ/33/s1/gZ_33_s1_2019-04-08T10;08;19+02;00_rgb_ann_distraction.json,2631,2721,unsafe
dmd/gZ/33/s1/gZ_33_s1_2019-04-08T10;08;19+02;00_rgb_ann_distraction.json,2774,2829,unsafe
dmd/gZ/33/s1/gZ_33_s1_2019-04-08T10;08;19+02;00_rgb_ann_distraction.json,2867,2892,unsafe
dmd/gZ/33/s1/gZ_33_s1_2019-04-08T10;08;19+02;00_rgb_ann_distraction.json,2942,2970,unsafe
dmd/gZ/33/s1/gZ_33_s1_2019-04-08T10;08;19+02;00_rgb_ann_distraction.json,3042,3072,unsafe
dmd/gZ/33/s1/gZ_33_s1_2019-04-08T10;08;19+02;00_rgb_ann_distraction.json,3098,3123,unsafe
dmd/gZ/33/s1/gZ_33_s1_2019-04-08T10;08;19+02;00_rgb_ann_distraction.json,3244,3267,unsafe
dmd/gZ/33/s1/gZ_33_s1_2019-04-08T10;08;19+02;00_rgb_ann_distraction.json,3310,3370,unsafe
dmd/gZ/33/s1/gZ_33_s1_2019-04-08T10;08;19+02;00_rgb_ann_distraction.json,3425,3468,unsafe
dmd/gZ/33/s1/gZ_33_s1_2019-04-08T10;08;19+02;00_rgb_ann_distraction.json,3496,3544,unsafe
dmd/gZ/33/s1/gZ_33_s1_2019-04-08T10;08;19+02;00_rgb_ann_distraction.json,3572,3605,unsafe
dmd/gZ/33/s1/gZ_33_s1_2019-04-08T10;08;19+02;00_rgb_ann_distraction.json,6342,6409,unsafe
dmd/gZ/33/s1/gZ_33_s1_2019-04-08T10;08;19+02;00_rgb_ann_distraction.json,6487,6508,unsafe
dmd/gZ/33/s1/gZ_33_s1_2019-04-08T10;08;19+02;00_rgb_ann_distraction.json,6694,6726,unsafe
dmd/gZ/33/s1/gZ_33_s1_2019-04-08T10;08;19+02;00_rgb_ann_distraction.json,6802,6828,unsafe
dmd/gZ/33/s4/gZ_33_s4_2019-04-02T09;08;46+02;00_rgb_ann_distraction.json,5,128,safe
dmd/gZ/33/s4/gZ_33_s4_2019-04-02T09;08;46+02;00_rgb_ann_distraction.json,153,179,safe
dmd/gZ/33/s4/gZ_33_s4_2019-04-02T09;08;46+02;00_rgb_ann_distraction.json,204,284,safe
dmd/gZ/33/s4/gZ_33_s4_2019-04-02T09;08;46+02;00_rgb_ann_distraction.json,314,415,safe
dmd/gZ/33/s4/gZ_33_s4_2019-04-02T09;08;46+02;00_rgb_ann_distraction.json,443,487,safe
dmd/gZ/33/s4/gZ_33_s4_2019-04-02T09;08;46+02;00_rgb_ann_distraction.json,1167,1214,safe
dmd/gZ/33/s4/gZ_33_s4_2019-04-02T09;08;46+02;00_rgb_ann_distraction.json,1260,1271,safe
dmd/gZ/33/s4/gZ_33_s4_2019-04-02T09;08;46+02;00_rgb_ann_distraction.json,1327,1585,safe
dmd/gZ/33/s4/gZ_33_s4_2019-04-02T09;08;46+02;00_rgb_ann_distraction.json,1621,1679,safe
dmd/gZ/33/s4/gZ_33_s4_2019-04-02T09;08;46+02;00_rgb_ann_distraction.json,3066,3153,safe
dmd/gZ/33/s4/gZ_33_s4_2019-04-02T09;08;46+02;00_rgb_ann_distraction.json,3171,3328,safe
dmd/gZ/33/s4/gZ_33_s4_2019-04-02T09;08;46+02;00_rgb_ann_distraction.json,4298,4329,safe
dmd/gZ/33/s4/gZ_33_s4_2019-04-02T09;08;46+02;00_rgb_ann_distraction.json,4416,4480,safe
dmd/gZ/33/s4/gZ_33_s4_2019-04-02T09;08;46+02;00_rgb_ann_distraction.json,5006,5258,safe
dmd/gZ/33/s4/gZ_33_s4_2019-04-02T09;08;46+02;00_rgb_ann_distraction.json,5297,5402,safe
dmd/gZ/33/s4/gZ_33_s4_2019-04-02T09;08;46+02;00_rgb_ann_distraction.json,6877,7027,safe
dmd/gZ/33/s4/gZ_33_s4_2019-04-02T09;08;46+02;00_rgb_ann_distraction.json,7830,7894,safe
dmd/gZ/33/s4/gZ_33_s4_2019-04-02T09;08;46+02;00_rgb_ann_distraction.json,7949,8082,safe
dmd/gZ/33/s4/gZ_33_s4_2019-04-02T09;08;46+02;00_rgb_ann_distraction.json,8163,8211,safe
dmd/gZ/33/s4/gZ_33_s4_2019-04-02T09;08;46+02;00_rgb_ann_distraction.json,8247,8277,safe
dmd/gZ/33/s4/gZ_33_s4_2019-04-02T09;08;46+02;00_rgb_ann_distraction.json,8526,8660,safe
dmd/gZ/33/s4/gZ_33_s4_2019-04-02T09;08;46+02;00_rgb_ann_distraction.json,8739,8957,safe
dmd/gZ/33/s4/gZ_33_s4_2019-04-02T09;08;46+02;00_rgb_ann_distraction.json,9059,9241,safe
dmd/gZ/33/s4/gZ_33_s4_2019-04-02T09;08;46+02;00_rgb_ann_distraction.json,9292,9333,safe
dmd/gZ/33/s4/gZ_33_s4_2019-04-02T09;08;46+02;00_rgb_ann_distraction.json,9429,9459,safe
dmd/gZ/33/s4/gZ_33_s4_2019-04-02T09;08;46+02;00_rgb_ann_distraction.json,9536,9547,safe
dmd/gZ/33/s4/gZ_33_s4_2019-04-02T09;08;46+02;00_rgb_ann_distraction.json,9938,9971,safe
dmd/gZ/33/s4/gZ_33_s4_2019-04-02T09;08;46+02;00_rgb_ann_distraction.json,10001,10127,safe
dmd/gZ/33/s4/gZ_33_s4_2019-04-02T09;08;46+02;00_rgb_ann_distraction.json,10152,10343,safe
dmd/gZ/33/s4/gZ_33_s4_2019-04-02T09;08;46+02;00_rgb_ann_distraction.json,11888,11917,safe
dmd/gZ/33/s4/gZ_33_s4_2019-04-02T09;08;46+02;00_rgb_ann_distraction.json,11948,12129,safe
dmd/gZ/33/s4/gZ_33_s4_2019-04-02T09;08;46+02;00_rgb_ann_distraction.json,13091,13137,safe
dmd/gZ/33/s4/gZ_33_s4_2019-04-02T09;08;46+02;00_rgb_ann_distraction.json,13268,13366,safe
dmd/gZ/33/s4/gZ_33_s4_2019-04-02T09;08;46+02;00_rgb_ann_distraction.json,13946,13994,safe
dmd/gZ/33/s4/gZ_33_s4_2019-04-02T09;08;46+02;00_rgb_ann_distraction.json,14078,14467,safe
dmd/gZ/33/s4/gZ_33_s4_2019-04-02T09;08;46+02;00_rgb_ann_distraction.json,14534,14579,safe
dmd/gZ/33/s4/gZ_33_s4_2019-04-02T09;08;46+02;00_rgb_ann_distraction.json,15687,15929,safe
dmd/gZ/33/s4/gZ_33_s4_2019-04-02T09;08;46+02;00_rgb_ann_distraction.json,15981,16038,safe
dmd/gZ/33/s4/gZ_33_s4_2019-04-02T09;08;46+02;00_rgb_ann_distraction.json,16764,16838,safe
dmd/gZ/33/s4/gZ_33_s4_2019-04-02T09;08;46+02;00_rgb_ann_distraction.json,17291,17429,safe
dmd/gZ/33/s4/gZ_33_s4_2019-04-02T09;08;46+02;00_rgb_ann_distraction.json,17972,18078,safe
dmd/gZ/33/s4/gZ_33_s4_2019-04-02T09;08;46+02;00_rgb_ann_distraction.json,3487,4223,unsafe
dmd/gZ/33/s4/gZ_33_s4_2019-04-02T09;08;46+02;00_rgb_ann_distraction.json,7143,7748,unsafe
dmd/gZ/33/s4/gZ_33_s4_2019-04-02T09;08;46+02;00_rgb_ann_distraction.json,1797,3018,unsafe
dmd/gZ/33/s4/gZ_33_s4_2019-04-02T09;08;46+02;00_rgb_ann_distraction.json,5482,5623,unsafe
dmd/gZ/33/s4/gZ_33_s4_2019-04-02T09;08;46+02;00_rgb_ann_distraction.json,5656,6738,unsafe
dmd/gZ/33/s4/gZ_33_s4_2019-04-02T09;08;46+02;00_rgb_ann_distraction.json,12273,13090,unsafe
dmd/gZ/33/s4/gZ_33_s4_2019-04-02T09;08;46+02;00_rgb_ann_distraction.json,16082,16532,unsafe
dmd/gZ/33/s4/gZ_33_s4_2019-04-02T09;08;46+02;00_rgb_ann_distraction.json,10464,11756,unsafe
dmd/gZ/33/s4/gZ_33_s4_2019-04-02T09;08;46+02;00_rgb_ann_distraction.json,14625,15285,unsafe
dmd/gZ/33/s4/gZ_33_s4_2019-04-02T09;08;46+02;00_rgb_ann_distraction.json,15306,15617,unsafe
dmd/gZ/33/s4/gZ_33_s4_2019-04-02T09;08;46+02;00_rgb_ann_distraction.json,488,595,reaching
dmd/gZ/33/s4/gZ_33_s4_2019-04-02T09;08;46+02;00_rgb_ann_distraction.json,1071,1166,reaching
dmd/gZ/33/s4/gZ_33_s4_2019-04-02T09;08;46+02;00_rgb_ann_distraction.json,1680,1796,reaching
dmd/gZ/33/s4/gZ_33_s4_2019-04-02T09;08;46+02;00_rgb_ann_distraction.json,3019,3065,reaching
dmd/gZ/33/s4/gZ_33_s4_2019-04-02T09;08;46+02;00_rgb_ann_distraction.json,3375,3486,reaching
dmd/gZ/33/s4/gZ_33_s4_2019-04-02T09;08;46+02;00_rgb_ann_distraction.json,4224,4297,reaching
dmd/gZ/33/s4/gZ_33_s4_2019-04-02T09;08;46+02;00_rgb_ann_distraction.json,4481,4584,reaching
dmd/gZ/33/s4/gZ_33_s4_2019-04-02T09;08;46+02;00_rgb_ann_distraction.json,4936,5005,reaching
dmd/gZ/33/s4/gZ_33_s4_2019-04-02T09;08;46+02;00_rgb_ann_distraction.json,5403,5481,reaching
dmd/gZ/33/s4/gZ_33_s4_2019-04-02T09;08;46+02;00_rgb_ann_distraction.json,6739,6797,reaching
dmd/gZ/33/s4/gZ_33_s4_2019-04-02T09;08;46+02;00_rgb_ann_distraction.json,7069,7142,reaching
dmd/gZ/33/s4/gZ_33_s4_2019-04-02T09;08;46+02;00_rgb_ann_distraction.json,7749,7829,reaching
dmd/gZ/33/s4/gZ_33_s4_2019-04-02T09;08;46+02;00_rgb_ann_distraction.json,8083,8162,reaching
dmd/gZ/33/s4/gZ_33_s4_2019-04-02T09;08;46+02;00_rgb_ann_distraction.json,9334,9428,reaching
dmd/gZ/33/s4/gZ_33_s4_2019-04-02T09;08;46+02;00_rgb_ann_distraction.json,9548,9580,reaching
dmd/gZ/33/s4/gZ_33_s4_2019-04-02T09;08;46+02;00_rgb_ann_distraction.json,9884,9937,reaching
dmd/gZ/33/s4/gZ_33_s4_2019-04-02T09;08;46+02;00_rgb_ann_distraction.json,10364,10430,reaching
dmd/gZ/33/s4/gZ_33_s4_2019-04-02T09;08;46+02;00_rgb_ann_distraction.json,11822,11887,reaching
dmd/gZ/33/s4/gZ_33_s4_2019-04-02T09;08;46+02;00_rgb_ann_distraction.json,12130,12182,reaching
dmd/gZ/33/s4/gZ_33_s4_2019-04-02T09;08;46+02;00_rgb_ann_distraction.json,13159,13214,reaching
dmd/gZ/33/s4/gZ_33_s4_2019-04-02T09;08;46+02;00_rgb_ann_distraction.json,13367,13442,reaching
dmd/gZ/33/s4/gZ_33_s4_2019-04-02T09;08;46+02;00_rgb_ann_distraction.json,13849,13945,reaching
dmd/gZ/33/s4/gZ_33_s4_2019-04-02T09;08;46+02;00_rgb_ann_distraction.json,14468,14533,reaching
dmd/gZ/33/s4/gZ_33_s4_2019-04-02T09;08;46+02;00_rgb_ann_distraction.json,15618,15686,reaching
dmd/gZ/33/s4/gZ_33_s4_2019-04-02T09;08;46+02;00_rgb_ann_distraction.json,15930,15980,reaching
dmd/gZ/33/s4/gZ_33_s4_2019-04-02T09;08;46+02;00_rgb_ann_distraction.json,16550,16607,reaching
dmd/gZ/33/s4/gZ_33_s4_2019-04-02T09;08;46+02;00_rgb_ann_distraction.json,16839,16931,reaching
dmd/gZ/33/s4/gZ_33_s4_2019-04-02T09;08;46+02;00_rgb_ann_distraction.json,17239,17290,reaching
dmd/gZ/33/s4/gZ_33_s4_2019-04-02T09;08;46+02;00_rgb_ann_distraction.json,17430,17504,reaching
dmd/gZ/33/s4/gZ_33_s4_2019-04-02T09;08;46+02;00_rgb_ann_distraction.json,17909,17971,reaching
dmd/gZ/33/s4/gZ_33_s4_2019-04-03T09;22;03+02;00_rgb_ann_distraction.json,2,22,safe
dmd/gZ/33/s4/gZ_33_s4_2019-04-03T09;22;03+02;00_rgb_ann_distraction.json,51,231,safe
dmd/gZ/33/s4/gZ_33_s4_2019-04-03T09;22;03+02;00_rgb_ann_distraction.json,268,301,safe
dmd/gZ/33/s4/gZ_33_s4_2019-04-03T09;22;03+02;00_rgb_ann_distraction.json,331,498,safe
dmd/gZ/33/s4/gZ_33_s4_2019-04-03T09;22;03+02;00_rgb_ann_distraction.json,1056,1080,safe
dmd/gZ/33/s4/gZ_33_s4_2019-04-03T09;22;03+02;00_rgb_ann_distraction.json,1116,1135,safe
dmd/gZ/33/s4/gZ_33_s4_2019-04-03T09;22;03+02;00_rgb_ann_distraction.json,1166,1404,safe
dmd/gZ/33/s4/gZ_33_s4_2019-04-03T09;22;03+02;00_rgb_ann_distraction.json,2814,2966,safe
dmd/gZ/33/s4/gZ_33_s4_2019-04-03T09;22;03+02;00_rgb_ann_distraction.json,3455,3509,safe
dmd/gZ/33/s4/gZ_33_s4_2019-04-03T09;22;03+02;00_rgb_ann_distraction.json,3862,3956,safe
dmd/gZ/33/s4/gZ_33_s4_2019-04-03T09;22;03+02;00_rgb_ann_distraction.json,3978,4021,safe
dmd/gZ/33/s4/gZ_33_s4_2019-04-03T09;22;03+02;00_rgb_ann_distraction.json,4058,4067,safe
dmd/gZ/33/s4/gZ_33_s4_2019-04-03T09;22;03+02;00_rgb_ann_distraction.json,4096,4125,safe
dmd/gZ/33/s4/gZ_33_s4_2019-04-03T09;22;03+02;00_rgb_ann_distraction.json,4470,4691,safe
dmd/gZ/33/s4/gZ_33_s4_2019-04-03T09;22;03+02;00_rgb_ann_distraction.json,6117,6151,safe
dmd/gZ/33/s4/gZ_33_s4_2019-04-03T09;22;03+02;00_rgb_ann_distraction.json,6184,6339,safe
dmd/gZ/33/s4/gZ_33_s4_2019-04-03T09;22;03+02;00_rgb_ann_distraction.json,7073,7425,safe
dmd/gZ/33/s4/gZ_33_s4_2019-04-03T09;22;03+02;00_rgb_ann_distraction.json,8038,8333,safe
dmd/gZ/33/s4/gZ_33_s4_2019-04-03T09;22;03+02;00_rgb_ann_distraction.json,8760,8969,safe
dmd/gZ/33/s4/gZ_33_s4_2019-04-03T09;22;03+02;00_rgb_ann_distraction.json,8990,9056,safe
dmd/gZ/33/s4/gZ_33_s4_2019-04-03T09;22;03+02;00_rgb_ann_distraction.json,10908,11122,safe
dmd/gZ/33/s4/gZ_33_s4_2019-04-03T09;22;03+02;00_rgb_ann_distraction.json,11142,11171,safe
dmd/gZ/33/s4/gZ_33_s4_2019-04-03T09;22;03+02;00_rgb_ann_distraction.json,11922,11930,safe
dmd/gZ/33/s4/gZ_33_s4_2019-04-03T09;22;03+02;00_rgb_ann_distraction.json,11957,12094,safe
dmd/gZ/33/s4/gZ_33_s4_2019-04-03T09;22;03+02;00_rgb_ann_distraction.json,12533,12649,safe
dmd/gZ/33/s4/gZ_33_s4_2019-04-03T09;22;03+02;00_rgb_ann_distraction.json,12678,12870,safe
dmd/gZ/33/s4/gZ_33_s4_2019-04-03T09;22;03+02;00_rgb_ann_distraction.json,14034,14082,safe
dmd/gZ/33/s4/gZ_33_s4_2019-04-03T09;22;03+02;00_rgb_ann_distraction.json,14114,14205,safe
dmd/gZ/33/s4/gZ_33_s4_2019-04-03T09;22;03+02;00_rgb_ann_distraction.json,16148,16189,safe
dmd/gZ/33/s4/gZ_33_s4_2019-04-03T09;22;03+02;00_rgb_ann_distraction.json,16699,16794,safe
dmd/gZ/33/s4/gZ_33_s4_2019-04-03T09;22;03+02;00_rgb_ann_distraction.json,17162,17253,safe
dmd/gZ/33/s4/gZ_33_s4_2019-04-03T09;22;03+02;00_rgb_ann_distraction.json,3025,3283,unsafe
dmd/gZ/33/s4/gZ_33_s4_2019-04-03T09;22;03+02;00_rgb_ann_distraction.json,3397,3439,unsafe
dmd/gZ/33/s4/gZ_33_s4_2019-04-03T09;22;03+02;00_rgb_ann_distraction.json,3538,3787,unsafe
dmd/gZ/33/s4/gZ_33_s4_2019-04-03T09;22;03+02;00_rgb_ann_distraction.json,6411,7023,unsafe
dmd/gZ/33/s4/gZ_33_s4_2019-04-03T09;22;03+02;00_rgb_ann_distraction.json,1482,1554,unsafe
dmd/gZ/33/s4/gZ_33_s4_2019-04-03T09;22;03+02;00_rgb_ann_distraction.json,1590,2696,unsafe
dmd/gZ/33/s4/gZ_33_s4_2019-04-03T09;22;03+02;00_rgb_ann_distraction.json,4798,5774,unsafe
dmd/gZ/33/s4/gZ_33_s4_2019-04-03T09;22;03+02;00_rgb_ann_distraction.json,5786,6082,unsafe
dmd/gZ/33/s4/gZ_33_s4_2019-04-03T09;22;03+02;00_rgb_ann_distraction.json,11254,11374,unsafe
dmd/gZ/33/s4/gZ_33_s4_2019-04-03T09;22;03+02;00_rgb_ann_distraction.json,11432,11488,unsafe
dmd/gZ/33/s4/gZ_33_s4_2019-04-03T09;22;03+02;00_rgb_ann_distraction.json,11514,11878,unsafe
dmd/gZ/33/s4/gZ_33_s4_2019-04-03T09;22;03+02;00_rgb_ann_distraction.json,13020,13867,unsafe
dmd/gZ/33/s4/gZ_33_s4_2019-04-03T09;22;03+02;00_rgb_ann_distraction.json,9175,10849,unsafe
dmd/gZ/33/s4/gZ_33_s4_2019-04-03T09;22;03+02;00_rgb_ann_distraction.json,14279,16035,unsafe
dmd/gZ/33/s4/gZ_33_s4_2019-04-03T09;22;03+02;00_rgb_ann_distraction.json,499,563,reaching
dmd/gZ/33/s4/gZ_33_s4_2019-04-03T09;22;03+02;00_rgb_ann_distraction.json,1016,1055,reaching
dmd/gZ/33/s4/gZ_33_s4_2019-04-03T09;22;03+02;00_rgb_ann_distraction.json,1405,1462,reaching
dmd/gZ/33/s4/gZ_33_s4_2019-04-03T09;22;03+02;00_rgb_ann_distraction.json,2697,2740,reaching
dmd/gZ/33/s4/gZ_33_s4_2019-04-03T09;22;03+02;00_rgb_ann_distraction.json,2967,3024,reaching
dmd/gZ/33/s4/gZ_33_s4_2019-04-03T09;22;03+02;00_rgb_ann_distraction.json,3284,3396,reaching
dmd/gZ/33/s4/gZ_33_s4_2019-04-03T09;22;03+02;00_rgb_ann_distraction.json,3788,3861,reaching
dmd/gZ/33/s4/gZ_33_s4_2019-04-03T09;22;03+02;00_rgb_ann_distraction.json,4141,4184,reaching
dmd/gZ/33/s4/gZ_33_s4_2019-04-03T09;22;03+02;00_rgb_ann_distraction.json,4407,4469,reaching
dmd/gZ/33/s4/gZ_33_s4_2019-04-03T09;22;03+02;00_rgb_ann_distraction.json,4692,4754,reaching
dmd/gZ/33/s4/gZ_33_s4_2019-04-03T09;22;03+02;00_rgb_ann_distraction.json,6083,6116,reaching
dmd/gZ/33/s4/gZ_33_s4_2019-04-03T09;22;03+02;00_rgb_ann_distraction.json,6365,6410,reaching
dmd/gZ/33/s4/gZ_33_s4_2019-04-03T09;22;03+02;00_rgb_ann_distraction.json,7024,7072,reaching
dmd/gZ/33/s4/gZ_33_s4_2019-04-03T09;22;03+02;00_rgb_ann_distraction.json,7426,7496,reaching
dmd/gZ/33/s4/gZ_33_s4_2019-04-03T09;22;03+02;00_rgb_ann_distraction.json,8003,8037,reaching
dmd/gZ/33/s4/gZ_33_s4_2019-04-03T09;22;03+02;00_rgb_ann_distraction.json,8334,8386,reaching
dmd/gZ/33/s4/gZ_33_s4_2019-04-03T09;22;03+02;00_rgb_ann_distraction.json,8695,8759,reaching
dmd/gZ/33/s4/gZ_33_s4_2019-04-03T09;22;03+02;00_rgb_ann_distraction.json,9057,9107,reaching
dmd/gZ/33/s4/gZ_33_s4_2019-04-03T09;22;03+02;00_rgb_ann_distraction.json,10877,10907,reaching
dmd/gZ/33/s4/gZ_33_s4_2019-04-03T09;22;03+02;00_rgb_ann_distraction.json,11172,11223,reaching
dmd/gZ/33/s4/gZ_33_s4_2019-04-03T09;22;03+02;00_rgb_ann_distraction.json,11879,11921,reaching
dmd/gZ/33/s4/gZ_33_s4_2019-04-03T09;22;03+02;00_rgb_ann_distraction.json,12123,12203,reaching
dmd/gZ/33/s4/gZ_33_s4_2019-04-03T09;22;03+02;00_rgb_ann_distraction.json,12471,12532,reaching
dmd/gZ/33/s4/gZ_33_s4_2019-04-03T09;22;03+02;00_rgb_ann_distraction.json,12871,12971,reaching
dmd/gZ/33/s4/gZ_33_s4_2019-04-03T09;22;03+02;00_rgb_ann_distraction.json,13988,14033,reaching
dmd/gZ/33/s4/gZ_33_s4_2019-04-03T09;22;03+02;00_rgb_ann_distraction.json,14206,14262,reaching
dmd/gZ/33/s4/gZ_33_s4_2019-04-03T09;22;03+02;00_rgb_ann_distraction.json,16097,16147,reaching
dmd/gZ/33/s4/gZ_33_s4_2019-04-03T09;22;03+02;00_rgb_ann_distraction.json,16190,16277,reaching
dmd/gZ/33/s4/gZ_33_s4_2019-04-03T09;22;03+02;00_rgb_ann_distraction.json,16645,16698,reaching
dmd/gZ/33/s4/gZ_33_s4_2019-04-03T09;22;03+02;00_rgb_ann_distraction.json,16795,16843,reaching
dmd/gZ/33/s4/gZ_33_s4_2019-04-03T09;22;03+02;00_rgb_ann_distraction.json,17097,17161,reaching
dmd/gZ/34/s1/gZ_34_s1_2019-04-08T12;25;28+02;00_rgb_ann_distraction.json,3,532,safe
dmd/gZ/34/s1/gZ_34_s1_2019-04-08T12;25;28+02;00_rgb_ann_distraction.json,1072,1357,safe
dmd/gZ/34/s1/gZ_34_s1_2019-04-08T12;25;28+02;00_rgb_ann_distraction.json,1967,2210,safe
dmd/gZ/34/s1/gZ_34_s1_2019-04-08T12;25;28+02;00_rgb_ann_distraction.json,2248,2294,safe
dmd/gZ/34/s1/gZ_34_s1_2019-04-08T12;25;28+02;00_rgb_ann_distraction.json,2328,2346,safe
dmd/gZ/34/s1/gZ_34_s1_2019-04-08T12;25;28+02;00_rgb_ann_distraction.json,2387,2450,safe
dmd/gZ/34/s1/gZ_34_s1_2019-04-08T12;25;28+02;00_rgb_ann_distraction.json,2472,2494,safe
dmd/gZ/34/s1/gZ_34_s1_2019-04-08T12;25;28+02;00_rgb_ann_distraction.json,2525,2542,safe
dmd/gZ/34/s1/gZ_34_s1_2019-04-08T12;25;28+02;00_rgb_ann_distraction.json,2554,2573,safe
dmd/gZ/34/s1/gZ_34_s1_2019-04-08T12;25;28+02;00_rgb_ann_distraction.json,2590,2854,safe
dmd/gZ/34/s1/gZ_34_s1_2019-04-08T12;25;28+02;00_rgb_ann_distraction.json,2872,2927,safe
dmd/gZ/34/s1/gZ_34_s1_2019-04-08T12;25;28+02;00_rgb_ann_distraction.json,2946,2955,safe
dmd/gZ/34/s1/gZ_34_s1_2019-04-08T12;25;28+02;00_rgb_ann_distraction.json,2972,3009,safe
dmd/gZ/34/s1/gZ_34_s1_2019-04-08T12;25;28+02;00_rgb_ann_distraction.json,3050,3086,safe
dmd/gZ/34/s1/gZ_34_s1_2019-04-08T12;25;28+02;00_rgb_ann_distraction.json,3127,3187,safe
dmd/gZ/34/s1/gZ_34_s1_2019-04-08T12;25;28+02;00_rgb_ann_distraction.json,3237,3351,safe
dmd/gZ/34/s1/gZ_34_s1_2019-04-08T12;25;28+02;00_rgb_ann_distraction.json,3389,3402,safe
dmd/gZ/34/s1/gZ_34_s1_2019-04-08T12;25;28+02;00_rgb_ann_distraction.json,3416,3658,safe
dmd/gZ/34/s1/gZ_34_s1_2019-04-08T12;25;28+02;00_rgb_ann_distraction.json,3672,4078,safe
dmd/gZ/34/s1/gZ_34_s1_2019-04-08T12;25;28+02;00_rgb_ann_distraction.json,5202,5451,safe
dmd/gZ/34/s1/gZ_34_s1_2019-04-08T12;25;28+02;00_rgb_ann_distraction.json,6013,6249,safe
dmd/gZ/34/s1/gZ_34_s1_2019-04-08T12;25;28+02;00_rgb_ann_distraction.json,6268,6288,safe
dmd/gZ/34/s1/gZ_34_s1_2019-04-08T12;25;28+02;00_rgb_ann_distraction.json,6307,6407,safe
dmd/gZ/34/s1/gZ_34_s1_2019-04-08T12;25;28+02;00_rgb_ann_distraction.json,6436,6464,safe
dmd/gZ/34/s1/gZ_34_s1_2019-04-08T12;25;28+02;00_rgb_ann_distraction.json,6487,6665,safe
dmd/gZ/34/s1/gZ_34_s1_2019-04-08T12;25;28+02;00_rgb_ann_distraction.json,6758,6774,safe
dmd/gZ/34/s1/gZ_34_s1_2019-04-08T12;25;28+02;00_rgb_ann_distraction.json,6789,6823,safe
dmd/gZ/34/s1/gZ_34_s1_2019-04-08T12;25;28+02;00_rgb_ann_distraction.json,6844,6989,safe
dmd/gZ/34/s1/gZ_34_s1_2019-04-08T12;25;28+02;00_rgb_ann_distraction.json,7006,7013,safe
dmd/gZ/34/s1/gZ_34_s1_2019-04-08T12;25;28+02;00_rgb_ann_distraction.json,7025,7075,safe
dmd/gZ/34/s1/gZ_34_s1_2019-04-08T12;25;28+02;00_rgb_ann_distraction.json,7091,7409,safe
dmd/gZ/34/s1/gZ_34_s1_2019-04-08T12;25;28+02;00_rgb_ann_distraction.json,7466,7554,safe
dmd/gZ/34/s1/gZ_34_s1_2019-04-08T12;25;28+02;00_rgb_ann_distraction.json,7579,7600,safe
dmd/gZ/34/s1/gZ_34_s1_2019-04-08T12;25;28+02;00_rgb_ann_distraction.json,7625,7636,safe
dmd/gZ/34/s1/gZ_34_s1_2019-04-08T12;25;28+02;00_rgb_ann_distraction.json,7702,7921,safe
dmd/gZ/34/s1/gZ_34_s1_2019-04-08T12;25;28+02;00_rgb_ann_distraction.json,8436,8544,safe
dmd/gZ/34/s1/gZ_34_s1_2019-04-08T12;25;28+02;00_rgb_ann_distraction.json,533,1071,unsafe
dmd/gZ/34/s1/gZ_34_s1_2019-04-08T12;25;28+02;00_rgb_ann_distraction.json,4723,5201,unsafe
dmd/gZ/34/s1/gZ_34_s1_2019-04-08T12;25;28+02;00_rgb_ann_distraction.json,6666,6741,unsafe
dmd/gZ/34/s1/gZ_34_s1_2019-04-08T12;25;28+02;00_rgb_ann_distraction.json,1358,1452,reaching
dmd/gZ/34/s1/gZ_34_s1_2019-04-08T12;25;28+02;00_rgb_ann_distraction.json,1901,1966,reaching
dmd/gZ/34/s1/gZ_34_s1_2019-04-08T12;25;28+02;00_rgb_ann_distraction.json,4079,4141,reaching
dmd/gZ/34/s1/gZ_34_s1_2019-04-08T12;25;28+02;00_rgb_ann_distraction.json,4664,4722,reaching
dmd/gZ/34/s1/gZ_34_s1_2019-04-08T12;25;28+02;00_rgb_ann_distraction.json,5452,5549,reaching
dmd/gZ/34/s1/gZ_34_s1_2019-04-08T12;25;28+02;00_rgb_ann_distraction.json,5900,6012,reaching
dmd/gZ/34/s1/gZ_34_s1_2019-04-08T12;25;28+02;00_rgb_ann_distraction.json,7922,7991,reaching
dmd/gZ/34/s1/gZ_34_s1_2019-04-08T12;25;28+02;00_rgb_ann_distraction.json,8322,8435,reaching
dmd/gZ/34/s1/gZ_34_s1_2019-04-08T12;25;28+02;00_rgb_ann_distraction.json,2211,2247,unsafe
dmd/gZ/34/s1/gZ_34_s1_2019-04-08T12;25;28+02;00_rgb_ann_distraction.json,2295,2327,unsafe
dmd/gZ/34/s1/gZ_34_s1_2019-04-08T12;25;28+02;00_rgb_ann_distraction.json,2347,2386,unsafe
dmd/gZ/34/s1/gZ_34_s1_2019-04-08T12;25;28+02;00_rgb_ann_distraction.json,2451,2471,unsafe
dmd/gZ/34/s1/gZ_34_s1_2019-04-08T12;25;28+02;00_rgb_ann_distraction.json,2495,2524,unsafe
dmd/gZ/34/s1/gZ_34_s1_2019-04-08T12;25;28+02;00_rgb_ann_distraction.json,2543,2553,unsafe
dmd/gZ/34/s1/gZ_34_s1_2019-04-08T12;25;28+02;00_rgb_ann_distraction.json,2574,2589,unsafe
dmd/gZ/34/s1/gZ_34_s1_2019-04-08T12;25;28+02;00_rgb_ann_distraction.json,2855,2871,unsafe
dmd/gZ/34/s1/gZ_34_s1_2019-04-08T12;25;28+02;00_rgb_ann_distraction.json,2928,2945,unsafe
dmd/gZ/34/s1/gZ_34_s1_2019-04-08T12;25;28+02;00_rgb_ann_distraction.json,2956,2971,unsafe
dmd/gZ/34/s1/gZ_34_s1_2019-04-08T12;25;28+02;00_rgb_ann_distraction.json,3010,3049,unsafe
dmd/gZ/34/s1/gZ_34_s1_2019-04-08T12;25;28+02;00_rgb_ann_distraction.json,3087,3126,unsafe
dmd/gZ/34/s1/gZ_34_s1_2019-04-08T12;25;28+02;00_rgb_ann_distraction.json,3188,3236,unsafe
dmd/gZ/34/s1/gZ_34_s1_2019-04-08T12;25;28+02;00_rgb_ann_distraction.json,3352,3388,unsafe
dmd/gZ/34/s1/gZ_34_s1_2019-04-08T12;25;28+02;00_rgb_ann_distraction.json,3403,3415,unsafe
dmd/gZ/34/s1/gZ_34_s1_2019-04-08T12;25;28+02;00_rgb_ann_distraction.json,3659,3671,unsafe
dmd/gZ/34/s1/gZ_34_s1_2019-04-08T12;25;28+02;00_rgb_ann_distraction.json,6250,6267,unsafe
dmd/gZ/34/s1/gZ_34_s1_2019-04-08T12;25;28+02;00_rgb_ann_distraction.json,6289,6306,unsafe
dmd/gZ/34/s1/gZ_34_s1_2019-04-08T12;25;28+02;00_rgb_ann_distraction.json,6408,6435,unsafe
dmd/gZ/34/s1/gZ_34_s1_2019-04-08T12;25;28+02;00_rgb_ann_distraction.json,6465,6486,unsafe
dmd/gZ/34/s1/gZ_34_s1_2019-04-08T12;25;28+02;00_rgb_ann_distraction.json,6742,6757,unsafe
dmd/gZ/34/s1/gZ_34_s1_2019-04-08T12;25;28+02;00_rgb_ann_distraction.json,6775,6788,unsafe
dmd/gZ/34/s1/gZ_34_s1_2019-04-08T12;25;28+02;00_rgb_ann_distraction.json,6824,6843,unsafe
dmd/gZ/34/s1/gZ_34_s1_2019-04-08T12;25;28+02;00_rgb_ann_distraction.json,6990,7005,unsafe
dmd/gZ/34/s1/gZ_34_s1_2019-04-08T12;25;28+02;00_rgb_ann_distraction.json,7014,7024,unsafe
dmd/gZ/34/s1/gZ_34_s1_2019-04-08T12;25;28+02;00_rgb_ann_distraction.json,7076,7090,unsafe
dmd/gZ/34/s1/gZ_34_s1_2019-04-08T12;25;28+02;00_rgb_ann_distraction.json,7410,7465,unsafe
dmd/gZ/34/s1/gZ_34_s1_2019-04-08T12;25;28+02;00_rgb_ann_distraction.json,7555,7578,unsafe
dmd/gZ/34/s1/gZ_34_s1_2019-04-08T12;25;28+02;00_rgb_ann_distraction.json,7601,7624,unsafe
dmd/gZ/34/s1/gZ_34_s1_2019-04-08T12;25;28+02;00_rgb_ann_distraction.json,7637,7701,unsafe
dmd/gZ/34/s1/gZ_34_s1_2019-04-08T16;55;42+02;00_rgb_ann_distraction.json,4,558,safe
dmd/gZ/34/s1/gZ_34_s1_2019-04-08T16;55;42+02;00_rgb_ann_distraction.json,1048,1328,safe
dmd/gZ/34/s1/gZ_34_s1_2019-04-08T16;55;42+02;00_rgb_ann_distraction.json,1751,1993,safe
dmd/gZ/34/s1/gZ_34_s1_2019-04-08T16;55;42+02;00_rgb_ann_distraction.json,2039,2072,safe
dmd/gZ/34/s1/gZ_34_s1_2019-04-08T16;55;42+02;00_rgb_ann_distraction.json,2105,2143,safe
dmd/gZ/34/s1/gZ_34_s1_2019-04-08T16;55;42+02;00_rgb_ann_distraction.json,2188,2252,safe
dmd/gZ/34/s1/gZ_34_s1_2019-04-08T16;55;42+02;00_rgb_ann_distraction.json,2321,2376,safe
dmd/gZ/34/s1/gZ_34_s1_2019-04-08T16;55;42+02;00_rgb_ann_distraction.json,2410,2563,safe
dmd/gZ/34/s1/gZ_34_s1_2019-04-08T16;55;42+02;00_rgb_ann_distraction.json,2577,2644,safe
dmd/gZ/34/s1/gZ_34_s1_2019-04-08T16;55;42+02;00_rgb_ann_distraction.json,2659,2667,safe
dmd/gZ/34/s1/gZ_34_s1_2019-04-08T16;55;42+02;00_rgb_ann_distraction.json,2679,3125,safe
dmd/gZ/34/s1/gZ_34_s1_2019-04-08T16;55;42+02;00_rgb_ann_distraction.json,3150,3490,safe
dmd/gZ/34/s1/gZ_34_s1_2019-04-08T16;55;42+02;00_rgb_ann_distraction.json,3999,4208,safe
dmd/gZ/34/s1/gZ_34_s1_2019-04-08T16;55;42+02;00_rgb_ann_distraction.json,4747,5004,safe
dmd/gZ/34/s1/gZ_34_s1_2019-04-08T16;55;42+02;00_rgb_ann_distraction.json,5654,5869,safe
dmd/gZ/34/s1/gZ_34_s1_2019-04-08T16;55;42+02;00_rgb_ann_distraction.json,5899,5975,safe
dmd/gZ/34/s1/gZ_34_s1_2019-04-08T16;55;42+02;00_rgb_ann_distraction.json,6019,6128,safe
dmd/gZ/34/s1/gZ_34_s1_2019-04-08T16;55;42+02;00_rgb_ann_distraction.json,6147,6176,safe
dmd/gZ/34/s1/gZ_34_s1_2019-04-08T16;55;42+02;00_rgb_ann_distraction.json,6243,6281,safe
dmd/gZ/34/s1/gZ_34_s1_2019-04-08T16;55;42+02;00_rgb_ann_distraction.json,6377,6482,safe
dmd/gZ/34/s1/gZ_34_s1_2019-04-08T16;55;42+02;00_rgb_ann_distraction.json,6521,6922,safe
dmd/gZ/34/s1/gZ_34_s1_2019-04-08T16;55;42+02;00_rgb_ann_distraction.json,6942,7004,safe
dmd/gZ/34/s1/gZ_34_s1_2019-04-08T16;55;42+02;00_rgb_ann_distraction.json,7041,7065,safe
dmd/gZ/34/s1/gZ_34_s1_2019-04-08T16;55;42+02;00_rgb_ann_distraction.json,7082,7111,safe
dmd/gZ/34/s1/gZ_34_s1_2019-04-08T16;55;42+02;00_rgb_ann_distraction.json,7139,7150,safe
dmd/gZ/34/s1/gZ_34_s1_2019-04-08T16;55;42+02;00_rgb_ann_distraction.json,7165,7223,safe
dmd/gZ/34/s1/gZ_34_s1_2019-04-08T16;55;42+02;00_rgb_ann_distraction.json,7324,7409,safe
dmd/gZ/34/s1/gZ_34_s1_2019-04-08T16;55;42+02;00_rgb_ann_distraction.json,7430,7707,safe
dmd/gZ/34/s1/gZ_34_s1_2019-04-08T16;55;42+02;00_rgb_ann_distraction.json,8145,8237,safe
dmd/gZ/34/s1/gZ_34_s1_2019-04-08T16;55;42+02;00_rgb_ann_distraction.json,559,1047,unsafe
dmd/gZ/34/s1/gZ_34_s1_2019-04-08T16;55;42+02;00_rgb_ann_distraction.json,4209,4746,unsafe
dmd/gZ/34/s1/gZ_34_s1_2019-04-08T16;55;42+02;00_rgb_ann_distraction.json,6483,6520,unsafe
dmd/gZ/34/s1/gZ_34_s1_2019-04-08T16;55;42+02;00_rgb_ann_distraction.json,1329,1391,reaching
dmd/gZ/34/s1/gZ_34_s1_2019-04-08T16;55;42+02;00_rgb_ann_distraction.json,1691,1750,reaching
dmd/gZ/34/s1/gZ_34_s1_2019-04-08T16;55;42+02;00_rgb_ann_distraction.json,3491,3538,reaching
dmd/gZ/34/s1/gZ_34_s1_2019-04-08T16;55;42+02;00_rgb_ann_distraction.json,3940,3998,reaching
dmd/gZ/34/s1/gZ_34_s1_2019-04-08T16;55;42+02;00_rgb_ann_distraction.json,5005,5095,reaching
dmd/gZ/34/s1/gZ_34_s1_2019-04-08T16;55;42+02;00_rgb_ann_distraction.json,5581,5653,reaching
dmd/gZ/34/s1/gZ_34_s1_2019-04-08T16;55;42+02;00_rgb_ann_distraction.json,7708,7783,reaching
dmd/gZ/34/s1/gZ_34_s1_2019-04-08T16;55;42+02;00_rgb_ann_distraction.json,8096,8144,reaching
dmd/gZ/34/s1/gZ_34_s1_2019-04-08T16;55;42+02;00_rgb_ann_distraction.json,1994,2038,unsafe
dmd/gZ/34/s1/gZ_34_s1_2019-04-08T16;55;42+02;00_rgb_ann_distraction.json,2073,2104,unsafe
dmd/gZ/34/s1/gZ_34_s1_2019-04-08T16;55;42+02;00_rgb_ann_distraction.json,2144,2187,unsafe
dmd/gZ/34/s1/gZ_34_s1_2019-04-08T16;55;42+02;00_rgb_ann_distraction.json,2253,2320,unsafe
dmd/gZ/34/s1/gZ_34_s1_2019-04-08T16;55;42+02;00_rgb_ann_distraction.json,2377,2409,unsafe
dmd/gZ/34/s1/gZ_34_s1_2019-04-08T16;55;42+02;00_rgb_ann_distraction.json,2564,2576,unsafe
dmd/gZ/34/s1/gZ_34_s1_2019-04-08T16;55;42+02;00_rgb_ann_distraction.json,2645,2658,unsafe
dmd/gZ/34/s1/gZ_34_s1_2019-04-08T16;55;42+02;00_rgb_ann_distraction.json,2668,2678,unsafe
dmd/gZ/34/s1/gZ_34_s1_2019-04-08T16;55;42+02;00_rgb_ann_distraction.json,5870,5898,unsafe
dmd/gZ/34/s1/gZ_34_s1_2019-04-08T16;55;42+02;00_rgb_ann_distraction.json,5976,6018,unsafe
dmd/gZ/34/s1/gZ_34_s1_2019-04-08T16;55;42+02;00_rgb_ann_distraction.json,6129,6146,unsafe
dmd/gZ/34/s1/gZ_34_s1_2019-04-08T16;55;42+02;00_rgb_ann_distraction.json,6177,6242,unsafe
dmd/gZ/34/s1/gZ_34_s1_2019-04-08T16;55;42+02;00_rgb_ann_distraction.json,6282,6376,unsafe
dmd/gZ/34/s1/gZ_34_s1_2019-04-08T16;55;42+02;00_rgb_ann_distraction.json,6923,6941,unsafe
dmd/gZ/34/s1/gZ_34_s1_2019-04-08T16;55;42+02;00_rgb_ann_distraction.json,7005,7040,unsafe
dmd/gZ/34/s1/gZ_34_s1_2019-04-08T16;55;42+02;00_rgb_ann_distraction.json,7066,7081,unsafe
dmd/gZ/34/s1/gZ_34_s1_2019-04-08T16;55;42+02;00_rgb_ann_distraction.json,7112,7138,unsafe
dmd/gZ/34/s1/gZ_34_s1_2019-04-08T16;55;42+02;00_rgb_ann_distraction.json,7151,7164,unsafe
dmd/gZ/34/s1/gZ_34_s1_2019-04-08T16;55;42+02;00_rgb_ann_distraction.json,7410,7429,unsafe
dmd/gZ/34/s4/gZ_34_s4_2019-04-03T09;47;42+02;00_rgb_ann_distraction.json,5,518,safe
dmd/gZ/34/s4/gZ_34_s4_2019-04-03T09;47;42+02;00_rgb_ann_distraction.json,733,757,safe
dmd/gZ/34/s4/gZ_34_s4_2019-04-03T09;47;42+02;00_rgb_ann_distraction.json,772,796,safe
dmd/gZ/34/s4/gZ_34_s4_2019-04-03T09;47;42+02;00_rgb_ann_distraction.json,824,859,safe
dmd/gZ/34/s4/gZ_34_s4_2019-04-03T09;47;42+02;00_rgb_ann_distraction.json,979,1022,safe
dmd/gZ/34/s4/gZ_34_s4_2019-04-03T09;47;42+02;00_rgb_ann_distraction.json,1081,1125,safe
dmd/gZ/34/s4/gZ_34_s4_2019-04-03T09;47;42+02;00_rgb_ann_distraction.json,1137,1232,safe
dmd/gZ/34/s4/gZ_34_s4_2019-04-03T09;47;42+02;00_rgb_ann_distraction.json,1272,1293,safe
dmd/gZ/34/s4/gZ_34_s4_2019-04-03T09;47;42+02;00_rgb_ann_distraction.json,1314,1446,safe
dmd/gZ/34/s4/gZ_34_s4_2019-04-03T09;47;42+02;00_rgb_ann_distraction.json,1469,1491,safe
dmd/gZ/34/s4/gZ_34_s4_2019-04-03T09;47;42+02;00_rgb_ann_distraction.json,4339,4450,safe
dmd/gZ/34/s4/gZ_34_s4_2019-04-03T09;47;42+02;00_rgb_ann_distraction.json,4468,4475,safe
dmd/gZ/34/s4/gZ_34_s4_2019-04-03T09;47;42+02;00_rgb_ann_distraction.json,5255,5273,safe
dmd/gZ/34/s4/gZ_34_s4_2019-04-03T09;47;42+02;00_rgb_ann_distraction.json,5699,5747,safe
dmd/gZ/34/s4/gZ_34_s4_2019-04-03T09;47;42+02;00_rgb_ann_distraction.json,5770,5866,safe
dmd/gZ/34/s4/gZ_34_s4_2019-04-03T09;47;42+02;00_rgb_ann_distraction.json,6462,6824,safe
dmd/gZ/34/s4/gZ_34_s4_2019-04-03T09;47;42+02;00_rgb_ann_distraction.json,8160,8205,safe
dmd/gZ/34/s4/gZ_34_s4_2019-04-03T09;47;42+02;00_rgb_ann_distraction.json,8477,8533,safe
dmd/gZ/34/s4/gZ_34_s4_2019-04-03T09;47;42+02;00_rgb_ann_distraction.json,8569,8654,safe
dmd/gZ/34/s4/gZ_34_s4_2019-04-03T09;47;42+02;00_rgb_ann_distraction.json,9627,9682,safe
dmd/gZ/34/s4/gZ_34_s4_2019-04-03T09;47;42+02;00_rgb_ann_distraction.json,9700,9935,safe
dmd/gZ/34/s4/gZ_34_s4_2019-04-03T09;47;42+02;00_rgb_ann_distraction.json,9954,10003,safe
dmd/gZ/34/s4/gZ_34_s4_2019-04-03T09;47;42+02;00_rgb_ann_distraction.json,11169,11275,safe
dmd/gZ/34/s4/gZ_34_s4_2019-04-03T09;47;42+02;00_rgb_ann_distraction.json,13990,14216,safe
dmd/gZ/34/s4/gZ_34_s4_2019-04-03T09;47;42+02;00_rgb_ann_distraction.json,14282,14395,safe
dmd/gZ/34/s4/gZ_34_s4_2019-04-03T09;47;42+02;00_rgb_ann_distraction.json,14430,14447,safe
dmd/gZ/34/s4/gZ_34_s4_2019-04-03T09;47;42+02;00_rgb_ann_distraction.json,14533,14662,safe
dmd/gZ/34/s4/gZ_34_s4_2019-04-03T09;47;42+02;00_rgb_ann_distraction.json,14719,14744,safe
dmd/gZ/34/s4/gZ_34_s4_2019-04-03T09;47;42+02;00_rgb_ann_distraction.json,15577,15587,safe
dmd/gZ/34/s4/gZ_34_s4_2019-04-03T09;47;42+02;00_rgb_ann_distraction.json,16023,16065,safe
dmd/gZ/34/s4/gZ_34_s4_2019-04-03T09;47;42+02;00_rgb_ann_distraction.json,16081,16190,safe
dmd/gZ/34/s4/gZ_34_s4_2019-04-03T09;47;42+02;00_rgb_ann_distraction.json,16680,16707,safe
dmd/gZ/34/s4/gZ_34_s4_2019-04-03T09;47;42+02;00_rgb_ann_distraction.json,17285,17410,safe
dmd/gZ/34/s4/gZ_34_s4_2019-04-03T09;47;42+02;00_rgb_ann_distraction.json,18728,18802,safe
dmd/gZ/34/s4/gZ_34_s4_2019-04-03T09;47;42+02;00_rgb_ann_distraction.json,19286,19365,safe
dmd/gZ/34/s4/gZ_34_s4_2019-04-03T09;47;42+02;00_rgb_ann_distraction.json,4553,5130,unsafe
dmd/gZ/34/s4/gZ_34_s4_2019-04-03T09;47;42+02;00_rgb_ann_distraction.json,8813,9544,unsafe
dmd/gZ/34/s4/gZ_34_s4_2019-04-03T09;47;42+02;00_rgb_ann_distraction.json,1561,3133,unsafe
dmd/gZ/34/s4/gZ_34_s4_2019-04-03T09;47;42+02;00_rgb_ann_distraction.json,3169,3595,unsafe
dmd/gZ/34/s4/gZ_34_s4_2019-04-03T09;47;42+02;00_rgb_ann_distraction.json,3619,4276,unsafe
dmd/gZ/34/s4/gZ_34_s4_2019-04-03T09;47;42+02;00_rgb_ann_distraction.json,5968,6410,unsafe
dmd/gZ/34/s4/gZ_34_s4_2019-04-03T09;47;42+02;00_rgb_ann_distraction.json,6825,8119,unsafe
dmd/gZ/34/s4/gZ_34_s4_2019-04-03T09;47;42+02;00_rgb_ann_distraction.json,8206,8342,unsafe
dmd/gZ/34/s4/gZ_34_s4_2019-04-03T09;47;42+02;00_rgb_ann_distraction.json,14969,15538,unsafe
dmd/gZ/34/s4/gZ_34_s4_2019-04-03T09;47;42+02;00_rgb_ann_distraction.json,16790,17230,unsafe
dmd/gZ/34/s4/gZ_34_s4_2019-04-03T09;47;42+02;00_rgb_ann_distraction.json,11527,11981,unsafe
dmd/gZ/34/s4/gZ_34_s4_2019-04-03T09;47;42+02;00_rgb_ann_distraction.json,12000,12151,unsafe
dmd/gZ/34/s4/gZ_34_s4_2019-04-03T09;47;42+02;00_rgb_ann_distraction.json,12206,12390,unsafe
dmd/gZ/34/s4/gZ_34_s4_2019-04-03T09;47;42+02;00_rgb_ann_distraction.json,12429,13029,unsafe
dmd/gZ/34/s4/gZ_34_s4_2019-04-03T09;47;42+02;00_rgb_ann_distraction.json,13054,13169,unsafe
dmd/gZ/34/s4/gZ_34_s4_2019-04-03T09;47;42+02;00_rgb_ann_distraction.json,13212,13886,unsafe
dmd/gZ/34/s4/gZ_34_s4_2019-04-03T09;47;42+02;00_rgb_ann_distraction.json,17464,18694,unsafe
dmd/gZ/34/s4/gZ_34_s4_2019-04-03T09;47;42+02;00_rgb_ann_distraction.json,519,618,reaching
dmd/gZ/34/s4/gZ_34_s4_2019-04-03T09;47;42+02;00_rgb_ann_distraction.json,1023,1080,reaching
dmd/gZ/34/s4/gZ_34_s4_2019-04-03T09;47;42+02;00_rgb_ann_distraction.json,1492,1560,reaching
dmd/gZ/34/s4/gZ_34_s4_2019-04-03T09;47;42+02;00_rgb_ann_distraction.json,4277,4338,reaching
dmd/gZ/34/s4/gZ_34_s4_2019-04-03T09;47;42+02;00_rgb_ann_distraction.json,4476,4552,reaching
dmd/gZ/34/s4/gZ_34_s4_2019-04-03T09;47;42+02;00_rgb_ann_distraction.json,5131,5188,reaching
dmd/gZ/34/s4/gZ_34_s4_2019-04-03T09;47;42+02;00_rgb_ann_distraction.json,5274,5345,reaching
dmd/gZ/34/s4/gZ_34_s4_2019-04-03T09;47;42+02;00_rgb_ann_distraction.json,5566,5669,reaching
dmd/gZ/34/s4/gZ_34_s4_2019-04-03T09;47;42+02;00_rgb_ann_distraction.json,5867,5967,reaching
dmd/gZ/34/s4/gZ_34_s4_2019-04-03T09;47;42+02;00_rgb_ann_distraction.json,8343,8396,reaching
dmd/gZ/34/s4/gZ_34_s4_2019-04-03T09;47;42+02;00_rgb_ann_distraction.json,8655,8745,reaching
dmd/gZ/34/s4/gZ_34_s4_2019-04-03T09;47;42+02;00_rgb_ann_distraction.json,9545,9579,reaching
dmd/gZ/34/s4/gZ_34_s4_2019-04-03T09;47;42+02;00_rgb_ann_distraction.json,10004,10070,reaching
dmd/gZ/34/s4/gZ_34_s4_2019-04-03T09;47;42+02;00_rgb_ann_distraction.json,10455,10517,reaching
dmd/gZ/34/s4/gZ_34_s4_2019-04-03T09;47;42+02;00_rgb_ann_distraction.json,10679,10773,reaching
dmd/gZ/34/s4/gZ_34_s4_2019-04-03T09;47;42+02;00_rgb_ann_distraction.json,11087,11168,reaching
dmd/gZ/34/s4/gZ_34_s4_2019-04-03T09;47;42+02;00_rgb_ann_distraction.json,11293,11396,reaching
dmd/gZ/34/s4/gZ_34_s4_2019-04-03T09;47;42+02;00_rgb_ann_distraction.json,13887,13989,reaching
dmd/gZ/34/s4/gZ_34_s4_2019-04-03T09;47;42+02;00_rgb_ann_distraction.json,14663,14718,reaching
dmd/gZ/34/s4/gZ_34_s4_2019-04-03T09;47;42+02;00_rgb_ann_distraction.json,14777,14892,reaching
dmd/gZ/34/s4/gZ_34_s4_2019-04-03T09;47;42+02;00_rgb_ann_distraction.json,15539,15576,reaching
dmd/gZ/34/s4/gZ_34_s4_2019-04-03T09;47;42+02;00_rgb_ann_distraction.json,15588,15717,reaching
dmd/gZ/34/s4/gZ_34_s4_2019-04-03T09;47;42+02;00_rgb_ann_distraction.json,15959,16022,reaching
dmd/gZ/34/s4/gZ_34_s4_2019-04-03T09;47;42+02;00_rgb_ann_distraction.json,16191,16231,reaching
dmd/gZ/34/s4/gZ_34_s4_2019-04-03T09;47;42+02;00_rgb_ann_distraction.json,16642,16679,reaching
dmd/gZ/34/s4/gZ_34_s4_2019-04-03T09;47;42+02;00_rgb_ann_distraction.json,16708,16789,reaching
dmd/gZ/34/s4/gZ_34_s4_2019-04-03T09;47;42+02;00_rgb_ann_distraction.json,17231,17284,reaching
dmd/gZ/34/s4/gZ_34_s4_2019-04-03T09;47;42+02;00_rgb_ann_distraction.json,17411,17463,reaching
dmd/gZ/34/s4/gZ_34_s4_2019-04-03T09;47;42+02;00_rgb_ann_distraction.json,18695,18727,reaching
dmd/gZ/34/s4/gZ_34_s4_2019-04-03T09;47;42+02;00_rgb_ann_distraction.json,18803,18867,reaching
dmd/gZ/34/s4/gZ_34_s4_2019-04-03T09;47;42+02;00_rgb_ann_distraction.json,19150,19285,reaching
dmd/gZ/34/s4/gZ_34_s4_2019-04-02T10;01;53+02;00_rgb_ann_distraction.json,5,321,safe
dmd/gZ/34/s4/gZ_34_s4_2019-04-02T10;01;53+02;00_rgb_ann_distraction.json,388,516,safe
dmd/gZ/34/s4/gZ_34_s4_2019-04-02T10;01;53+02;00_rgb_ann_distraction.json,1071,1290,safe
dmd/gZ/34/s4/gZ_34_s4_2019-04-02T10;01;53+02;00_rgb_ann_distraction.json,1315,1456,safe
dmd/gZ/34/s4/gZ_34_s4_2019-04-02T10;01;53+02;00_rgb_ann_distraction.json,2709,2754,safe
dmd/gZ/34/s4/gZ_34_s4_2019-04-02T10;01;53+02;00_rgb_ann_distraction.json,2805,2958,safe
dmd/gZ/34/s4/gZ_34_s4_2019-04-02T10;01;53+02;00_rgb_ann_distraction.json,3756,3875,safe
dmd/gZ/34/s4/gZ_34_s4_2019-04-02T10;01;53+02;00_rgb_ann_distraction.json,4364,4411,safe
dmd/gZ/34/s4/gZ_34_s4_2019-04-02T10;01;53+02;00_rgb_ann_distraction.json,4447,4690,safe
dmd/gZ/34/s4/gZ_34_s4_2019-04-02T10;01;53+02;00_rgb_ann_distraction.json,5904,6182,safe
dmd/gZ/34/s4/gZ_34_s4_2019-04-02T10;01;53+02;00_rgb_ann_distraction.json,8024,8052,safe
dmd/gZ/34/s4/gZ_34_s4_2019-04-02T10;01;53+02;00_rgb_ann_distraction.json,8069,8267,safe
dmd/gZ/34/s4/gZ_34_s4_2019-04-02T10;01;53+02;00_rgb_ann_distraction.json,8316,8500,safe
dmd/gZ/34/s4/gZ_34_s4_2019-04-02T10;01;53+02;00_rgb_ann_distraction.json,8563,8649,safe
dmd/gZ/34/s4/gZ_34_s4_2019-04-02T10;01;53+02;00_rgb_ann_distraction.json,9015,9179,safe
dmd/gZ/34/s4/gZ_34_s4_2019-04-02T10;01;53+02;00_rgb_ann_distraction.json,9717,9899,safe
dmd/gZ/34/s4/gZ_34_s4_2019-04-02T10;01;53+02;00_rgb_ann_distraction.json,9929,9996,safe
dmd/gZ/34/s4/gZ_34_s4_2019-04-02T10;01;53+02;00_rgb_ann_distraction.json,10422,10445,safe
dmd/gZ/34/s4/gZ_34_s4_2019-04-02T10;01;53+02;00_rgb_ann_distraction.json,12748,13021,safe
dmd/gZ/34/s4/gZ_34_s4_2019-04-02T10;01;53+02;00_rgb_ann_distraction.json,13564,13640,safe
dmd/gZ/34/s4/gZ_34_s4_2019-04-02T10;01;53+02;00_rgb_ann_distraction.json,13662,13789,safe
dmd/gZ/34/s4/gZ_34_s4_2019-04-02T10;01;53+02;00_rgb_ann_distraction.json,14444,14569,safe
dmd/gZ/34/s4/gZ_34_s4_2019-04-02T10;01;53+02;00_rgb_ann_distraction.json,16987,17208,safe
dmd/gZ/34/s4/gZ_34_s4_2019-04-02T10;01;53+02;00_rgb_ann_distraction.json,17823,17909,safe
dmd/gZ/34/s4/gZ_34_s4_2019-04-02T10;01;53+02;00_rgb_ann_distraction.json,18005,18058,safe
dmd/gZ/34/s4/gZ_34_s4_2019-04-02T10;01;53+02;00_rgb_ann_distraction.json,18473,18530,safe
dmd/gZ/34/s4/gZ_34_s4_2019-04-02T10;01;53+02;00_rgb_ann_distraction.json,18556,18678,safe
dmd/gZ/34/s4/gZ_34_s4_2019-04-02T10;01;53+02;00_rgb_ann_distraction.json,19162,19254,safe
dmd/gZ/34/s4/gZ_34_s4_2019-04-02T10;01;53+02;00_rgb_ann_distraction.json,3035,3728,unsafe
dmd/gZ/34/s4/gZ_34_s4_2019-04-02T10;01;53+02;00_rgb_ann_distraction.json,4808,5796,unsafe
dmd/gZ/34/s4/gZ_34_s4_2019-04-02T10;01;53+02;00_rgb_ann_distraction.json,6286,6451,unsafe
dmd/gZ/34/s4/gZ_34_s4_2019-04-02T10;01;53+02;00_rgb_ann_distraction.json,1567,2648,unsafe
dmd/gZ/34/s4/gZ_34_s4_2019-04-02T10;01;53+02;00_rgb_ann_distraction.json,6499,7961,unsafe
dmd/gZ/34/s4/gZ_34_s4_2019-04-02T10;01;53+02;00_rgb_ann_distraction.json,10169,10401,unsafe
dmd/gZ/34/s4/gZ_34_s4_2019-04-02T10;01;53+02;00_rgb_ann_distraction.json,13060,13540,unsafe
dmd/gZ/34/s4/gZ_34_s4_2019-04-02T10;01;53+02;00_rgb_ann_distraction.json,17245,17802,unsafe
dmd/gZ/34/s4/gZ_34_s4_2019-04-02T10;01;53+02;00_rgb_ann_distraction.json,10446,12339,unsafe
dmd/gZ/34/s4/gZ_34_s4_2019-04-02T10;01;53+02;00_rgb_ann_distraction.json,12364,12446,unsafe
dmd/gZ/34/s4/gZ_34_s4_2019-04-02T10;01;53+02;00_rgb_ann_distraction.json,12481,12719,unsafe
dmd/gZ/34/s4/gZ_34_s4_2019-04-02T10;01;53+02;00_rgb_ann_distraction.json,14639,16956,unsafe
dmd/gZ/34/s4/gZ_34_s4_2019-04-02T10;01;53+02;00_rgb_ann_distraction.json,517,623,reaching
dmd/gZ/34/s4/gZ_34_s4_2019-04-02T10;01;53+02;00_rgb_ann_distraction.json,1019,1070,reaching
dmd/gZ/34/s4/gZ_34_s4_2019-04-02T10;01;53+02;00_rgb_ann_distraction.json,1491,1566,reaching
dmd/gZ/34/s4/gZ_34_s4_2019-04-02T10;01;53+02;00_rgb_ann_distraction.json,2649,2708,reaching
dmd/gZ/34/s4/gZ_34_s4_2019-04-02T10;01;53+02;00_rgb_ann_distraction.json,2959,3034,reaching
dmd/gZ/34/s4/gZ_34_s4_2019-04-02T10;01;53+02;00_rgb_ann_distraction.json,3729,3755,reaching
dmd/gZ/34/s4/gZ_34_s4_2019-04-02T10;01;53+02;00_rgb_ann_distraction.json,3876,3998,reaching
dmd/gZ/34/s4/gZ_34_s4_2019-04-02T10;01;53+02;00_rgb_ann_distraction.json,4258,4363,reaching
dmd/gZ/34/s4/gZ_34_s4_2019-04-02T10;01;53+02;00_rgb_ann_distraction.json,5797,5869,reaching
dmd/gZ/34/s4/gZ_34_s4_2019-04-02T10;01;53+02;00_rgb_ann_distraction.json,6200,6285,reaching
dmd/gZ/34/s4/gZ_34_s4_2019-04-02T10;01;53+02;00_rgb_ann_distraction.json,7962,8023,reaching
dmd/gZ/34/s4/gZ_34_s4_2019-04-02T10;01;53+02;00_rgb_ann_distraction.json,8268,8315,reaching
dmd/gZ/34/s4/gZ_34_s4_2019-04-02T10;01;53+02;00_rgb_ann_distraction.json,9180,9263,reaching
dmd/gZ/34/s4/gZ_34_s4_2019-04-02T10;01;53+02;00_rgb_ann_distraction.json,9647,9687,reaching
dmd/gZ/34/s4/gZ_34_s4_2019-04-02T10;01;53+02;00_rgb_ann_distraction.json,9997,10054,reaching
dmd/gZ/34/s4/gZ_34_s4_2019-04-02T10;01;53+02;00_rgb_ann_distraction.json,13022,13059,reaching
dmd/gZ/34/s4/gZ_34_s4_2019-04-02T10;01;53+02;00_rgb_ann_distraction.json,13541,13563,reaching
dmd/gZ/34/s4/gZ_34_s4_2019-04-02T10;01;53+02;00_rgb_ann_distraction.json,13790,13977,reaching
dmd/gZ/34/s4/gZ_34_s4_2019-04-02T10;01;53+02;00_rgb_ann_distraction.json,14306,14399,reaching
dmd/gZ/34/s4/gZ_34_s4_2019-04-02T10;01;53+02;00_rgb_ann_distraction.json,14570,14638,reaching
dmd/gZ/34/s4/gZ_34_s4_2019-04-02T10;01;53+02;00_rgb_ann_distraction.json,16957,16986,reaching
dmd/gZ/34/s4/gZ_34_s4_2019-04-02T10;01;53+02;00_rgb_ann_distraction.json,17209,17244,reaching
dmd/gZ/34/s4/gZ_34_s4_2019-04-02T10;01;53+02;00_rgb_ann_distraction.json,17803,17822,reaching
dmd/gZ/34/s4/gZ_34_s4_2019-04-02T10;01;53+02;00_rgb_ann_distraction.json,17933,18004,reaching
dmd/gZ/34/s4/gZ_34_s4_2019-04-02T10;01;53+02;00_rgb_ann_distraction.json,18679,18742,reaching
dmd/gZ/34/s4/gZ_34_s4_2019-04-02T10;01;53+02;00_rgb_ann_distraction.json,19117,19161,reaching
dmd/gZ/34/s3/gZ_34_s3_2019-04-04T15;33;18+02;00_rgb_ann_distraction.json,2,696,safe
dmd/gZ/34/s3/gZ_34_s3_2019-04-04T15;33;18+02;00_rgb_ann_distraction.json,1060,1449,safe
dmd/gZ/34/s3/gZ_34_s3_2019-04-04T15;33;18+02;00_rgb_ann_distraction.json,1600,1874,safe
dmd/gZ/34/s3/gZ_34_s3_2019-04-04T15;33;18+02;00_rgb_ann_distraction.json,1010,1059,reaching
dmd/gZ/34/s3/gZ_34_s3_2019-04-04T15;33;18+02;00_rgb_ann_distraction.json,1560,1599,reaching
dmd/gZ/34/s3/gZ_34_s3_2019-04-04T15;33;18+02;00_rgb_ann_distraction.json,697,1009,reaching
dmd/gZ/34/s3/gZ_34_s3_2019-04-04T15;33;18+02;00_rgb_ann_distraction.json,1450,1559,reaching
dmd/gZ/34/s3/gZ_34_s3_2019-04-04T10;08;05+02;00_rgb_ann_distraction.json,0,649,safe
dmd/gZ/34/s3/gZ_34_s3_2019-04-04T10;08;05+02;00_rgb_ann_distraction.json,815,1022,safe
dmd/gZ/34/s3/gZ_34_s3_2019-04-04T10;08;05+02;00_rgb_ann_distraction.json,1068,1240,safe
dmd/gZ/34/s3/gZ_34_s3_2019-04-04T10;08;05+02;00_rgb_ann_distraction.json,1405,1816,safe
dmd/gZ/34/s3/gZ_34_s3_2019-04-04T10;08;05+02;00_rgb_ann_distraction.json,1023,1067,reaching
dmd/gZ/34/s3/gZ_34_s3_2019-04-04T10;08;05+02;00_rgb_ann_distraction.json,1353,1404,reaching
dmd/gZ/34/s3/gZ_34_s3_2019-04-04T10;08;05+02;00_rgb_ann_distraction.json,650,774,reaching
dmd/gZ/34/s3/gZ_34_s3_2019-04-04T10;08;05+02;00_rgb_ann_distraction.json,1241,1352,reaching
dmd/gZ/34/s2/gZ_34_s2_2019-04-08T12;14;28+02;00_rgb_ann_distraction.json,2,503,safe
dmd/gZ/34/s2/gZ_34_s2_2019-04-08T12;14;28+02;00_rgb_ann_distraction.json,1063,1506,safe
dmd/gZ/34/s2/gZ_34_s2_2019-04-08T12;14;28+02;00_rgb_ann_distraction.json,2716,3036,safe
dmd/gZ/34/s2/gZ_34_s2_2019-04-08T12;14;28+02;00_rgb_ann_distraction.json,3762,4176,safe
dmd/gZ/34/s2/gZ_34_s2_2019-04-08T12;14;28+02;00_rgb_ann_distraction.json,5965,6289,safe
dmd/gZ/34/s2/gZ_34_s2_2019-04-08T12;14;28+02;00_rgb_ann_distraction.json,7215,7386,safe
dmd/gZ/34/s2/gZ_34_s2_2019-04-08T12;14;28+02;00_rgb_ann_distraction.json,7974,8315,safe
dmd/gZ/34/s2/gZ_34_s2_2019-04-08T12;14;28+02;00_rgb_ann_distraction.json,9751,9865,safe
dmd/gZ/34/s2/gZ_34_s2_2019-04-08T12;14;28+02;00_rgb_ann_distraction.json,9901,9942,safe
dmd/gZ/34/s2/gZ_34_s2_2019-04-08T12;14;28+02;00_rgb_ann_distraction.json,9982,10052,safe
dmd/gZ/34/s2/gZ_34_s2_2019-04-08T12;14;28+02;00_rgb_ann_distraction.json,10582,10698,safe
dmd/gZ/34/s2/gZ_34_s2_2019-04-08T12;14;28+02;00_rgb_ann_distraction.json,12323,12455,safe
dmd/gZ/34/s2/gZ_34_s2_2019-04-08T12;14;28+02;00_rgb_ann_distraction.json,13006,13127,safe
dmd/gZ/34/s2/gZ_34_s2_2019-04-08T12;14;28+02;00_rgb_ann_distraction.json,13616,13950,safe
dmd/gZ/34/s2/gZ_34_s2_2019-04-08T12;14;28+02;00_rgb_ann_distraction.json,3152,3698,unsafe
dmd/gZ/34/s2/gZ_34_s2_2019-04-08T12;14;28+02;00_rgb_ann_distraction.json,6400,7095,unsafe
dmd/gZ/34/s2/gZ_34_s2_2019-04-08T12;14;28+02;00_rgb_ann_distraction.json,1579,2638,unsafe
dmd/gZ/34/s2/gZ_34_s2_2019-04-08T12;14;28+02;00_rgb_ann_distraction.json,4235,5904,unsafe
dmd/gZ/34/s2/gZ_34_s2_2019-04-08T12;14;28+02;00_rgb_ann_distraction.json,10186,10480,unsafe
dmd/gZ/34/s2/gZ_34_s2_2019-04-08T12;14;28+02;00_rgb_ann_distraction.json,12562,12958,unsafe
dmd/gZ/34/s2/gZ_34_s2_2019-04-08T12;14;28+02;00_rgb_ann_distraction.json,8405,9698,unsafe
dmd/gZ/34/s2/gZ_34_s2_2019-04-08T12;14;28+02;00_rgb_ann_distraction.json,10796,12219,unsafe
dmd/gZ/34/s2/gZ_34_s2_2019-04-08T12;14;28+02;00_rgb_ann_distraction.json,504,642,reaching
dmd/gZ/34/s2/gZ_34_s2_2019-04-08T12;14;28+02;00_rgb_ann_distraction.json,1002,1062,reaching
dmd/gZ/34/s2/gZ_34_s2_2019-04-08T12;14;28+02;00_rgb_ann_distraction.json,1507,1578,reaching
dmd/gZ/34/s2/gZ_34_s2_2019-04-08T12;14;28+02;00_rgb_ann_distraction.json,2639,2715,reaching
dmd/gZ/34/s2/gZ_34_s2_2019-04-08T12;14;28+02;00_rgb_ann_distraction.json,3037,3083,reaching
dmd/gZ/34/s2/gZ_34_s2_2019-04-08T12;14;28+02;00_rgb_ann_distraction.json,3717,3761,reaching
dmd/gZ/34/s2/gZ_34_s2_2019-04-08T12;14;28+02;00_rgb_ann_distraction.json,4177,4234,reaching
dmd/gZ/34/s2/gZ_34_s2_2019-04-08T12;14;28+02;00_rgb_ann_distraction.json,5905,5964,reaching
dmd/gZ/34/s2/gZ_34_s2_2019-04-08T12;14;28+02;00_rgb_ann_distraction.json,6290,6364,reaching
dmd/gZ/34/s2/gZ_34_s2_2019-04-08T12;14;28+02;00_rgb_ann_distraction.json,7096,7151,reaching
dmd/gZ/34/s2/gZ_34_s2_2019-04-08T12;14;28+02;00_rgb_ann_distraction.json,7387,7528,reaching
dmd/gZ/34/s2/gZ_34_s2_2019-04-08T12;14;28+02;00_rgb_ann_distraction.json,7878,7973,reaching
dmd/gZ/34/s2/gZ_34_s2_2019-04-08T12;14;28+02;00_rgb_ann_distraction.json,8316,8371,reaching
dmd/gZ/34/s2/gZ_34_s2_2019-04-08T12;14;28+02;00_rgb_ann_distraction.json,9699,9750,reaching
dmd/gZ/34/s2/gZ_34_s2_2019-04-08T12;14;28+02;00_rgb_ann_distraction.json,9866,9900,reaching
dmd/gZ/34/s2/gZ_34_s2_2019-04-08T12;14;28+02;00_rgb_ann_distraction.json,10053,10121,reaching
dmd/gZ/34/s2/gZ_34_s2_2019-04-08T12;14;28+02;00_rgb_ann_distraction.json,10481,10531,reaching
dmd/gZ/34/s2/gZ_34_s2_2019-04-08T12;14;28+02;00_rgb_ann_distraction.json,10699,10795,reaching
dmd/gZ/34/s2/gZ_34_s2_2019-04-08T12;14;28+02;00_rgb_ann_distraction.json,12220,12322,reaching
dmd/gZ/34/s2/gZ_34_s2_2019-04-08T12;14;28+02;00_rgb_ann_distraction.json,12456,12518,reaching
dmd/gZ/34/s2/gZ_34_s2_2019-04-08T12;14;28+02;00_rgb_ann_distraction.json,12959,13005,reaching
dmd/gZ/34/s2/gZ_34_s2_2019-04-08T12;14;28+02;00_rgb_ann_distraction.json,13128,13247,reaching
dmd/gZ/34/s2/gZ_34_s2_2019-04-08T12;14;28+02;00_rgb_ann_distraction.json,13533,13588,reaching
dmd/gZ/34/s2/gZ_34_s2_2019-04-08T16;46;54+02;00_rgb_ann_distraction.json,4,393,safe
dmd/gZ/34/s2/gZ_34_s2_2019-04-08T16;46;54+02;00_rgb_ann_distraction.json,874,1185,safe
dmd/gZ/34/s2/gZ_34_s2_2019-04-08T16;46;54+02;00_rgb_ann_distraction.json,2595,2855,safe
dmd/gZ/34/s2/gZ_34_s2_2019-04-08T16;46;54+02;00_rgb_ann_distraction.json,3571,3893,safe
dmd/gZ/34/s2/gZ_34_s2_2019-04-08T16;46;54+02;00_rgb_ann_distraction.json,5450,5714,safe
dmd/gZ/34/s2/gZ_34_s2_2019-04-08T16;46;54+02;00_rgb_ann_distraction.json,6516,6632,safe
dmd/gZ/34/s2/gZ_34_s2_2019-04-08T16;46;54+02;00_rgb_ann_distraction.json,7154,7698,safe
dmd/gZ/34/s2/gZ_34_s2_2019-04-08T16;46;54+02;00_rgb_ann_distraction.json,9462,9782,safe
dmd/gZ/34/s2/gZ_34_s2_2019-04-08T16;46;54+02;00_rgb_ann_distraction.json,10561,10736,safe
dmd/gZ/34/s2/gZ_34_s2_2019-04-08T16;46;54+02;00_rgb_ann_distraction.json,12655,12785,safe
dmd/gZ/34/s2/gZ_34_s2_2019-04-08T16;46;54+02;00_rgb_ann_distraction.json,13480,13562,safe
dmd/gZ/34/s2/gZ_34_s2_2019-04-08T16;46;54+02;00_rgb_ann_distraction.json,14050,14219,safe
dmd/gZ/34/s2/gZ_34_s2_2019-04-08T16;46;54+02;00_rgb_ann_distraction.json,2936,3486,unsafe
dmd/gZ/34/s2/gZ_34_s2_2019-04-08T16;46;54+02;00_rgb_ann_distraction.json,5854,6475,unsafe
dmd/gZ/34/s2/gZ_34_s2_2019-04-08T16;46;54+02;00_rgb_ann_distraction.json,1270,2553,unsafe
dmd/gZ/34/s2/gZ_34_s2_2019-04-08T16;46;54+02;00_rgb_ann_distraction.json,3951,5412,unsafe
dmd/gZ/34/s2/gZ_34_s2_2019-04-08T16;46;54+02;00_rgb_ann_distraction.json,10052,10497,unsafe
dmd/gZ/34/s2/gZ_34_s2_2019-04-08T16;46;54+02;00_rgb_ann_distraction.json,12866,13357,unsafe
dmd/gZ/34/s2/gZ_34_s2_2019-04-08T16;46;54+02;00_rgb_ann_distraction.json,7783,9423,unsafe
dmd/gZ/34/s2/gZ_34_s2_2019-04-08T16;46;54+02;00_rgb_ann_distraction.json,10812,12609,unsafe
dmd/gZ/34/s2/gZ_34_s2_2019-04-08T16;46;54+02;00_rgb_ann_distraction.json,394,512,reaching
dmd/gZ/34/s2/gZ_34_s2_2019-04-08T16;46;54+02;00_rgb_ann_distraction.json,805,873,reaching
dmd/gZ/34/s2/gZ_34_s2_2019-04-08T16;46;54+02;00_rgb_ann_distraction.json,1186,1269,reaching
dmd/gZ/34/s2/gZ_34_s2_2019-04-08T16;46;54+02;00_rgb_ann_distraction.json,2554,2594,reaching
dmd/gZ/34/s2/gZ_34_s2_2019-04-08T16;46;54+02;00_rgb_ann_distraction.json,2856,2935,reaching
dmd/gZ/34/s2/gZ_34_s2_2019-04-08T16;46;54+02;00_rgb_ann_distraction.json,3487,3570,reaching
dmd/gZ/34/s2/gZ_34_s2_2019-04-08T16;46;54+02;00_rgb_ann_distraction.json,3894,3950,reaching
dmd/gZ/34/s2/gZ_34_s2_2019-04-08T16;46;54+02;00_rgb_ann_distraction.json,5413,5449,reaching
dmd/gZ/34/s2/gZ_34_s2_2019-04-08T16;46;54+02;00_rgb_ann_distraction.json,5715,5761,reaching
dmd/gZ/34/s2/gZ_34_s2_2019-04-08T16;46;54+02;00_rgb_ann_distraction.json,6476,6515,reaching
dmd/gZ/34/s2/gZ_34_s2_2019-04-08T16;46;54+02;00_rgb_ann_distraction.json,6633,6744,reaching
dmd/gZ/34/s2/gZ_34_s2_2019-04-08T16;46;54+02;00_rgb_ann_distraction.json,7045,7100,reaching
dmd/gZ/34/s2/gZ_34_s2_2019-04-08T16;46;54+02;00_rgb_ann_distraction.json,7699,7782,reaching
dmd/gZ/34/s2/gZ_34_s2_2019-04-08T16;46;54+02;00_rgb_ann_distraction.json,9424,9461,reaching
dmd/gZ/34/s2/gZ_34_s2_2019-04-08T16;46;54+02;00_rgb_ann_distraction.json,9783,9875,reaching
dmd/gZ/34/s2/gZ_34_s2_2019-04-08T16;46;54+02;00_rgb_ann_distraction.json,10498,10560,reaching
dmd/gZ/34/s2/gZ_34_s2_2019-04-08T16;46;54+02;00_rgb_ann_distraction.json,10737,10796,reaching
dmd/gZ/34/s2/gZ_34_s2_2019-04-08T16;46;54+02;00_rgb_ann_distraction.json,12610,12654,reaching
dmd/gZ/34/s2/gZ_34_s2_2019-04-08T16;46;54+02;00_rgb_ann_distraction.json,12786,12830,reaching
dmd/gZ/34/s2/gZ_34_s2_2019-04-08T16;46;54+02;00_rgb_ann_distraction.json,13358,13401,reaching
dmd/gZ/34/s2/gZ_34_s2_2019-04-08T16;46;54+02;00_rgb_ann_distraction.json,13563,13671,reaching
dmd/gZ/34/s2/gZ_34_s2_2019-04-08T16;46;54+02;00_rgb_ann_distraction.json,13995,14049,reaching
dmd/gZ/31/s4/gZ_31_s4_2019-04-03T09;04;29+02;00_rgb_ann_distraction.json,29,438,safe
dmd/gZ/31/s4/gZ_31_s4_2019-04-03T09;04;29+02;00_rgb_ann_distraction.json,468,570,safe
dmd/gZ/31/s4/gZ_31_s4_2019-04-03T09;04;29+02;00_rgb_ann_distraction.json,977,1396,safe
dmd/gZ/31/s4/gZ_31_s4_2019-04-03T09;04;29+02;00_rgb_ann_distraction.json,2946,3147,safe
dmd/gZ/31/s4/gZ_31_s4_2019-04-03T09;04;29+02;00_rgb_ann_distraction.json,3812,3985,safe
dmd/gZ/31/s4/gZ_31_s4_2019-04-03T09;04;29+02;00_rgb_ann_distraction.json,4343,4621,safe
dmd/gZ/31/s4/gZ_31_s4_2019-04-03T09;04;29+02;00_rgb_ann_distraction.json,5867,6042,safe
dmd/gZ/31/s4/gZ_31_s4_2019-04-03T09;04;29+02;00_rgb_ann_distraction.json,6736,6907,safe
dmd/gZ/31/s4/gZ_31_s4_2019-04-03T09;04;29+02;00_rgb_ann_distraction.json,6942,7000,safe
dmd/gZ/31/s4/gZ_31_s4_2019-04-03T09;04;29+02;00_rgb_ann_distraction.json,7217,7296,safe
dmd/gZ/31/s4/gZ_31_s4_2019-04-03T09;04;29+02;00_rgb_ann_distraction.json,7532,7691,safe
dmd/gZ/31/s4/gZ_31_s4_2019-04-03T09;04;29+02;00_rgb_ann_distraction.json,7725,7754,safe
dmd/gZ/31/s4/gZ_31_s4_2019-04-03T09;04;29+02;00_rgb_ann_distraction.json,7988,8037,safe
dmd/gZ/31/s4/gZ_31_s4_2019-04-03T09;04;29+02;00_rgb_ann_distraction.json,8070,8245,safe
dmd/gZ/31/s4/gZ_31_s4_2019-04-03T09;04;29+02;00_rgb_ann_distraction.json,8279,8334,safe
dmd/gZ/31/s4/gZ_31_s4_2019-04-03T09;04;29+02;00_rgb_ann_distraction.json,10505,10730,safe
dmd/gZ/31/s4/gZ_31_s4_2019-04-03T09;04;29+02;00_rgb_ann_distraction.json,11532,11844,safe
dmd/gZ/31/s4/gZ_31_s4_2019-04-03T09;04;29+02;00_rgb_ann_distraction.json,11926,11987,safe
dmd/gZ/31/s4/gZ_31_s4_2019-04-03T09;04;29+02;00_rgb_ann_distraction.json,12221,12781,safe
dmd/gZ/31/s4/gZ_31_s4_2019-04-03T09;04;29+02;00_rgb_ann_distraction.json,14250,14427,safe
dmd/gZ/31/s4/gZ_31_s4_2019-04-03T09;04;29+02;00_rgb_ann_distraction.json,15055,15396,safe
dmd/gZ/31/s4/gZ_31_s4_2019-04-03T09;04;29+02;00_rgb_ann_distraction.json,15926,16043,safe
dmd/gZ/31/s4/gZ_31_s4_2019-04-03T09;04;29+02;00_rgb_ann_distraction.json,16312,16437,safe
dmd/gZ/31/s4/gZ_31_s4_2019-04-03T09;04;29+02;00_rgb_ann_distraction.json,1555,1620,unsafe
dmd/gZ/31/s4/gZ_31_s4_2019-04-03T09;04;29+02;00_rgb_ann_distraction.json,3208,3709,unsafe
dmd/gZ/31/s4/gZ_31_s4_2019-04-03T09;04;29+02;00_rgb_ann_distraction.json,4667,4692,unsafe
dmd/gZ/31/s4/gZ_31_s4_2019-04-03T09;04;29+02;00_rgb_ann_distraction.json,6169,6684,unsafe
dmd/gZ/31/s4/gZ_31_s4_2019-04-03T09;04;29+02;00_rgb_ann_distraction.json,1621,2867,unsafe
dmd/gZ/31/s4/gZ_31_s4_2019-04-03T09;04;29+02;00_rgb_ann_distraction.json,4693,5808,unsafe
dmd/gZ/31/s4/gZ_31_s4_2019-04-03T09;04;29+02;00_rgb_ann_distraction.json,10438,10455,unsafe
dmd/gZ/31/s4/gZ_31_s4_2019-04-03T09;04;29+02;00_rgb_ann_distraction.json,10832,11475,unsafe
dmd/gZ/31/s4/gZ_31_s4_2019-04-03T09;04;29+02;00_rgb_ann_distraction.json,12854,12870,unsafe
dmd/gZ/31/s4/gZ_31_s4_2019-04-03T09;04;29+02;00_rgb_ann_distraction.json,14170,14198,unsafe
dmd/gZ/31/s4/gZ_31_s4_2019-04-03T09;04;29+02;00_rgb_ann_distraction.json,14501,14995,unsafe
dmd/gZ/31/s4/gZ_31_s4_2019-04-03T09;04;29+02;00_rgb_ann_distraction.json,8393,8458,unsafe
dmd/gZ/31/s4/gZ_31_s4_2019-04-03T09;04;29+02;00_rgb_ann_distraction.json,8492,8632,unsafe
dmd/gZ/31/s4/gZ_31_s4_2019-04-03T09;04;29+02;00_rgb_ann_distraction.json,8661,8791,unsafe
dmd/gZ/31/s4/gZ_31_s4_2019-04-03T09;04;29+02;00_rgb_ann_distraction.json,8855,9012,unsafe
dmd/gZ/31/s4/gZ_31_s4_2019-04-03T09;04;29+02;00_rgb_ann_distraction.json,9052,9622,unsafe
dmd/gZ/31/s4/gZ_31_s4_2019-04-03T09;04;29+02;00_rgb_ann_distraction.json,9653,10104,unsafe
dmd/gZ/31/s4/gZ_31_s4_2019-04-03T09;04;29+02;00_rgb_ann_distraction.json,10140,10437,unsafe
dmd/gZ/31/s4/gZ_31_s4_2019-04-03T09;04;29+02;00_rgb_ann_distraction.json,12871,14169,unsafe
dmd/gZ/31/s4/gZ_31_s4_2019-04-03T09;04;29+02;00_rgb_ann_distraction.json,571,622,reaching
dmd/gZ/31/s4/gZ_31_s4_2019-04-03T09;04;29+02;00_rgb_ann_distraction.json,916,976,reaching
dmd/gZ/31/s4/gZ_31_s4_2019-04-03T09;04;29+02;00_rgb_ann_distraction.json,1397,1554,reaching
dmd/gZ/31/s4/gZ_31_s4_2019-04-03T09;04;29+02;00_rgb_ann_distraction.json,2868,2945,reaching
dmd/gZ/31/s4/gZ_31_s4_2019-04-03T09;04;29+02;00_rgb_ann_distraction.json,3148,3207,reaching
dmd/gZ/31/s4/gZ_31_s4_2019-04-03T09;04;29+02;00_rgb_ann_distraction.json,3710,3773,reaching
dmd/gZ/31/s4/gZ_31_s4_2019-04-03T09;04;29+02;00_rgb_ann_distraction.json,4007,4070,reaching
dmd/gZ/31/s4/gZ_31_s4_2019-04-03T09;04;29+02;00_rgb_ann_distraction.json,4300,4342,reaching
dmd/gZ/31/s4/gZ_31_s4_2019-04-03T09;04;29+02;00_rgb_ann_distraction.json,4622,4666,reaching
dmd/gZ/31/s4/gZ_31_s4_2019-04-03T09;04;29+02;00_rgb_ann_distraction.json,5809,5866,reaching
dmd/gZ/31/s4/gZ_31_s4_2019-04-03T09;04;29+02;00_rgb_ann_distraction.json,6043,6085,reaching
dmd/gZ/31/s4/gZ_31_s4_2019-04-03T09;04;29+02;00_rgb_ann_distraction.json,6685,6735,reaching
dmd/gZ/31/s4/gZ_31_s4_2019-04-03T09;04;29+02;00_rgb_ann_distraction.json,7018,7063,reaching
dmd/gZ/31/s4/gZ_31_s4_2019-04-03T09;04;29+02;00_rgb_ann_distraction.json,7450,7492,reaching
dmd/gZ/31/s4/gZ_31_s4_2019-04-03T09;04;29+02;00_rgb_ann_distraction.json,7755,7865,reaching
dmd/gZ/31/s4/gZ_31_s4_2019-04-03T09;04;29+02;00_rgb_ann_distraction.json,7936,7987,reaching
dmd/gZ/31/s4/gZ_31_s4_2019-04-03T09;04;29+02;00_rgb_ann_distraction.json,8335,8363,reaching
dmd/gZ/31/s4/gZ_31_s4_2019-04-03T09;04;29+02;00_rgb_ann_distraction.json,10456,10504,reaching
dmd/gZ/31/s4/gZ_31_s4_2019-04-03T09;04;29+02;00_rgb_ann_distraction.json,10731,10831,reaching
dmd/gZ/31/s4/gZ_31_s4_2019-04-03T09;04;29+02;00_rgb_ann_distraction.json,11476,11531,reaching
dmd/gZ/31/s4/gZ_31_s4_2019-04-03T09;04;29+02;00_rgb_ann_distraction.json,11845,11925,reaching
dmd/gZ/31/s4/gZ_31_s4_2019-04-03T09;04;29+02;00_rgb_ann_distraction.json,11988,12096,reaching
dmd/gZ/31/s4/gZ_31_s4_2019-04-03T09;04;29+02;00_rgb_ann_distraction.json,12172,12220,reaching
dmd/gZ/31/s4/gZ_31_s4_2019-04-03T09;04;29+02;00_rgb_ann_distraction.json,12782,12853,reaching
dmd/gZ/31/s4/gZ_31_s4_2019-04-03T09;04;29+02;00_rgb_ann_distraction.json,14199,14249,reaching
dmd/gZ/31/s4/gZ_31_s4_2019-04-03T09;04;29+02;00_rgb_ann_distraction.json,14428,14500,reaching
dmd/gZ/31/s4/gZ_31_s4_2019-04-03T09;04;29+02;00_rgb_ann_distraction.json,14996,15054,reaching
dmd/gZ/31/s4/gZ_31_s4_2019-04-03T09;04;29+02;00_rgb_ann_distraction.json,15397,15473,reaching
dmd/gZ/31/s4/gZ_31_s4_2019-04-03T09;04;29+02;00_rgb_ann_distraction.json,15857,15925,reaching
dmd/gZ/31/s4/gZ_31_s4_2019-04-03T09;04;29+02;00_rgb_ann_distraction.json,16044,16142,reaching
dmd/gZ/31/s4/gZ_31_s4_2019-04-03T09;04;29+02;00_rgb_ann_distraction.json,16241,16311,reaching
dmd/gZ/31/s1/gZ_31_s1_2019-04-08T15;31;35+02;00_rgb_ann_distraction.json,4,423,safe
dmd/gZ/31/s1/gZ_31_s1_2019-04-08T15;31;35+02;00_rgb_ann_distraction.json,832,1114,safe
dmd/gZ/31/s1/gZ_31_s1_2019-04-08T15;31;35+02;00_rgb_ann_distraction.json,1448,1496,safe
dmd/gZ/31/s1/gZ_31_s1_2019-04-08T15;31;35+02;00_rgb_ann_distraction.json,1543,1937,safe
dmd/gZ/31/s1/gZ_31_s1_2019-04-08T15;31;35+02;00_rgb_ann_distraction.json,2007,2020,safe
dmd/gZ/31/s1/gZ_31_s1_2019-04-08T15;31;35+02;00_rgb_ann_distraction.json,2069,2092,safe
dmd/gZ/31/s1/gZ_31_s1_2019-04-08T15;31;35+02;00_rgb_ann_distraction.json,2114,2134,safe
dmd/gZ/31/s1/gZ_31_s1_2019-04-08T15;31;35+02;00_rgb_ann_distraction.json,2162,2191,safe
dmd/gZ/31/s1/gZ_31_s1_2019-04-08T15;31;35+02;00_rgb_ann_distraction.json,2256,2269,safe
dmd/gZ/31/s1/gZ_31_s1_2019-04-08T15;31;35+02;00_rgb_ann_distraction.json,2294,2329,safe
dmd/gZ/31/s1/gZ_31_s1_2019-04-08T15;31;35+02;00_rgb_ann_distraction.json,2354,2405,safe
dmd/gZ/31/s1/gZ_31_s1_2019-04-08T15;31;35+02;00_rgb_ann_distraction.json,2436,2860,safe
dmd/gZ/31/s1/gZ_31_s1_2019-04-08T15;31;35+02;00_rgb_ann_distraction.json,3065,3377,safe
dmd/gZ/31/s1/gZ_31_s1_2019-04-08T15;31;35+02;00_rgb_ann_distraction.json,3807,4302,safe
dmd/gZ/31/s1/gZ_31_s1_2019-04-08T15;31;35+02;00_rgb_ann_distraction.json,4583,4930,safe
dmd/gZ/31/s1/gZ_31_s1_2019-04-08T15;31;35+02;00_rgb_ann_distraction.json,4991,5059,safe
dmd/gZ/31/s1/gZ_31_s1_2019-04-08T15;31;35+02;00_rgb_ann_distraction.json,5113,5228,safe
dmd/gZ/31/s1/gZ_31_s1_2019-04-08T15;31;35+02;00_rgb_ann_distraction.json,5293,5330,safe
dmd/gZ/31/s1/gZ_31_s1_2019-04-08T15;31;35+02;00_rgb_ann_distraction.json,5487,5504,safe
dmd/gZ/31/s1/gZ_31_s1_2019-04-08T15;31;35+02;00_rgb_ann_distraction.json,5635,5655,safe
dmd/gZ/31/s1/gZ_31_s1_2019-04-08T15;31;35+02;00_rgb_ann_distraction.json,5704,6030,safe
dmd/gZ/31/s1/gZ_31_s1_2019-04-08T15;31;35+02;00_rgb_ann_distraction.json,6249,6530,safe
dmd/gZ/31/s1/gZ_31_s1_2019-04-08T15;31;35+02;00_rgb_ann_distraction.json,6558,6717,safe
dmd/gZ/31/s1/gZ_31_s1_2019-04-08T15;31;35+02;00_rgb_ann_distraction.json,424,831,unsafe
dmd/gZ/31/s1/gZ_31_s1_2019-04-08T15;31;35+02;00_rgb_ann_distraction.json,3378,3806,unsafe
dmd/gZ/31/s1/gZ_31_s1_2019-04-08T15;31;35+02;00_rgb_ann_distraction.json,1115,1276,reaching
dmd/gZ/31/s1/gZ_31_s1_2019-04-08T15;31;35+02;00_rgb_ann_distraction.json,1390,1447,reaching
dmd/gZ/31/s1/gZ_31_s1_2019-04-08T15;31;35+02;00_rgb_ann_distraction.json,2861,2951,reaching
dmd/gZ/31/s1/gZ_31_s1_2019-04-08T15;31;35+02;00_rgb_ann_distraction.json,3021,3064,reaching
dmd/gZ/31/s1/gZ_31_s1_2019-04-08T15;31;35+02;00_rgb_ann_distraction.json,4303,4433,reaching
dmd/gZ/31/s1/gZ_31_s1_2019-04-08T15;31;35+02;00_rgb_ann_distraction.json,4536,4582,reaching
dmd/gZ/31/s1/gZ_31_s1_2019-04-08T15;31;35+02;00_rgb_ann_distraction.json,6031,6127,reaching
dmd/gZ/31/s1/gZ_31_s1_2019-04-08T15;31;35+02;00_rgb_ann_distraction.json,6208,6248,reaching
dmd/gZ/31/s1/gZ_31_s1_2019-04-08T15;31;35+02;00_rgb_ann_distraction.json,1938,2006,unsafe
dmd/gZ/31/s1/gZ_31_s1_2019-04-08T15;31;35+02;00_rgb_ann_distraction.json,2021,2068,unsafe
dmd/gZ/31/s1/gZ_31_s1_2019-04-08T15;31;35+02;00_rgb_ann_distraction.json,2093,2113,unsafe
dmd/gZ/31/s1/gZ_31_s1_2019-04-08T15;31;35+02;00_rgb_ann_distraction.json,2135,2161,unsafe
dmd/gZ/31/s1/gZ_31_s1_2019-04-08T15;31;35+02;00_rgb_ann_distraction.json,2192,2255,unsafe
dmd/gZ/31/s1/gZ_31_s1_2019-04-08T15;31;35+02;00_rgb_ann_distraction.json,2270,2293,unsafe
dmd/gZ/31/s1/gZ_31_s1_2019-04-08T15;31;35+02;00_rgb_ann_distraction.json,2330,2353,unsafe
dmd/gZ/31/s1/gZ_31_s1_2019-04-08T15;31;35+02;00_rgb_ann_distraction.json,2406,2435,unsafe
dmd/gZ/31/s1/gZ_31_s1_2019-04-08T15;31;35+02;00_rgb_ann_distraction.json,4931,4990,unsafe
dmd/gZ/31/s1/gZ_31_s1_2019-04-08T15;31;35+02;00_rgb_ann_distraction.json,5060,5112,unsafe
dmd/gZ/31/s1/gZ_31_s1_2019-04-08T15;31;35+02;00_rgb_ann_distraction.json,5331,5486,unsafe
dmd/gZ/31/s1/gZ_31_s1_2019-04-08T15;31;35+02;00_rgb_ann_distraction.json,5530,5634,unsafe
dmd/gZ/31/s1/gZ_31_s1_2019-04-08T15;31;35+02;00_rgb_ann_distraction.json,5656,5703,unsafe
dmd/gZ/31/s1/gZ_31_s1_2019-04-08T09;48;48+02;00_rgb_ann_distraction.json,4,393,safe
dmd/gZ/31/s1/gZ_31_s1_2019-04-08T09;48;48+02;00_rgb_ann_distraction.json,886,1148,safe
dmd/gZ/31/s1/gZ_31_s1_2019-04-08T09;48;48+02;00_rgb_ann_distraction.json,1419,1575,safe
dmd/gZ/31/s1/gZ_31_s1_2019-04-08T09;48;48+02;00_rgb_ann_distraction.json,1596,1663,safe
dmd/gZ/31/s1/gZ_31_s1_2019-04-08T09;48;48+02;00_rgb_ann_distraction.json,1690,1800,safe
dmd/gZ/31/s1/gZ_31_s1_2019-04-08T09;48;48+02;00_rgb_ann_distraction.json,1829,1862,safe
dmd/gZ/31/s1/gZ_31_s1_2019-04-08T09;48;48+02;00_rgb_ann_distraction.json,1885,1988,safe
dmd/gZ/31/s1/gZ_31_s1_2019-04-08T09;48;48+02;00_rgb_ann_distraction.json,2006,2071,safe
dmd/gZ/31/s1/gZ_31_s1_2019-04-08T09;48;48+02;00_rgb_ann_distraction.json,2091,2143,safe
dmd/gZ/31/s1/gZ_31_s1_2019-04-08T09;48;48+02;00_rgb_ann_distraction.json,2168,2220,safe
dmd/gZ/31/s1/gZ_31_s1_2019-04-08T09;48;48+02;00_rgb_ann_distraction.json,2245,2319,safe
dmd/gZ/31/s1/gZ_31_s1_2019-04-08T09;48;48+02;00_rgb_ann_distraction.json,2341,2686,safe
dmd/gZ/31/s1/gZ_31_s1_2019-04-08T09;48;48+02;00_rgb_ann_distraction.json,2712,2787,safe
dmd/gZ/31/s1/gZ_31_s1_2019-04-08T09;48;48+02;00_rgb_ann_distraction.json,3040,3324,safe
dmd/gZ/31/s1/gZ_31_s1_2019-04-08T09;48;48+02;00_rgb_ann_distraction.json,3844,4363,safe
dmd/gZ/31/s1/gZ_31_s1_2019-04-08T09;48;48+02;00_rgb_ann_distraction.json,4695,5002,safe
dmd/gZ/31/s1/gZ_31_s1_2019-04-08T09;48;48+02;00_rgb_ann_distraction.json,5027,5104,safe
dmd/gZ/31/s1/gZ_31_s1_2019-04-08T09;48;48+02;00_rgb_ann_distraction.json,5125,5183,safe
dmd/gZ/31/s1/gZ_31_s1_2019-04-08T09;48;48+02;00_rgb_ann_distraction.json,5200,5273,safe
dmd/gZ/31/s1/gZ_31_s1_2019-04-08T09;48;48+02;00_rgb_ann_distraction.json,5300,5320,safe
dmd/gZ/31/s1/gZ_31_s1_2019-04-08T09;48;48+02;00_rgb_ann_distraction.json,5382,5474,safe
dmd/gZ/31/s1/gZ_31_s1_2019-04-08T09;48;48+02;00_rgb_ann_distraction.json,5496,5522,safe
dmd/gZ/31/s1/gZ_31_s1_2019-04-08T09;48;48+02;00_rgb_ann_distraction.json,5544,5601,safe
dmd/gZ/31/s1/gZ_31_s1_2019-04-08T09;48;48+02;00_rgb_ann_distraction.json,5630,5691,safe
dmd/gZ/31/s1/gZ_31_s1_2019-04-08T09;48;48+02;00_rgb_ann_distraction.json,5731,5809,safe
dmd/gZ/31/s1/gZ_31_s1_2019-04-08T09;48;48+02;00_rgb_ann_distraction.json,5863,5882,safe
dmd/gZ/31/s1/gZ_31_s1_2019-04-08T09;48;48+02;00_rgb_ann_distraction.json,5902,5955,safe
dmd/gZ/31/s1/gZ_31_s1_2019-04-08T09;48;48+02;00_rgb_ann_distraction.json,5976,6039,safe
dmd/gZ/31/s1/gZ_31_s1_2019-04-08T09;48;48+02;00_rgb_ann_distraction.json,6101,6107,safe
dmd/gZ/31/s1/gZ_31_s1_2019-04-08T09;48;48+02;00_rgb_ann_distraction.json,6123,6147,safe
dmd/gZ/31/s1/gZ_31_s1_2019-04-08T09;48;48+02;00_rgb_ann_distraction.json,6166,6189,safe
dmd/gZ/31/s1/gZ_31_s1_2019-04-08T09;48;48+02;00_rgb_ann_distraction.json,6257,6299,safe
dmd/gZ/31/s1/gZ_31_s1_2019-04-08T09;48;48+02;00_rgb_ann_distraction.json,6311,6380,safe
dmd/gZ/31/s1/gZ_31_s1_2019-04-08T09;48;48+02;00_rgb_ann_distraction.json,6426,6483,safe
dmd/gZ/31/s1/gZ_31_s1_2019-04-08T09;48;48+02;00_rgb_ann_distraction.json,6562,6569,safe
dmd/gZ/31/s1/gZ_31_s1_2019-04-08T09;48;48+02;00_rgb_ann_distraction.json,6584,6593,safe
dmd/gZ/31/s1/gZ_31_s1_2019-04-08T09;48;48+02;00_rgb_ann_distraction.json,6780,6825,safe
dmd/gZ/31/s1/gZ_31_s1_2019-04-08T09;48;48+02;00_rgb_ann_distraction.json,6854,6864,safe
dmd/gZ/31/s1/gZ_31_s1_2019-04-08T09;48;48+02;00_rgb_ann_distraction.json,6878,6950,safe
dmd/gZ/31/s1/gZ_31_s1_2019-04-08T09;48;48+02;00_rgb_ann_distraction.json,7146,7238,safe
dmd/gZ/31/s1/gZ_31_s1_2019-04-08T09;48;48+02;00_rgb_ann_distraction.json,394,885,unsafe
dmd/gZ/31/s1/gZ_31_s1_2019-04-08T09;48;48+02;00_rgb_ann_distraction.json,2687,2711,unsafe
dmd/gZ/31/s1/gZ_31_s1_2019-04-08T09;48;48+02;00_rgb_ann_distraction.json,3325,3843,unsafe
dmd/gZ/31/s1/gZ_31_s1_2019-04-08T09;48;48+02;00_rgb_ann_distraction.json,4669,4694,unsafe
dmd/gZ/31/s1/gZ_31_s1_2019-04-08T09;48;48+02;00_rgb_ann_distraction.json,1149,1202,reaching
dmd/gZ/31/s1/gZ_31_s1_2019-04-08T09;48;48+02;00_rgb_ann_distraction.json,1373,1418,reaching
dmd/gZ/31/s1/gZ_31_s1_2019-04-08T09;48;48+02;00_rgb_ann_distraction.json,2788,2905,reaching
dmd/gZ/31/s1/gZ_31_s1_2019-04-08T09;48;48+02;00_rgb_ann_distraction.json,2987,3039,reaching
dmd/gZ/31/s1/gZ_31_s1_2019-04-08T09;48;48+02;00_rgb_ann_distraction.json,4364,4502,reaching
dmd/gZ/31/s1/gZ_31_s1_2019-04-08T09;48;48+02;00_rgb_ann_distraction.json,4626,4668,reaching
dmd/gZ/31/s1/gZ_31_s1_2019-04-08T09;48;48+02;00_rgb_ann_distraction.json,6951,7033,reaching
dmd/gZ/31/s1/gZ_31_s1_2019-04-08T09;48;48+02;00_rgb_ann_distraction.json,7100,7145,reaching
dmd/gZ/31/s1/gZ_31_s1_2019-04-08T09;48;48+02;00_rgb_ann_distraction.json,1576,1595,unsafe
dmd/gZ/31/s1/gZ_31_s1_2019-04-08T09;48;48+02;00_rgb_ann_distraction.json,1664,1689,unsafe
dmd/gZ/31/s1/gZ_31_s1_2019-04-08T09;48;48+02;00_rgb_ann_distraction.json,1801,1828,unsafe
dmd/gZ/31/s1/gZ_31_s1_2019-04-08T09;48;48+02;00_rgb_ann_distraction.json,1863,1884,unsafe
dmd/gZ/31/s1/gZ_31_s1_2019-04-08T09;48;48+02;00_rgb_ann_distraction.json,1989,2005,unsafe
dmd/gZ/31/s1/gZ_31_s1_2019-04-08T09;48;48+02;00_rgb_ann_distraction.json,2072,2090,unsafe
dmd/gZ/31/s1/gZ_31_s1_2019-04-08T09;48;48+02;00_rgb_ann_distraction.json,2144,2167,unsafe
dmd/gZ/31/s1/gZ_31_s1_2019-04-08T09;48;48+02;00_rgb_ann_distraction.json,2221,2244,unsafe
dmd/gZ/31/s1/gZ_31_s1_2019-04-08T09;48;48+02;00_rgb_ann_distraction.json,2320,2340,unsafe
dmd/gZ/31/s1/gZ_31_s1_2019-04-08T09;48;48+02;00_rgb_ann_distraction.json,5003,5026,unsafe
dmd/gZ/31/s1/gZ_31_s1_2019-04-08T09;48;48+02;00_rgb_ann_distraction.json,5105,5124,unsafe
dmd/gZ/31/s1/gZ_31_s1_2019-04-08T09;48;48+02;00_rgb_ann_distraction.json,5184,5199,unsafe
dmd/gZ/31/s1/gZ_31_s1_2019-04-08T09;48;48+02;00_rgb_ann_distraction.json,5274,5299,unsafe
dmd/gZ/31/s1/gZ_31_s1_2019-04-08T09;48;48+02;00_rgb_ann_distraction.json,5321,5381,unsafe
dmd/gZ/31/s1/gZ_31_s1_2019-04-08T09;48;48+02;00_rgb_ann_distraction.json,5475,5495,unsafe
dmd/gZ/31/s1/gZ_31_s1_2019-04-08T09;48;48+02;00_rgb_ann_distraction.json,5523,5543,unsafe
dmd/gZ/31/s1/gZ_31_s1_2019-04-08T09;48;48+02;00_rgb_ann_distraction.json,5602,5629,unsafe
dmd/gZ/31/s1/gZ_31_s1_2019-04-08T09;48;48+02;00_rgb_ann_distraction.json,5692,5730,unsafe
dmd/gZ/31/s1/gZ_31_s1_2019-04-08T09;48;48+02;00_rgb_ann_distraction.json,5810,5862,unsafe
dmd/gZ/31/s1/gZ_31_s1_2019-04-08T09;48;48+02;00_rgb_ann_distraction.json,5956,5975,unsafe
dmd/gZ/31/s1/gZ_31_s1_2019-04-08T09;48;48+02;00_rgb_ann_distraction.json,6108,6122,unsafe
dmd/gZ/31/s1/gZ_31_s1_2019-04-08T09;48;48+02;00_rgb_ann_distraction.json,6148,6165,unsafe
dmd/gZ/31/s1/gZ_31_s1_2019-04-08T09;48;48+02;00_rgb_ann_distraction.json,6243,6256,unsafe
dmd/gZ/31/s1/gZ_31_s1_2019-04-08T09;48;48+02;00_rgb_ann_distraction.json,6381,6425,unsafe
dmd/gZ/31/s1/gZ_31_s1_2019-04-08T09;48;48+02;00_rgb_ann_distraction.json,6570,6583,unsafe
dmd/gZ/31/s1/gZ_31_s1_2019-04-08T09;48;48+02;00_rgb_ann_distraction.json,6669,6755,unsafe
dmd/gZ/31/s1/gZ_31_s1_2019-04-08T09;48;48+02;00_rgb_ann_distraction.json,6826,6853,unsafe
dmd/gZ/31/s2/gZ_31_s2_2019-04-08T09;35;25+02;00_rgb_ann_distraction.json,4,505,safe
dmd/gZ/31/s2/gZ_31_s2_2019-04-08T09;35;25+02;00_rgb_ann_distraction.json,781,827,safe
dmd/gZ/31/s2/gZ_31_s2_2019-04-08T09;35;25+02;00_rgb_ann_distraction.json,976,1461,safe
dmd/gZ/31/s2/gZ_31_s2_2019-04-08T09;35;25+02;00_rgb_ann_distraction.json,2768,3176,safe
dmd/gZ/31/s2/gZ_31_s2_2019-04-08T09;35;25+02;00_rgb_ann_distraction.json,3584,4102,safe
dmd/gZ/31/s2/gZ_31_s2_2019-04-08T09;35;25+02;00_rgb_ann_distraction.json,5012,5482,safe
dmd/gZ/31/s2/gZ_31_s2_2019-04-08T09;35;25+02;00_rgb_ann_distraction.json,6064,6262,safe
dmd/gZ/31/s2/gZ_31_s2_2019-04-08T09;35;25+02;00_rgb_ann_distraction.json,6868,7254,safe
dmd/gZ/31/s2/gZ_31_s2_2019-04-08T09;35;25+02;00_rgb_ann_distraction.json,8443,8685,safe
dmd/gZ/31/s2/gZ_31_s2_2019-04-08T09;35;25+02;00_rgb_ann_distraction.json,9229,9631,safe
dmd/gZ/31/s2/gZ_31_s2_2019-04-08T09;35;25+02;00_rgb_ann_distraction.json,10885,11173,safe
dmd/gZ/31/s2/gZ_31_s2_2019-04-08T09;35;25+02;00_rgb_ann_distraction.json,11647,11740,safe
dmd/gZ/31/s2/gZ_31_s2_2019-04-08T09;35;25+02;00_rgb_ann_distraction.json,12241,12367,safe
dmd/gZ/31/s2/gZ_31_s2_2019-04-08T09;35;25+02;00_rgb_ann_distraction.json,2708,2727,unsafe
dmd/gZ/31/s2/gZ_31_s2_2019-04-08T09;35;25+02;00_rgb_ann_distraction.json,3226,3525,unsafe
dmd/gZ/31/s2/gZ_31_s2_2019-04-08T09;35;25+02;00_rgb_ann_distraction.json,4151,4165,unsafe
dmd/gZ/31/s2/gZ_31_s2_2019-04-08T09;35;25+02;00_rgb_ann_distraction.json,5525,6003,unsafe
dmd/gZ/31/s2/gZ_31_s2_2019-04-08T09;35;25+02;00_rgb_ann_distraction.json,1508,2707,unsafe
dmd/gZ/31/s2/gZ_31_s2_2019-04-08T09;35;25+02;00_rgb_ann_distraction.json,4166,4963,unsafe
dmd/gZ/31/s2/gZ_31_s2_2019-04-08T09;35;25+02;00_rgb_ann_distraction.json,8355,8372,unsafe
dmd/gZ/31/s2/gZ_31_s2_2019-04-08T09;35;25+02;00_rgb_ann_distraction.json,8755,9171,unsafe
dmd/gZ/31/s2/gZ_31_s2_2019-04-08T09;35;25+02;00_rgb_ann_distraction.json,9698,9730,unsafe
dmd/gZ/31/s2/gZ_31_s2_2019-04-08T09;35;25+02;00_rgb_ann_distraction.json,10825,10837,unsafe
dmd/gZ/31/s2/gZ_31_s2_2019-04-08T09;35;25+02;00_rgb_ann_distraction.json,11242,11601,unsafe
dmd/gZ/31/s2/gZ_31_s2_2019-04-08T09;35;25+02;00_rgb_ann_distraction.json,7321,8354,unsafe
dmd/gZ/31/s2/gZ_31_s2_2019-04-08T09;35;25+02;00_rgb_ann_distraction.json,9731,10824,unsafe
dmd/gZ/31/s2/gZ_31_s2_2019-04-08T09;35;25+02;00_rgb_ann_distraction.json,506,628,reaching
dmd/gZ/31/s2/gZ_31_s2_2019-04-08T09;35;25+02;00_rgb_ann_distraction.json,828,975,reaching
dmd/gZ/31/s2/gZ_31_s2_2019-04-08T09;35;25+02;00_rgb_ann_distraction.json,1462,1507,reaching
dmd/gZ/31/s2/gZ_31_s2_2019-04-08T09;35;25+02;00_rgb_ann_distraction.json,2728,2767,reaching
dmd/gZ/31/s2/gZ_31_s2_2019-04-08T09;35;25+02;00_rgb_ann_distraction.json,3177,3225,reaching
dmd/gZ/31/s2/gZ_31_s2_2019-04-08T09;35;25+02;00_rgb_ann_distraction.json,3526,3583,reaching
dmd/gZ/31/s2/gZ_31_s2_2019-04-08T09;35;25+02;00_rgb_ann_distraction.json,4103,4150,reaching
dmd/gZ/31/s2/gZ_31_s2_2019-04-08T09;35;25+02;00_rgb_ann_distraction.json,4964,5011,reaching
dmd/gZ/31/s2/gZ_31_s2_2019-04-08T09;35;25+02;00_rgb_ann_distraction.json,5483,5524,reaching
dmd/gZ/31/s2/gZ_31_s2_2019-04-08T09;35;25+02;00_rgb_ann_distraction.json,6004,6063,reaching
dmd/gZ/31/s2/gZ_31_s2_2019-04-08T09;35;25+02;00_rgb_ann_distraction.json,6263,6375,reaching
dmd/gZ/31/s2/gZ_31_s2_2019-04-08T09;35;25+02;00_rgb_ann_distraction.json,6713,6867,reaching
dmd/gZ/31/s2/gZ_31_s2_2019-04-08T09;35;25+02;00_rgb_ann_distraction.json,7255,7320,reaching
dmd/gZ/31/s2/gZ_31_s2_2019-04-08T09;35;25+02;00_rgb_ann_distraction.json,8394,8442,reaching
dmd/gZ/31/s2/gZ_31_s2_2019-04-08T09;35;25+02;00_rgb_ann_distraction.json,8686,8729,reaching
dmd/gZ/31/s2/gZ_31_s2_2019-04-08T09;35;25+02;00_rgb_ann_distraction.json,9190,9228,reaching
dmd/gZ/31/s2/gZ_31_s2_2019-04-08T09;35;25+02;00_rgb_ann_distraction.json,9632,9671,reaching
dmd/gZ/31/s2/gZ_31_s2_2019-04-08T09;35;25+02;00_rgb_ann_distraction.json,10838,10884,reaching
dmd/gZ/31/s2/gZ_31_s2_2019-04-08T09;35;25+02;00_rgb_ann_distraction.json,11174,11211,reaching
dmd/gZ/31/s2/gZ_31_s2_2019-04-08T09;35;25+02;00_rgb_ann_distraction.json,11602,11646,reaching
dmd/gZ/31/s2/gZ_31_s2_2019-04-08T09;35;25+02;00_rgb_ann_distraction.json,11741,11852,reaching
dmd/gZ/31/s2/gZ_31_s2_2019-04-08T09;35;25+02;00_rgb_ann_distraction.json,12114,12240,reaching
dmd/gZ/31/s2/gZ_31_s2_2019-04-08T15;21;41+02;00_rgb_ann_distraction.json,4,386,safe
dmd/gZ/31/s2/gZ_31_s2_2019-04-08T15;21;41+02;00_rgb_ann_distraction.json,896,1195,safe
dmd/gZ/31/s2/gZ_31_s2_2019-04-08T15;21;41+02;00_rgb_ann_distraction.json,2491,2820,safe
dmd/gZ/31/s2/gZ_31_s2_2019-04-08T15;21;41+02;00_rgb_ann_distraction.json,3258,3624,safe
dmd/gZ/31/s2/gZ_31_s2_2019-04-08T15;21;41+02;00_rgb_ann_distraction.json,4796,5156,safe
dmd/gZ/31/s2/gZ_31_s2_2019-04-08T15;21;41+02;00_rgb_ann_distraction.json,5628,5993,safe
dmd/gZ/31/s2/gZ_31_s2_2019-04-08T15;21;41+02;00_rgb_ann_distraction.json,6509,6873,safe
dmd/gZ/31/s2/gZ_31_s2_2019-04-08T15;21;41+02;00_rgb_ann_distraction.json,8388,8530,safe
dmd/gZ/31/s2/gZ_31_s2_2019-04-08T15;21;41+02;00_rgb_ann_distraction.json,8570,8587,safe
dmd/gZ/31/s2/gZ_31_s2_2019-04-08T15;21;41+02;00_rgb_ann_distraction.json,8933,9519,safe
dmd/gZ/31/s2/gZ_31_s2_2019-04-08T15;21;41+02;00_rgb_ann_distraction.json,11467,11705,safe
dmd/gZ/31/s2/gZ_31_s2_2019-04-08T15;21;41+02;00_rgb_ann_distraction.json,12412,12484,safe
dmd/gZ/31/s2/gZ_31_s2_2019-04-08T15;21;41+02;00_rgb_ann_distraction.json,13161,13240,safe
dmd/gZ/31/s2/gZ_31_s2_2019-04-08T15;21;41+02;00_rgb_ann_distraction.json,2863,3213,unsafe
dmd/gZ/31/s2/gZ_31_s2_2019-04-08T15;21;41+02;00_rgb_ann_distraction.json,5206,5585,unsafe
dmd/gZ/31/s2/gZ_31_s2_2019-04-08T15;21;41+02;00_rgb_ann_distraction.json,1234,2444,unsafe
dmd/gZ/31/s2/gZ_31_s2_2019-04-08T15;21;41+02;00_rgb_ann_distraction.json,3697,4760,unsafe
dmd/gZ/31/s2/gZ_31_s2_2019-04-08T15;21;41+02;00_rgb_ann_distraction.json,8301,8319,unsafe
dmd/gZ/31/s2/gZ_31_s2_2019-04-08T15;21;41+02;00_rgb_ann_distraction.json,8629,8872,unsafe
dmd/gZ/31/s2/gZ_31_s2_2019-04-08T15;21;41+02;00_rgb_ann_distraction.json,11753,12360,unsafe
dmd/gZ/31/s2/gZ_31_s2_2019-04-08T15;21;41+02;00_rgb_ann_distraction.json,6919,8300,unsafe
dmd/gZ/31/s2/gZ_31_s2_2019-04-08T15;21;41+02;00_rgb_ann_distraction.json,9576,11403,unsafe
dmd/gZ/31/s2/gZ_31_s2_2019-04-08T15;21;41+02;00_rgb_ann_distraction.json,387,499,reaching
dmd/gZ/31/s2/gZ_31_s2_2019-04-08T15;21;41+02;00_rgb_ann_distraction.json,776,895,reaching
dmd/gZ/31/s2/gZ_31_s2_2019-04-08T15;21;41+02;00_rgb_ann_distraction.json,1196,1233,reaching
dmd/gZ/31/s2/gZ_31_s2_2019-04-08T15;21;41+02;00_rgb_ann_distraction.json,2445,2490,reaching
dmd/gZ/31/s2/gZ_31_s2_2019-04-08T15;21;41+02;00_rgb_ann_distraction.json,2821,2862,reaching
dmd/gZ/31/s2/gZ_31_s2_2019-04-08T15;21;41+02;00_rgb_ann_distraction.json,3214,3257,reaching
dmd/gZ/31/s2/gZ_31_s2_2019-04-08T15;21;41+02;00_rgb_ann_distraction.json,3625,3696,reaching
dmd/gZ/31/s2/gZ_31_s2_2019-04-08T15;21;41+02;00_rgb_ann_distraction.json,4761,4795,reaching
dmd/gZ/31/s2/gZ_31_s2_2019-04-08T15;21;41+02;00_rgb_ann_distraction.json,5157,5205,reaching
dmd/gZ/31/s2/gZ_31_s2_2019-04-08T15;21;41+02;00_rgb_ann_distraction.json,5586,5627,reaching
dmd/gZ/31/s2/gZ_31_s2_2019-04-08T15;21;41+02;00_rgb_ann_distraction.json,5994,6095,reaching
dmd/gZ/31/s2/gZ_31_s2_2019-04-08T15;21;41+02;00_rgb_ann_distraction.json,6403,6508,reaching
dmd/gZ/31/s2/gZ_31_s2_2019-04-08T15;21;41+02;00_rgb_ann_distraction.json,6874,6918,reaching
dmd/gZ/31/s2/gZ_31_s2_2019-04-08T15;21;41+02;00_rgb_ann_distraction.json,8340,8387,reaching
dmd/gZ/31/s2/gZ_31_s2_2019-04-08T15;21;41+02;00_rgb_ann_distraction.json,8588,8628,reaching
dmd/gZ/31/s2/gZ_31_s2_2019-04-08T15;21;41+02;00_rgb_ann_distraction.json,8902,8932,reaching
dmd/gZ/31/s2/gZ_31_s2_2019-04-08T15;21;41+02;00_rgb_ann_distraction.json,9520,9562,reaching
dmd/gZ/31/s2/gZ_31_s2_2019-04-08T15;21;41+02;00_rgb_ann_distraction.json,11426,11466,reaching
dmd/gZ/31/s2/gZ_31_s2_2019-04-08T15;21;41+02;00_rgb_ann_distraction.json,11706,11740,reaching
dmd/gZ/31/s2/gZ_31_s2_2019-04-08T15;21;41+02;00_rgb_ann_distraction.json,12361,12411,reaching
dmd/gZ/31/s2/gZ_31_s2_2019-04-08T15;21;41+02;00_rgb_ann_distraction.json,12485,12592,reaching
dmd/gZ/31/s2/gZ_31_s2_2019-04-08T15;21;41+02;00_rgb_ann_distraction.json,13062,13160,reaching
dmd/gZ/31/s3/gZ_31_s3_2019-04-04T14;50;47+02;00_rgb_ann_distraction.json,5,698,safe
dmd/gZ/31/s3/gZ_31_s3_2019-04-04T14;50;47+02;00_rgb_ann_distraction.json,841,1270,safe
dmd/gZ/31/s3/gZ_31_s3_2019-04-04T14;50;47+02;00_rgb_ann_distraction.json,1402,1740,safe
dmd/gZ/31/s3/gZ_31_s3_2019-04-04T14;50;47+02;00_rgb_ann_distraction.json,787,840,reaching
dmd/gZ/31/s3/gZ_31_s3_2019-04-04T14;50;47+02;00_rgb_ann_distraction.json,1355,1401,reaching
dmd/gZ/31/s3/gZ_31_s3_2019-04-04T14;50;47+02;00_rgb_ann_distraction.json,699,786,reaching
dmd/gZ/31/s3/gZ_31_s3_2019-04-04T14;50;47+02;00_rgb_ann_distraction.json,1271,1354,reaching
dmd/gZ/31/s3/gZ_31_s3_2019-04-04T09;22;00+02;00_rgb_ann_distraction.json,22,689,safe
dmd/gZ/31/s3/gZ_31_s3_2019-04-04T09;22;00+02;00_rgb_ann_distraction.json,796,892,safe
dmd/gZ/31/s3/gZ_31_s3_2019-04-04T09;22;00+02;00_rgb_ann_distraction.json,940,1271,safe
dmd/gZ/31/s3/gZ_31_s3_2019-04-04T09;22;00+02;00_rgb_ann_distraction.json,1377,1403,safe
dmd/gZ/31/s3/gZ_31_s3_2019-04-04T09;22;00+02;00_rgb_ann_distraction.json,1453,1791,safe
dmd/gZ/31/s3/gZ_31_s3_2019-04-04T09;22;00+02;00_rgb_ann_distraction.json,893,939,reaching
dmd/gZ/31/s3/gZ_31_s3_2019-04-04T09;22;00+02;00_rgb_ann_distraction.json,1404,1452,reaching
dmd/gZ/31/s3/gZ_31_s3_2019-04-04T09;22;00+02;00_rgb_ann_distraction.json,690,795,reaching
dmd/gZ/31/s3/gZ_31_s3_2019-04-04T09;22;00+02;00_rgb_ann_distraction.json,1272,1376,reaching
dmd/gZ/37/s1/gZ_37_s1_2019-04-08T15;56;41+02;00_rgb_ann_distraction.json,8,285,safe
dmd/gZ/37/s1/gZ_37_s1_2019-04-08T15;56;41+02;00_rgb_ann_distraction.json,452,594,safe
dmd/gZ/37/s1/gZ_37_s1_2019-04-08T15;56;41+02;00_rgb_ann_distraction.json,854,1125,safe
dmd/gZ/37/s1/gZ_37_s1_2019-04-08T15;56;41+02;00_rgb_ann_distraction.json,1502,1777,safe
dmd/gZ/37/s1/gZ_37_s1_2019-04-08T15;56;41+02;00_rgb_ann_distraction.json,1819,1846,safe
dmd/gZ/37/s1/gZ_37_s1_2019-04-08T15;56;41+02;00_rgb_ann_distraction.json,1873,1919,safe
dmd/gZ/37/s1/gZ_37_s1_2019-04-08T15;56;41+02;00_rgb_ann_distraction.json,1957,2038,safe
dmd/gZ/37/s1/gZ_37_s1_2019-04-08T15;56;41+02;00_rgb_ann_distraction.json,2057,2077,safe
dmd/gZ/37/s1/gZ_37_s1_2019-04-08T15;56;41+02;00_rgb_ann_distraction.json,2093,2114,safe
dmd/gZ/37/s1/gZ_37_s1_2019-04-08T15;56;41+02;00_rgb_ann_distraction.json,2140,2262,safe
dmd/gZ/37/s1/gZ_37_s1_2019-04-08T15;56;41+02;00_rgb_ann_distraction.json,2282,2300,safe
dmd/gZ/37/s1/gZ_37_s1_2019-04-08T15;56;41+02;00_rgb_ann_distraction.json,2314,2336,safe
dmd/gZ/37/s1/gZ_37_s1_2019-04-08T15;56;41+02;00_rgb_ann_distraction.json,2355,2376,safe
dmd/gZ/37/s1/gZ_37_s1_2019-04-08T15;56;41+02;00_rgb_ann_distraction.json,2397,2430,safe
dmd/gZ/37/s1/gZ_37_s1_2019-04-08T15;56;41+02;00_rgb_ann_distraction.json,2452,2758,safe
dmd/gZ/37/s1/gZ_37_s1_2019-04-08T15;56;41+02;00_rgb_ann_distraction.json,3075,3398,safe
dmd/gZ/37/s1/gZ_37_s1_2019-04-08T15;56;41+02;00_rgb_ann_distraction.json,3658,3745,safe
dmd/gZ/37/s1/gZ_37_s1_2019-04-08T15;56;41+02;00_rgb_ann_distraction.json,3774,3953,safe
dmd/gZ/37/s1/gZ_37_s1_2019-04-08T15;56;41+02;00_rgb_ann_distraction.json,3986,4261,safe
dmd/gZ/37/s1/gZ_37_s1_2019-04-08T15;56;41+02;00_rgb_ann_distraction.json,4616,5327,safe
dmd/gZ/37/s1/gZ_37_s1_2019-04-08T15;56;41+02;00_rgb_ann_distraction.json,5353,5375,safe
dmd/gZ/37/s1/gZ_37_s1_2019-04-08T15;56;41+02;00_rgb_ann_distraction.json,5425,5436,safe
dmd/gZ/37/s1/gZ_37_s1_2019-04-08T15;56;41+02;00_rgb_ann_distraction.json,5460,5473,safe
dmd/gZ/37/s1/gZ_37_s1_2019-04-08T15;56;41+02;00_rgb_ann_distraction.json,5497,5519,safe
dmd/gZ/37/s1/gZ_37_s1_2019-04-08T15;56;41+02;00_rgb_ann_distraction.json,5551,5555,safe
dmd/gZ/37/s1/gZ_37_s1_2019-04-08T15;56;41+02;00_rgb_ann_distraction.json,5592,5612,safe
dmd/gZ/37/s1/gZ_37_s1_2019-04-08T15;56;41+02;00_rgb_ann_distraction.json,5638,5670,safe
dmd/gZ/37/s1/gZ_37_s1_2019-04-08T15;56;41+02;00_rgb_ann_distraction.json,5715,5759,safe
dmd/gZ/37/s1/gZ_37_s1_2019-04-08T15;56;41+02;00_rgb_ann_distraction.json,5788,5799,safe
dmd/gZ/37/s1/gZ_37_s1_2019-04-08T15;56;41+02;00_rgb_ann_distraction.json,5826,5968,safe
dmd/gZ/37/s1/gZ_37_s1_2019-04-08T15;56;41+02;00_rgb_ann_distraction.json,5991,6404,safe
dmd/gZ/37/s1/gZ_37_s1_2019-04-08T15;56;41+02;00_rgb_ann_distraction.json,6722,6870,safe
dmd/gZ/37/s1/gZ_37_s1_2019-04-08T15;56;41+02;00_rgb_ann_distraction.json,286,451,unsafe
dmd/gZ/37/s1/gZ_37_s1_2019-04-08T15;56;41+02;00_rgb_ann_distraction.json,595,853,unsafe
dmd/gZ/37/s1/gZ_37_s1_2019-04-08T15;56;41+02;00_rgb_ann_distraction.json,3399,3657,unsafe
dmd/gZ/37/s1/gZ_37_s1_2019-04-08T15;56;41+02;00_rgb_ann_distraction.json,3746,3773,unsafe
dmd/gZ/37/s1/gZ_37_s1_2019-04-08T15;56;41+02;00_rgb_ann_distraction.json,3954,3985,unsafe
dmd/gZ/37/s1/gZ_37_s1_2019-04-08T15;56;41+02;00_rgb_ann_distraction.json,1126,1179,reaching
dmd/gZ/37/s1/gZ_37_s1_2019-04-08T15;56;41+02;00_rgb_ann_distraction.json,1417,1501,reaching
dmd/gZ/37/s1/gZ_37_s1_2019-04-08T15;56;41+02;00_rgb_ann_distraction.json,2759,2787,reaching
dmd/gZ/37/s1/gZ_37_s1_2019-04-08T15;56;41+02;00_rgb_ann_distraction.json,3020,3074,reaching
dmd/gZ/37/s1/gZ_37_s1_2019-04-08T15;56;41+02;00_rgb_ann_distraction.json,4262,4311,reaching
dmd/gZ/37/s1/gZ_37_s1_2019-04-08T15;56;41+02;00_rgb_ann_distraction.json,4564,4615,reaching
dmd/gZ/37/s1/gZ_37_s1_2019-04-08T15;56;41+02;00_rgb_ann_distraction.json,6405,6447,reaching
dmd/gZ/37/s1/gZ_37_s1_2019-04-08T15;56;41+02;00_rgb_ann_distraction.json,6655,6721,reaching
dmd/gZ/37/s1/gZ_37_s1_2019-04-08T15;56;41+02;00_rgb_ann_distraction.json,1778,1818,unsafe
dmd/gZ/37/s1/gZ_37_s1_2019-04-08T15;56;41+02;00_rgb_ann_distraction.json,1847,1872,unsafe
dmd/gZ/37/s1/gZ_37_s1_2019-04-08T15;56;41+02;00_rgb_ann_distraction.json,1920,1956,unsafe
dmd/gZ/37/s1/gZ_37_s1_2019-04-08T15;56;41+02;00_rgb_ann_distraction.json,2039,2056,unsafe
dmd/gZ/37/s1/gZ_37_s1_2019-04-08T15;56;41+02;00_rgb_ann_distraction.json,2078,2092,unsafe
dmd/gZ/37/s1/gZ_37_s1_2019-04-08T15;56;41+02;00_rgb_ann_distraction.json,2115,2139,unsafe
dmd/gZ/37/s1/gZ_37_s1_2019-04-08T15;56;41+02;00_rgb_ann_distraction.json,2263,2281,unsafe
dmd/gZ/37/s1/gZ_37_s1_2019-04-08T15;56;41+02;00_rgb_ann_distraction.json,2301,2313,unsafe
dmd/gZ/37/s1/gZ_37_s1_2019-04-08T15;56;41+02;00_rgb_ann_distraction.json,2337,2354,unsafe
dmd/gZ/37/s1/gZ_37_s1_2019-04-08T15;56;41+02;00_rgb_ann_distraction.json,2377,2396,unsafe
dmd/gZ/37/s1/gZ_37_s1_2019-04-08T15;56;41+02;00_rgb_ann_distraction.json,2431,2451,unsafe
dmd/gZ/37/s1/gZ_37_s1_2019-04-08T15;56;41+02;00_rgb_ann_distraction.json,5328,5352,unsafe
dmd/gZ/37/s1/gZ_37_s1_2019-04-08T15;56;41+02;00_rgb_ann_distraction.json,5376,5424,unsafe
dmd/gZ/37/s1/gZ_37_s1_2019-04-08T15;56;41+02;00_rgb_ann_distraction.json,5437,5459,unsafe
dmd/gZ/37/s1/gZ_37_s1_2019-04-08T15;56;41+02;00_rgb_ann_distraction.json,5474,5496,unsafe
dmd/gZ/37/s1/gZ_37_s1_2019-04-08T15;56;41+02;00_rgb_ann_distraction.json,5520,5550,unsafe
dmd/gZ/37/s1/gZ_37_s1_2019-04-08T15;56;41+02;00_rgb_ann_distraction.json,5556,5591,unsafe
dmd/gZ/37/s1/gZ_37_s1_2019-04-08T15;56;41+02;00_rgb_ann_distraction.json,5613,5637,unsafe
dmd/gZ/37/s1/gZ_37_s1_2019-04-08T15;56;41+02;00_rgb_ann_distraction.json,5671,5714,unsafe
dmd/gZ/37/s1/gZ_37_s1_2019-04-08T15;56;41+02;00_rgb_ann_distraction.json,5760,5787,unsafe
dmd/gZ/37/s1/gZ_37_s1_2019-04-08T15;56;41+02;00_rgb_ann_distraction.json,5800,5825,unsafe
dmd/gZ/37/s1/gZ_37_s1_2019-04-08T15;56;41+02;00_rgb_ann_distraction.json,5969,5990,unsafe
dmd/gZ/37/s2/gZ_37_s2_2019-04-08T15;45;15+02;00_rgb_ann_distraction.json,4,488,safe
dmd/gZ/37/s2/gZ_37_s2_2019-04-08T15;45;15+02;00_rgb_ann_distraction.json,1022,1519,safe
dmd/gZ/37/s2/gZ_37_s2_2019-04-08T15;45;15+02;00_rgb_ann_distraction.json,3025,3322,safe
dmd/gZ/37/s2/gZ_37_s2_2019-04-08T15;45;15+02;00_rgb_ann_distraction.json,3807,4094,safe
dmd/gZ/37/s2/gZ_37_s2_2019-04-08T15;45;15+02;00_rgb_ann_distraction.json,5044,5301,safe
dmd/gZ/37/s2/gZ_37_s2_2019-04-08T15;45;15+02;00_rgb_ann_distraction.json,6041,6325,safe
dmd/gZ/37/s2/gZ_37_s2_2019-04-08T15;45;15+02;00_rgb_ann_distraction.json,6860,7102,safe
dmd/gZ/37/s2/gZ_37_s2_2019-04-08T15;45;15+02;00_rgb_ann_distraction.json,8528,8793,safe
dmd/gZ/37/s2/gZ_37_s2_2019-04-08T15;45;15+02;00_rgb_ann_distraction.json,9509,9805,safe
dmd/gZ/37/s2/gZ_37_s2_2019-04-08T15;45;15+02;00_rgb_ann_distraction.json,11628,11917,safe
dmd/gZ/37/s2/gZ_37_s2_2019-04-08T15;45;15+02;00_rgb_ann_distraction.json,12424,12536,safe
dmd/gZ/37/s2/gZ_37_s2_2019-04-08T15;45;15+02;00_rgb_ann_distraction.json,12978,13067,safe
dmd/gZ/37/s2/gZ_37_s2_2019-04-08T15;45;15+02;00_rgb_ann_distraction.json,3383,3756,unsafe
dmd/gZ/37/s2/gZ_37_s2_2019-04-08T15;45;15+02;00_rgb_ann_distraction.json,5341,5981,unsafe
dmd/gZ/37/s2/gZ_37_s2_2019-04-08T15;45;15+02;00_rgb_ann_distraction.json,1564,2954,unsafe
dmd/gZ/37/s2/gZ_37_s2_2019-04-08T15;45;15+02;00_rgb_ann_distraction.json,4136,4988,unsafe
dmd/gZ/37/s2/gZ_37_s2_2019-04-08T15;45;15+02;00_rgb_ann_distraction.json,9016,9435,unsafe
dmd/gZ/37/s2/gZ_37_s2_2019-04-08T15;45;15+02;00_rgb_ann_distraction.json,11981,12369,unsafe
dmd/gZ/37/s2/gZ_37_s2_2019-04-08T15;45;15+02;00_rgb_ann_distraction.json,7167,8469,unsafe
dmd/gZ/37/s2/gZ_37_s2_2019-04-08T15;45;15+02;00_rgb_ann_distraction.json,9850,11557,unsafe
dmd/gZ/37/s2/gZ_37_s2_2019-04-08T15;45;15+02;00_rgb_ann_distraction.json,489,620,reaching
dmd/gZ/37/s2/gZ_37_s2_2019-04-08T15;45;15+02;00_rgb_ann_distraction.json,892,1021,reaching
dmd/gZ/37/s2/gZ_37_s2_2019-04-08T15;45;15+02;00_rgb_ann_distraction.json,1520,1563,reaching
dmd/gZ/37/s2/gZ_37_s2_2019-04-08T15;45;15+02;00_rgb_ann_distraction.json,2955,3024,reaching
dmd/gZ/37/s2/gZ_37_s2_2019-04-08T15;45;15+02;00_rgb_ann_distraction.json,3323,3357,reaching
dmd/gZ/37/s2/gZ_37_s2_2019-04-08T15;45;15+02;00_rgb_ann_distraction.json,3757,3806,reaching
dmd/gZ/37/s2/gZ_37_s2_2019-04-08T15;45;15+02;00_rgb_ann_distraction.json,4095,4135,reaching
dmd/gZ/37/s2/gZ_37_s2_2019-04-08T15;45;15+02;00_rgb_ann_distraction.json,4989,5043,reaching
dmd/gZ/37/s2/gZ_37_s2_2019-04-08T15;45;15+02;00_rgb_ann_distraction.json,5302,5340,reaching
dmd/gZ/37/s2/gZ_37_s2_2019-04-08T15;45;15+02;00_rgb_ann_distraction.json,5982,6040,reaching
dmd/gZ/37/s2/gZ_37_s2_2019-04-08T15;45;15+02;00_rgb_ann_distraction.json,6326,6450,reaching
dmd/gZ/37/s2/gZ_37_s2_2019-04-08T15;45;15+02;00_rgb_ann_distraction.json,6749,6859,reaching
dmd/gZ/37/s2/gZ_37_s2_2019-04-08T15;45;15+02;00_rgb_ann_distraction.json,7103,7130,reaching
dmd/gZ/37/s2/gZ_37_s2_2019-04-08T15;45;15+02;00_rgb_ann_distraction.json,8470,8527,reaching
dmd/gZ/37/s2/gZ_37_s2_2019-04-08T15;45;15+02;00_rgb_ann_distraction.json,8794,8828,reaching
dmd/gZ/37/s2/gZ_37_s2_2019-04-08T15;45;15+02;00_rgb_ann_distraction.json,9436,9508,reaching
dmd/gZ/37/s2/gZ_37_s2_2019-04-08T15;45;15+02;00_rgb_ann_distraction.json,9806,9849,reaching
dmd/gZ/37/s2/gZ_37_s2_2019-04-08T15;45;15+02;00_rgb_ann_distraction.json,11558,11627,reaching
dmd/gZ/37/s2/gZ_37_s2_2019-04-08T15;45;15+02;00_rgb_ann_distraction.json,11918,11957,reaching
dmd/gZ/37/s2/gZ_37_s2_2019-04-08T15;45;15+02;00_rgb_ann_distraction.json,12387,12423,reaching
dmd/gZ/37/s2/gZ_37_s2_2019-04-08T15;45;15+02;00_rgb_ann_distraction.json,12537,12641,reaching
dmd/gZ/37/s2/gZ_37_s2_2019-04-08T15;45;15+02;00_rgb_ann_distraction.json,12855,12977,reaching
dmd/gZ/37/s4/gZ_37_s4_2019-04-03T15;40;42+02;00_rgb_ann_distraction.json,4,47,safe
dmd/gZ/37/s4/gZ_37_s4_2019-04-03T15;40;42+02;00_rgb_ann_distraction.json,66,252,safe
dmd/gZ/37/s4/gZ_37_s4_2019-04-03T15;40;42+02;00_rgb_ann_distraction.json,273,524,safe
dmd/gZ/37/s4/gZ_37_s4_2019-04-03T15;40;42+02;00_rgb_ann_distraction.json,986,1116,safe
dmd/gZ/37/s4/gZ_37_s4_2019-04-03T15;40;42+02;00_rgb_ann_distraction.json,1138,1324,safe
dmd/gZ/37/s4/gZ_37_s4_2019-04-03T15;40;42+02;00_rgb_ann_distraction.json,2488,2807,safe
dmd/gZ/37/s4/gZ_37_s4_2019-04-03T15;40;42+02;00_rgb_ann_distraction.json,3356,3495,safe
dmd/gZ/37/s4/gZ_37_s4_2019-04-03T15;40;42+02;00_rgb_ann_distraction.json,4020,4362,safe
dmd/gZ/37/s4/gZ_37_s4_2019-04-03T15;40;42+02;00_rgb_ann_distraction.json,5899,6102,safe
dmd/gZ/37/s4/gZ_37_s4_2019-04-03T15;40;42+02;00_rgb_ann_distraction.json,6951,7508,safe
dmd/gZ/37/s4/gZ_37_s4_2019-04-03T15;40;42+02;00_rgb_ann_distraction.json,7919,8165,safe
dmd/gZ/37/s4/gZ_37_s4_2019-04-03T15;40;42+02;00_rgb_ann_distraction.json,8622,8947,safe
dmd/gZ/37/s4/gZ_37_s4_2019-04-03T15;40;42+02;00_rgb_ann_distraction.json,10103,10290,safe
dmd/gZ/37/s4/gZ_37_s4_2019-04-03T15;40;42+02;00_rgb_ann_distraction.json,10317,10340,safe
dmd/gZ/37/s4/gZ_37_s4_2019-04-03T15;40;42+02;00_rgb_ann_distraction.json,11248,11553,safe
dmd/gZ/37/s4/gZ_37_s4_2019-04-03T15;40;42+02;00_rgb_ann_distraction.json,12033,12342,safe
dmd/gZ/37/s4/gZ_37_s4_2019-04-03T15;40;42+02;00_rgb_ann_distraction.json,13471,13780,safe
dmd/gZ/37/s4/gZ_37_s4_2019-04-03T15;40;42+02;00_rgb_ann_distraction.json,14733,14945,safe
dmd/gZ/37/s4/gZ_37_s4_2019-04-03T15;40;42+02;00_rgb_ann_distraction.json,15386,15473,safe
dmd/gZ/37/s4/gZ_37_s4_2019-04-03T15;40;42+02;00_rgb_ann_distraction.json,15904,16004,safe
dmd/gZ/37/s4/gZ_37_s4_2019-04-03T15;40;42+02;00_rgb_ann_distraction.json,2889,3262,unsafe
dmd/gZ/37/s4/gZ_37_s4_2019-04-03T15;40;42+02;00_rgb_ann_distraction.json,6187,6890,unsafe
dmd/gZ/37/s4/gZ_37_s4_2019-04-03T15;40;42+02;00_rgb_ann_distraction.json,1397,2429,unsafe
dmd/gZ/37/s4/gZ_37_s4_2019-04-03T15;40;42+02;00_rgb_ann_distraction.json,4422,5790,unsafe
dmd/gZ/37/s4/gZ_37_s4_2019-04-03T15;40;42+02;00_rgb_ann_distraction.json,10494,11153,unsafe
dmd/gZ/37/s4/gZ_37_s4_2019-04-03T15;40;42+02;00_rgb_ann_distraction.json,13902,14633,unsafe
dmd/gZ/37/s4/gZ_37_s4_2019-04-03T15;40;42+02;00_rgb_ann_distraction.json,9052,10005,unsafe
dmd/gZ/37/s4/gZ_37_s4_2019-04-03T15;40;42+02;00_rgb_ann_distraction.json,12462,13357,unsafe
dmd/gZ/37/s4/gZ_37_s4_2019-04-03T15;40;42+02;00_rgb_ann_distraction.json,525,609,reaching
dmd/gZ/37/s4/gZ_37_s4_2019-04-03T15;40;42+02;00_rgb_ann_distraction.json,914,985,reaching
dmd/gZ/37/s4/gZ_37_s4_2019-04-03T15;40;42+02;00_rgb_ann_distraction.json,1325,1396,reaching
dmd/gZ/37/s4/gZ_37_s4_2019-04-03T15;40;42+02;00_rgb_ann_distraction.json,2430,2487,reaching
dmd/gZ/37/s4/gZ_37_s4_2019-04-03T15;40;42+02;00_rgb_ann_distraction.json,2808,2888,reaching
dmd/gZ/37/s4/gZ_37_s4_2019-04-03T15;40;42+02;00_rgb_ann_distraction.json,3263,3355,reaching
dmd/gZ/37/s4/gZ_37_s4_2019-04-03T15;40;42+02;00_rgb_ann_distraction.json,3496,3575,reaching
dmd/gZ/37/s4/gZ_37_s4_2019-04-03T15;40;42+02;00_rgb_ann_distraction.json,3945,4019,reaching
dmd/gZ/37/s4/gZ_37_s4_2019-04-03T15;40;42+02;00_rgb_ann_distraction.json,4363,4421,reaching
dmd/gZ/37/s4/gZ_37_s4_2019-04-03T15;40;42+02;00_rgb_ann_distraction.json,5791,5872,reaching
dmd/gZ/37/s4/gZ_37_s4_2019-04-03T15;40;42+02;00_rgb_ann_distraction.json,6103,6186,reaching
dmd/gZ/37/s4/gZ_37_s4_2019-04-03T15;40;42+02;00_rgb_ann_distraction.json,6891,6950,reaching
dmd/gZ/37/s4/gZ_37_s4_2019-04-03T15;40;42+02;00_rgb_ann_distraction.json,7509,7601,reaching
dmd/gZ/37/s4/gZ_37_s4_2019-04-03T15;40;42+02;00_rgb_ann_distraction.json,7858,7918,reaching
dmd/gZ/37/s4/gZ_37_s4_2019-04-03T15;40;42+02;00_rgb_ann_distraction.json,8166,8287,reaching
dmd/gZ/37/s4/gZ_37_s4_2019-04-03T15;40;42+02;00_rgb_ann_distraction.json,8538,8621,reaching
dmd/gZ/37/s4/gZ_37_s4_2019-04-03T15;40;42+02;00_rgb_ann_distraction.json,8948,9027,reaching
dmd/gZ/37/s4/gZ_37_s4_2019-04-03T15;40;42+02;00_rgb_ann_distraction.json,10006,10102,reaching
dmd/gZ/37/s4/gZ_37_s4_2019-04-03T15;40;42+02;00_rgb_ann_distraction.json,10341,10406,reaching
dmd/gZ/37/s4/gZ_37_s4_2019-04-03T15;40;42+02;00_rgb_ann_distraction.json,11154,11247,reaching
dmd/gZ/37/s4/gZ_37_s4_2019-04-03T15;40;42+02;00_rgb_ann_distraction.json,11554,11638,reaching
dmd/gZ/37/s4/gZ_37_s4_2019-04-03T15;40;42+02;00_rgb_ann_distraction.json,11936,12032,reaching
dmd/gZ/37/s4/gZ_37_s4_2019-04-03T15;40;42+02;00_rgb_ann_distraction.json,12343,12419,reaching
dmd/gZ/37/s4/gZ_37_s4_2019-04-03T15;40;42+02;00_rgb_ann_distraction.json,13358,13470,reaching
dmd/gZ/37/s4/gZ_37_s4_2019-04-03T15;40;42+02;00_rgb_ann_distraction.json,13818,13875,reaching
dmd/gZ/37/s4/gZ_37_s4_2019-04-03T15;40;42+02;00_rgb_ann_distraction.json,14680,14732,reaching
dmd/gZ/37/s4/gZ_37_s4_2019-04-03T15;40;42+02;00_rgb_ann_distraction.json,14971,15060,reaching
dmd/gZ/37/s4/gZ_37_s4_2019-04-03T15;40;42+02;00_rgb_ann_distraction.json,15330,15385,reaching
dmd/gZ/37/s4/gZ_37_s4_2019-04-03T15;40;42+02;00_rgb_ann_distraction.json,15474,15552,reaching
dmd/gZ/37/s4/gZ_37_s4_2019-04-03T15;40;42+02;00_rgb_ann_distraction.json,15833,15903,reaching
dmd/gZ/37/s3/gZ_37_s3_2019-04-29T12;10;11+02;00_rgb_ann_distraction.json,9,43,safe
dmd/gZ/37/s3/gZ_37_s3_2019-04-29T12;10;11+02;00_rgb_ann_distraction.json,97,685,safe
dmd/gZ/37/s3/gZ_37_s3_2019-04-29T12;10;11+02;00_rgb_ann_distraction.json,844,1272,safe
dmd/gZ/37/s3/gZ_37_s3_2019-04-29T12;10;11+02;00_rgb_ann_distraction.json,799,843,reaching
dmd/gZ/37/s3/gZ_37_s3_2019-04-29T12;10;11+02;00_rgb_ann_distraction.json,1430,1838,reaching
dmd/gZ/37/s3/gZ_37_s3_2019-04-29T12;10;11+02;00_rgb_ann_distraction.json,686,798,reaching
dmd/gZ/37/s3/gZ_37_s3_2019-04-29T12;10;11+02;00_rgb_ann_distraction.json,1273,1429,reaching
dmd/gZ/35/s4/gZ_35_s4_2019-04-02T10;29;19+02;00_rgb_ann_distraction.json,4,128,safe
dmd/gZ/35/s4/gZ_35_s4_2019-04-02T10;29;19+02;00_rgb_ann_distraction.json,152,451,safe
dmd/gZ/35/s4/gZ_35_s4_2019-04-02T10;29;19+02;00_rgb_ann_distraction.json,474,510,safe
dmd/gZ/35/s4/gZ_35_s4_2019-04-02T10;29;19+02;00_rgb_ann_distraction.json,966,1066,safe
dmd/gZ/35/s4/gZ_35_s4_2019-04-02T10;29;19+02;00_rgb_ann_distraction.json,1089,1253,safe
dmd/gZ/35/s4/gZ_35_s4_2019-04-02T10;29;19+02;00_rgb_ann_distraction.json,2337,2641,safe
dmd/gZ/35/s4/gZ_35_s4_2019-04-02T10;29;19+02;00_rgb_ann_distraction.json,3249,3293,safe
dmd/gZ/35/s4/gZ_35_s4_2019-04-02T10;29;19+02;00_rgb_ann_distraction.json,3364,3415,safe
dmd/gZ/35/s4/gZ_35_s4_2019-04-02T10;29;19+02;00_rgb_ann_distraction.json,3705,3823,safe
dmd/gZ/35/s4/gZ_35_s4_2019-04-02T10;29;19+02;00_rgb_ann_distraction.json,3848,4065,safe
dmd/gZ/35/s4/gZ_35_s4_2019-04-02T10;29;19+02;00_rgb_ann_distraction.json,5111,5432,safe
dmd/gZ/35/s4/gZ_35_s4_2019-04-02T10;29;19+02;00_rgb_ann_distraction.json,5967,6292,safe
dmd/gZ/35/s4/gZ_35_s4_2019-04-02T10;29;19+02;00_rgb_ann_distraction.json,6758,6927,safe
dmd/gZ/35/s4/gZ_35_s4_2019-04-02T10;29;19+02;00_rgb_ann_distraction.json,7157,7506,safe
dmd/gZ/35/s4/gZ_35_s4_2019-04-02T10;29;19+02;00_rgb_ann_distraction.json,8740,8781,safe
dmd/gZ/35/s4/gZ_35_s4_2019-04-02T10;29;19+02;00_rgb_ann_distraction.json,8801,9038,safe
dmd/gZ/35/s4/gZ_35_s4_2019-04-02T10;29;19+02;00_rgb_ann_distraction.json,9826,9838,safe
dmd/gZ/35/s4/gZ_35_s4_2019-04-02T10;29;19+02;00_rgb_ann_distraction.json,9869,9891,safe
dmd/gZ/35/s4/gZ_35_s4_2019-04-02T10;29;19+02;00_rgb_ann_distraction.json,9904,9966,safe
dmd/gZ/35/s4/gZ_35_s4_2019-04-02T10;29;19+02;00_rgb_ann_distraction.json,10120,10495,safe
dmd/gZ/35/s4/gZ_35_s4_2019-04-02T10;29;19+02;00_rgb_ann_distraction.json,10519,10564,safe
dmd/gZ/35/s4/gZ_35_s4_2019-04-02T10;29;19+02;00_rgb_ann_distraction.json,11551,11971,safe
dmd/gZ/35/s4/gZ_35_s4_2019-04-02T10;29;19+02;00_rgb_ann_distraction.json,12730,12859,safe
dmd/gZ/35/s4/gZ_35_s4_2019-04-02T10;29;19+02;00_rgb_ann_distraction.json,12885,13038,safe
dmd/gZ/35/s4/gZ_35_s4_2019-04-02T10;29;19+02;00_rgb_ann_distraction.json,13212,13333,safe
dmd/gZ/35/s4/gZ_35_s4_2019-04-02T10;29;19+02;00_rgb_ann_distraction.json,13650,13869,safe
dmd/gZ/35/s4/gZ_35_s4_2019-04-02T10;29;19+02;00_rgb_ann_distraction.json,14074,14315,safe
dmd/gZ/35/s4/gZ_35_s4_2019-04-02T10;29;19+02;00_rgb_ann_distraction.json,14353,14511,safe
dmd/gZ/35/s4/gZ_35_s4_2019-04-02T10;29;19+02;00_rgb_ann_distraction.json,14539,14831,safe
dmd/gZ/35/s4/gZ_35_s4_2019-04-02T10;29;19+02;00_rgb_ann_distraction.json,2689,3206,unsafe
dmd/gZ/35/s4/gZ_35_s4_2019-04-02T10;29;19+02;00_rgb_ann_distraction.json,5482,5925,unsafe
dmd/gZ/35/s4/gZ_35_s4_2019-04-02T10;29;19+02;00_rgb_ann_distraction.json,1293,2301,unsafe
dmd/gZ/35/s4/gZ_35_s4_2019-04-02T10;29;19+02;00_rgb_ann_distraction.json,4105,5067,unsafe
dmd/gZ/35/s4/gZ_35_s4_2019-04-02T10;29;19+02;00_rgb_ann_distraction.json,9163,9797,unsafe
dmd/gZ/35/s4/gZ_35_s4_2019-04-02T10;29;19+02;00_rgb_ann_distraction.json,12077,12668,unsafe
dmd/gZ/35/s4/gZ_35_s4_2019-04-02T10;29;19+02;00_rgb_ann_distraction.json,7566,8688,unsafe
dmd/gZ/35/s4/gZ_35_s4_2019-04-02T10;29;19+02;00_rgb_ann_distraction.json,10588,10744,unsafe
dmd/gZ/35/s4/gZ_35_s4_2019-04-02T10;29;19+02;00_rgb_ann_distraction.json,10761,11103,unsafe
dmd/gZ/35/s4/gZ_35_s4_2019-04-02T10;29;19+02;00_rgb_ann_distraction.json,11125,11513,unsafe
dmd/gZ/35/s4/gZ_35_s4_2019-04-02T10;29;19+02;00_rgb_ann_distraction.json,511,564,reaching
dmd/gZ/35/s4/gZ_35_s4_2019-04-02T10;29;19+02;00_rgb_ann_distraction.json,926,965,reaching
dmd/gZ/35/s4/gZ_35_s4_2019-04-02T10;29;19+02;00_rgb_ann_distraction.json,1254,1292,reaching
dmd/gZ/35/s4/gZ_35_s4_2019-04-02T10;29;19+02;00_rgb_ann_distraction.json,2302,2336,reaching
dmd/gZ/35/s4/gZ_35_s4_2019-04-02T10;29;19+02;00_rgb_ann_distraction.json,2642,2688,reaching
dmd/gZ/35/s4/gZ_35_s4_2019-04-02T10;29;19+02;00_rgb_ann_distraction.json,3207,3248,reaching
dmd/gZ/35/s4/gZ_35_s4_2019-04-02T10;29;19+02;00_rgb_ann_distraction.json,3294,3325,reaching
dmd/gZ/35/s4/gZ_35_s4_2019-04-02T10;29;19+02;00_rgb_ann_distraction.json,3416,3485,reaching
dmd/gZ/35/s4/gZ_35_s4_2019-04-02T10;29;19+02;00_rgb_ann_distraction.json,3654,3704,reaching
dmd/gZ/35/s4/gZ_35_s4_2019-04-02T10;29;19+02;00_rgb_ann_distraction.json,4066,4104,reaching
dmd/gZ/35/s4/gZ_35_s4_2019-04-02T10;29;19+02;00_rgb_ann_distraction.json,5068,5110,reaching
dmd/gZ/35/s4/gZ_35_s4_2019-04-02T10;29;19+02;00_rgb_ann_distraction.json,5433,5481,reaching
dmd/gZ/35/s4/gZ_35_s4_2019-04-02T10;29;19+02;00_rgb_ann_distraction.json,5926,5966,reaching
dmd/gZ/35/s4/gZ_35_s4_2019-04-02T10;29;19+02;00_rgb_ann_distraction.json,6293,6327,reaching
dmd/gZ/35/s4/gZ_35_s4_2019-04-02T10;29;19+02;00_rgb_ann_distraction.json,6719,6757,reaching
dmd/gZ/35/s4/gZ_35_s4_2019-04-02T10;29;19+02;00_rgb_ann_distraction.json,6928,6962,reaching
dmd/gZ/35/s4/gZ_35_s4_2019-04-02T10;29;19+02;00_rgb_ann_distraction.json,7104,7156,reaching
dmd/gZ/35/s4/gZ_35_s4_2019-04-02T10;29;19+02;00_rgb_ann_distraction.json,7507,7552,reaching
dmd/gZ/35/s4/gZ_35_s4_2019-04-02T10;29;19+02;00_rgb_ann_distraction.json,8689,8739,reaching
dmd/gZ/35/s4/gZ_35_s4_2019-04-02T10;29;19+02;00_rgb_ann_distraction.json,9039,9080,reaching
dmd/gZ/35/s4/gZ_35_s4_2019-04-02T10;29;19+02;00_rgb_ann_distraction.json,9798,9825,reaching
dmd/gZ/35/s4/gZ_35_s4_2019-04-02T10;29;19+02;00_rgb_ann_distraction.json,9967,9995,reaching
dmd/gZ/35/s4/gZ_35_s4_2019-04-02T10;29;19+02;00_rgb_ann_distraction.json,10066,10091,reaching
dmd/gZ/35/s4/gZ_35_s4_2019-04-02T10;29;19+02;00_rgb_ann_distraction.json,11514,11550,reaching
dmd/gZ/35/s4/gZ_35_s4_2019-04-02T10;29;19+02;00_rgb_ann_distraction.json,11972,12012,reaching
dmd/gZ/35/s4/gZ_35_s4_2019-04-02T10;29;19+02;00_rgb_ann_distraction.json,12686,12729,reaching
dmd/gZ/35/s4/gZ_35_s4_2019-04-02T10;29;19+02;00_rgb_ann_distraction.json,13039,13073,reaching
dmd/gZ/35/s4/gZ_35_s4_2019-04-02T10;29;19+02;00_rgb_ann_distraction.json,13177,13211,reaching
dmd/gZ/35/s4/gZ_35_s4_2019-04-02T10;29;19+02;00_rgb_ann_distraction.json,13364,13415,reaching
dmd/gZ/35/s4/gZ_35_s4_2019-04-02T10;29;19+02;00_rgb_ann_distraction.json,13608,13649,reaching
dmd/gZ/35/s4/gZ_35_s4_2019-04-02T10;29;19+02;00_rgb_ann_distraction.json,13870,13916,reaching
dmd/gZ/35/s4/gZ_35_s4_2019-04-02T10;29;19+02;00_rgb_ann_distraction.json,14031,14073,reaching
dmd/gZ/35/s4/gZ_35_s4_2019-04-03T10;30;28+02;00_rgb_ann_distraction.json,5,118,safe
dmd/gZ/35/s4/gZ_35_s4_2019-04-03T10;30;28+02;00_rgb_ann_distraction.json,136,492,safe
dmd/gZ/35/s4/gZ_35_s4_2019-04-03T10;30;28+02;00_rgb_ann_distraction.json,511,583,safe
dmd/gZ/35/s4/gZ_35_s4_2019-04-03T10;30;28+02;00_rgb_ann_distraction.json,832,909,safe
dmd/gZ/35/s4/gZ_35_s4_2019-04-03T10;30;28+02;00_rgb_ann_distraction.json,1027,1154,safe
dmd/gZ/35/s4/gZ_35_s4_2019-04-03T10;30;28+02;00_rgb_ann_distraction.json,1170,1189,safe
dmd/gZ/35/s4/gZ_35_s4_2019-04-03T10;30;28+02;00_rgb_ann_distraction.json,1278,1515,safe
dmd/gZ/35/s4/gZ_35_s4_2019-04-03T10;30;28+02;00_rgb_ann_distraction.json,2565,2772,safe
dmd/gZ/35/s4/gZ_35_s4_2019-04-03T10;30;28+02;00_rgb_ann_distraction.json,3465,3495,safe
dmd/gZ/35/s4/gZ_35_s4_2019-04-03T10;30;28+02;00_rgb_ann_distraction.json,3518,3650,safe
dmd/gZ/35/s4/gZ_35_s4_2019-04-03T10;30;28+02;00_rgb_ann_distraction.json,3695,3724,safe
dmd/gZ/35/s4/gZ_35_s4_2019-04-03T10;30;28+02;00_rgb_ann_distraction.json,3980,4110,safe
dmd/gZ/35/s4/gZ_35_s4_2019-04-03T10;30;28+02;00_rgb_ann_distraction.json,4152,4364,safe
dmd/gZ/35/s4/gZ_35_s4_2019-04-03T10;30;28+02;00_rgb_ann_distraction.json,5455,5671,safe
dmd/gZ/35/s4/gZ_35_s4_2019-04-03T10;30;28+02;00_rgb_ann_distraction.json,6216,6411,safe
dmd/gZ/35/s4/gZ_35_s4_2019-04-03T10;30;28+02;00_rgb_ann_distraction.json,6649,6727,safe
dmd/gZ/35/s4/gZ_35_s4_2019-04-03T10;30;28+02;00_rgb_ann_distraction.json,6766,6799,safe
dmd/gZ/35/s4/gZ_35_s4_2019-04-03T10;30;28+02;00_rgb_ann_distraction.json,6845,7080,safe
dmd/gZ/35/s4/gZ_35_s4_2019-04-03T10;30;28+02;00_rgb_ann_distraction.json,7403,7439,safe
dmd/gZ/35/s4/gZ_35_s4_2019-04-03T10;30;28+02;00_rgb_ann_distraction.json,7469,7945,safe
dmd/gZ/35/s4/gZ_35_s4_2019-04-03T10;30;28+02;00_rgb_ann_distraction.json,9741,10085,safe
dmd/gZ/35/s4/gZ_35_s4_2019-04-03T10;30;28+02;00_rgb_ann_distraction.json,10713,10834,safe
dmd/gZ/35/s4/gZ_35_s4_2019-04-03T10;30;28+02;00_rgb_ann_distraction.json,11117,11139,safe
dmd/gZ/35/s4/gZ_35_s4_2019-04-03T10;30;28+02;00_rgb_ann_distraction.json,11162,11258,safe
dmd/gZ/35/s4/gZ_35_s4_2019-04-03T10;30;28+02;00_rgb_ann_distraction.json,11293,11420,safe
dmd/gZ/35/s4/gZ_35_s4_2019-04-03T10;30;28+02;00_rgb_ann_distraction.json,11447,11554,safe
dmd/gZ/35/s4/gZ_35_s4_2019-04-03T10;30;28+02;00_rgb_ann_distraction.json,12876,13114,safe
dmd/gZ/35/s4/gZ_35_s4_2019-04-03T10;30;28+02;00_rgb_ann_distraction.json,13971,14044,safe
dmd/gZ/35/s4/gZ_35_s4_2019-04-03T10;30;28+02;00_rgb_ann_distraction.json,14128,14191,safe
dmd/gZ/35/s4/gZ_35_s4_2019-04-03T10;30;28+02;00_rgb_ann_distraction.json,14583,14658,safe
dmd/gZ/35/s4/gZ_35_s4_2019-04-03T10;30;28+02;00_rgb_ann_distraction.json,14677,14891,safe
dmd/gZ/35/s4/gZ_35_s4_2019-04-03T10;30;28+02;00_rgb_ann_distraction.json,15167,15402,safe
dmd/gZ/35/s4/gZ_35_s4_2019-04-03T10;30;28+02;00_rgb_ann_distraction.json,2850,3185,unsafe
dmd/gZ/35/s4/gZ_35_s4_2019-04-03T10;30;28+02;00_rgb_ann_distraction.json,3281,3429,unsafe
dmd/gZ/35/s4/gZ_35_s4_2019-04-03T10;30;28+02;00_rgb_ann_distraction.json,5728,6157,unsafe
dmd/gZ/35/s4/gZ_35_s4_2019-04-03T10;30;28+02;00_rgb_ann_distraction.json,1569,2503,unsafe
dmd/gZ/35/s4/gZ_35_s4_2019-04-03T10;30;28+02;00_rgb_ann_distraction.json,4419,5402,unsafe
dmd/gZ/35/s4/gZ_35_s4_2019-04-03T10;30;28+02;00_rgb_ann_distraction.json,10171,10183,unsafe
dmd/gZ/35/s4/gZ_35_s4_2019-04-03T10;30;28+02;00_rgb_ann_distraction.json,10204,10649,unsafe
dmd/gZ/35/s4/gZ_35_s4_2019-04-03T10;30;28+02;00_rgb_ann_distraction.json,13251,13902,unsafe
dmd/gZ/35/s4/gZ_35_s4_2019-04-03T10;30;28+02;00_rgb_ann_distraction.json,8072,8156,unsafe
dmd/gZ/35/s4/gZ_35_s4_2019-04-03T10;30;28+02;00_rgb_ann_distraction.json,8180,8233,unsafe
dmd/gZ/35/s4/gZ_35_s4_2019-04-03T10;30;28+02;00_rgb_ann_distraction.json,8260,8296,unsafe
dmd/gZ/35/s4/gZ_35_s4_2019-04-03T10;30;28+02;00_rgb_ann_distraction.json,8317,8417,unsafe
dmd/gZ/35/s4/gZ_35_s4_2019-04-03T10;30;28+02;00_rgb_ann_distraction.json,8435,8636,unsafe
dmd/gZ/35/s4/gZ_35_s4_2019-04-03T10;30;28+02;00_rgb_ann_distraction.json,8661,8786,unsafe
dmd/gZ/35/s4/gZ_35_s4_2019-04-03T10;30;28+02;00_rgb_ann_distraction.json,8806,9693,unsafe
dmd/gZ/35/s4/gZ_35_s4_2019-04-03T10;30;28+02;00_rgb_ann_distraction.json,11645,12772,unsafe
dmd/gZ/35/s4/gZ_35_s4_2019-04-03T10;30;28+02;00_rgb_ann_distraction.json,630,667,reaching
dmd/gZ/35/s4/gZ_35_s4_2019-04-03T10;30;28+02;00_rgb_ann_distraction.json,969,1026,reaching
dmd/gZ/35/s4/gZ_35_s4_2019-04-03T10;30;28+02;00_rgb_ann_distraction.json,1516,1568,reaching
dmd/gZ/35/s4/gZ_35_s4_2019-04-03T10;30;28+02;00_rgb_ann_distraction.json,2504,2536,reaching
dmd/gZ/35/s4/gZ_35_s4_2019-04-03T10;30;28+02;00_rgb_ann_distraction.json,2794,2849,reaching
dmd/gZ/35/s4/gZ_35_s4_2019-04-03T10;30;28+02;00_rgb_ann_distraction.json,3186,3200,reaching
dmd/gZ/35/s4/gZ_35_s4_2019-04-03T10;30;28+02;00_rgb_ann_distraction.json,3229,3280,reaching
dmd/gZ/35/s4/gZ_35_s4_2019-04-03T10;30;28+02;00_rgb_ann_distraction.json,3430,3464,reaching
dmd/gZ/35/s4/gZ_35_s4_2019-04-03T10;30;28+02;00_rgb_ann_distraction.json,3725,3780,reaching
dmd/gZ/35/s4/gZ_35_s4_2019-04-03T10;30;28+02;00_rgb_ann_distraction.json,3932,3979,reaching
dmd/gZ/35/s4/gZ_35_s4_2019-04-03T10;30;28+02;00_rgb_ann_distraction.json,4365,4418,reaching
dmd/gZ/35/s4/gZ_35_s4_2019-04-03T10;30;28+02;00_rgb_ann_distraction.json,5403,5454,reaching
dmd/gZ/35/s4/gZ_35_s4_2019-04-03T10;30;28+02;00_rgb_ann_distraction.json,5672,5727,reaching
dmd/gZ/35/s4/gZ_35_s4_2019-04-03T10;30;28+02;00_rgb_ann_distraction.json,6158,6215,reaching
dmd/gZ/35/s4/gZ_35_s4_2019-04-03T10;30;28+02;00_rgb_ann_distraction.json,6412,6444,reaching
dmd/gZ/35/s4/gZ_35_s4_2019-04-03T10;30;28+02;00_rgb_ann_distraction.json,6800,6844,reaching
dmd/gZ/35/s4/gZ_35_s4_2019-04-03T10;30;28+02;00_rgb_ann_distraction.json,7081,7154,reaching
dmd/gZ/35/s4/gZ_35_s4_2019-04-03T10;30;28+02;00_rgb_ann_distraction.json,7312,7360,reaching
dmd/gZ/35/s4/gZ_35_s4_2019-04-03T10;30;28+02;00_rgb_ann_distraction.json,7975,8037,reaching
dmd/gZ/35/s4/gZ_35_s4_2019-04-03T10;30;28+02;00_rgb_ann_distraction.json,9694,9740,reaching
dmd/gZ/35/s4/gZ_35_s4_2019-04-03T10;30;28+02;00_rgb_ann_distraction.json,10086,10132,reaching
dmd/gZ/35/s4/gZ_35_s4_2019-04-03T10;30;28+02;00_rgb_ann_distraction.json,10671,10712,reaching
dmd/gZ/35/s4/gZ_35_s4_2019-04-03T10;30;28+02;00_rgb_ann_distraction.json,10870,10949,reaching
dmd/gZ/35/s4/gZ_35_s4_2019-04-03T10;30;28+02;00_rgb_ann_distraction.json,11074,11116,reaching
dmd/gZ/35/s4/gZ_35_s4_2019-04-03T10;30;28+02;00_rgb_ann_distraction.json,11555,11600,reaching
dmd/gZ/35/s4/gZ_35_s4_2019-04-03T10;30;28+02;00_rgb_ann_distraction.json,12826,12875,reaching
dmd/gZ/35/s4/gZ_35_s4_2019-04-03T10;30;28+02;00_rgb_ann_distraction.json,13149,13203,reaching
dmd/gZ/35/s4/gZ_35_s4_2019-04-03T10;30;28+02;00_rgb_ann_distraction.json,13929,13970,reaching
dmd/gZ/35/s4/gZ_35_s4_2019-04-03T10;30;28+02;00_rgb_ann_distraction.json,14192,14239,reaching
dmd/gZ/35/s4/gZ_35_s4_2019-04-03T10;30;28+02;00_rgb_ann_distraction.json,14545,14582,reaching
dmd/gZ/35/s4/gZ_35_s4_2019-04-03T10;30;28+02;00_rgb_ann_distraction.json,14892,14949,reaching
dmd/gZ/35/s4/gZ_35_s4_2019-04-03T10;30;28+02;00_rgb_ann_distraction.json,15130,15166,reaching
dmd/gZ/35/s2/gZ_35_s2_2019-04-09T12;50;14+02;00_rgb_ann_distraction.json,4,675,safe
dmd/gZ/35/s2/gZ_35_s2_2019-04-09T12;50;14+02;00_rgb_ann_distraction.json,1138,1540,safe
dmd/gZ/35/s2/gZ_35_s2_2019-04-09T12;50;14+02;00_rgb_ann_distraction.json,2856,3777,safe
dmd/gZ/35/s2/gZ_35_s2_2019-04-09T12;50;14+02;00_rgb_ann_distraction.json,4374,4639,safe
dmd/gZ/35/s2/gZ_35_s2_2019-04-09T12;50;14+02;00_rgb_ann_distraction.json,5857,6362,safe
dmd/gZ/35/s2/gZ_35_s2_2019-04-09T12;50;14+02;00_rgb_ann_distraction.json,6912,7123,safe
dmd/gZ/35/s2/gZ_35_s2_2019-04-09T12;50;14+02;00_rgb_ann_distraction.json,7624,7879,safe
dmd/gZ/35/s2/gZ_35_s2_2019-04-09T12;50;14+02;00_rgb_ann_distraction.json,9195,9236,safe
dmd/gZ/35/s2/gZ_35_s2_2019-04-09T12;50;14+02;00_rgb_ann_distraction.json,9288,9390,safe
dmd/gZ/35/s2/gZ_35_s2_2019-04-09T12;50;14+02;00_rgb_ann_distraction.json,9954,10223,safe
dmd/gZ/35/s2/gZ_35_s2_2019-04-09T12;50;14+02;00_rgb_ann_distraction.json,11330,11489,safe
dmd/gZ/35/s2/gZ_35_s2_2019-04-09T12;50;14+02;00_rgb_ann_distraction.json,12094,12306,safe
dmd/gZ/35/s2/gZ_35_s2_2019-04-09T12;50;14+02;00_rgb_ann_distraction.json,12736,12780,safe
dmd/gZ/35/s2/gZ_35_s2_2019-04-09T12;50;14+02;00_rgb_ann_distraction.json,12808,12950,safe
dmd/gZ/35/s2/gZ_35_s2_2019-04-09T12;50;14+02;00_rgb_ann_distraction.json,3865,4333,unsafe
dmd/gZ/35/s2/gZ_35_s2_2019-04-09T12;50;14+02;00_rgb_ann_distraction.json,6409,6857,unsafe
dmd/gZ/35/s2/gZ_35_s2_2019-04-09T12;50;14+02;00_rgb_ann_distraction.json,1588,2814,unsafe
dmd/gZ/35/s2/gZ_35_s2_2019-04-09T12;50;14+02;00_rgb_ann_distraction.json,4695,5827,unsafe
dmd/gZ/35/s2/gZ_35_s2_2019-04-09T12;50;14+02;00_rgb_ann_distraction.json,9442,9902,unsafe
dmd/gZ/35/s2/gZ_35_s2_2019-04-09T12;50;14+02;00_rgb_ann_distraction.json,11545,12018,unsafe
dmd/gZ/35/s2/gZ_35_s2_2019-04-09T12;50;14+02;00_rgb_ann_distraction.json,7920,9079,unsafe
dmd/gZ/35/s2/gZ_35_s2_2019-04-09T12;50;14+02;00_rgb_ann_distraction.json,10304,11277,unsafe
dmd/gZ/35/s2/gZ_35_s2_2019-04-09T12;50;14+02;00_rgb_ann_distraction.json,676,874,reaching
dmd/gZ/35/s2/gZ_35_s2_2019-04-09T12;50;14+02;00_rgb_ann_distraction.json,1086,1137,reaching
dmd/gZ/35/s2/gZ_35_s2_2019-04-09T12;50;14+02;00_rgb_ann_distraction.json,1541,1587,reaching
dmd/gZ/35/s2/gZ_35_s2_2019-04-09T12;50;14+02;00_rgb_ann_distraction.json,2815,2855,reaching
dmd/gZ/35/s2/gZ_35_s2_2019-04-09T12;50;14+02;00_rgb_ann_distraction.json,3778,3864,reaching
dmd/gZ/35/s2/gZ_35_s2_2019-04-09T12;50;14+02;00_rgb_ann_distraction.json,4334,4373,reaching
dmd/gZ/35/s2/gZ_35_s2_2019-04-09T12;50;14+02;00_rgb_ann_distraction.json,4640,4694,reaching
dmd/gZ/35/s2/gZ_35_s2_2019-04-09T12;50;14+02;00_rgb_ann_distraction.json,5828,5856,reaching
dmd/gZ/35/s2/gZ_35_s2_2019-04-09T12;50;14+02;00_rgb_ann_distraction.json,6363,6408,reaching
dmd/gZ/35/s2/gZ_35_s2_2019-04-09T12;50;14+02;00_rgb_ann_distraction.json,6858,6911,reaching
dmd/gZ/35/s2/gZ_35_s2_2019-04-09T12;50;14+02;00_rgb_ann_distraction.json,7124,7281,reaching
dmd/gZ/35/s2/gZ_35_s2_2019-04-09T12;50;14+02;00_rgb_ann_distraction.json,7522,7623,reaching
dmd/gZ/35/s2/gZ_35_s2_2019-04-09T12;50;14+02;00_rgb_ann_distraction.json,7880,7908,reaching
dmd/gZ/35/s2/gZ_35_s2_2019-04-09T12;50;14+02;00_rgb_ann_distraction.json,9094,9148,reaching
dmd/gZ/35/s2/gZ_35_s2_2019-04-09T12;50;14+02;00_rgb_ann_distraction.json,9391,9418,reaching
dmd/gZ/35/s2/gZ_35_s2_2019-04-09T12;50;14+02;00_rgb_ann_distraction.json,9903,9953,reaching
dmd/gZ/35/s2/gZ_35_s2_2019-04-09T12;50;14+02;00_rgb_ann_distraction.json,10224,10303,reaching
dmd/gZ/35/s2/gZ_35_s2_2019-04-09T12;50;14+02;00_rgb_ann_distraction.json,11278,11329,reaching
dmd/gZ/35/s2/gZ_35_s2_2019-04-09T12;50;14+02;00_rgb_ann_distraction.json,11490,11544,reaching
dmd/gZ/35/s2/gZ_35_s2_2019-04-09T12;50;14+02;00_rgb_ann_distraction.json,12019,12065,reaching
dmd/gZ/35/s2/gZ_35_s2_2019-04-09T12;50;14+02;00_rgb_ann_distraction.json,12307,12419,reaching
dmd/gZ/35/s2/gZ_35_s2_2019-04-09T12;50;14+02;00_rgb_ann_distraction.json,12675,12735,reaching
dmd/gZ/35/s2/gZ_35_s2_2019-04-09T15;39;24+02;00_rgb_ann_distraction.json,2,582,safe
dmd/gZ/35/s2/gZ_35_s2_2019-04-09T15;39;24+02;00_rgb_ann_distraction.json,980,1304,safe
dmd/gZ/35/s2/gZ_35_s2_2019-04-09T15;39;24+02;00_rgb_ann_distraction.json,2420,2692,safe
dmd/gZ/35/s2/gZ_35_s2_2019-04-09T15;39;24+02;00_rgb_ann_distraction.json,3276,3609,safe
dmd/gZ/35/s2/gZ_35_s2_2019-04-09T15;39;24+02;00_rgb_ann_distraction.json,4572,4603,safe
dmd/gZ/35/s2/gZ_35_s2_2019-04-09T15;39;24+02;00_rgb_ann_distraction.json,4799,4813,safe
dmd/gZ/35/s2/gZ_35_s2_2019-04-09T15;39;24+02;00_rgb_ann_distraction.json,5287,5580,safe
dmd/gZ/35/s2/gZ_35_s2_2019-04-09T15;39;24+02;00_rgb_ann_distraction.json,5958,6349,safe
dmd/gZ/35/s2/gZ_35_s2_2019-04-09T15;39;24+02;00_rgb_ann_distraction.json,7564,7869,safe
dmd/gZ/35/s2/gZ_35_s2_2019-04-09T15;39;24+02;00_rgb_ann_distraction.json,8510,8770,safe
dmd/gZ/35/s2/gZ_35_s2_2019-04-09T15;39;24+02;00_rgb_ann_distraction.json,10274,10322,safe
dmd/gZ/35/s2/gZ_35_s2_2019-04-09T15;39;24+02;00_rgb_ann_distraction.json,10345,10556,safe
dmd/gZ/35/s2/gZ_35_s2_2019-04-09T15;39;24+02;00_rgb_ann_distraction.json,10955,10986,safe
dmd/gZ/35/s2/gZ_35_s2_2019-04-09T15;39;24+02;00_rgb_ann_distraction.json,11024,11353,safe
dmd/gZ/35/s2/gZ_35_s2_2019-04-09T15;39;24+02;00_rgb_ann_distraction.json,11729,11748,safe
dmd/gZ/35/s2/gZ_35_s2_2019-04-09T15;39;24+02;00_rgb_ann_distraction.json,11795,11824,safe
dmd/gZ/35/s2/gZ_35_s2_2019-04-09T15;39;24+02;00_rgb_ann_distraction.json,11865,11892,safe
dmd/gZ/35/s2/gZ_35_s2_2019-04-09T15;39;24+02;00_rgb_ann_distraction.json,2726,3238,unsafe
dmd/gZ/35/s2/gZ_35_s2_2019-04-09T15;39;24+02;00_rgb_ann_distraction.json,4843,5246,unsafe
dmd/gZ/35/s2/gZ_35_s2_2019-04-09T15;39;24+02;00_rgb_ann_distraction.json,1347,2389,unsafe
dmd/gZ/35/s2/gZ_35_s2_2019-04-09T15;39;24+02;00_rgb_ann_distraction.json,3654,4475,unsafe
dmd/gZ/35/s2/gZ_35_s2_2019-04-09T15;39;24+02;00_rgb_ann_distraction.json,7913,8470,unsafe
dmd/gZ/35/s2/gZ_35_s2_2019-04-09T15;39;24+02;00_rgb_ann_distraction.json,10596,10915,unsafe
dmd/gZ/35/s2/gZ_35_s2_2019-04-09T15;39;24+02;00_rgb_ann_distraction.json,6389,7528,unsafe
dmd/gZ/35/s2/gZ_35_s2_2019-04-09T15;39;24+02;00_rgb_ann_distraction.json,8843,10230,unsafe
dmd/gZ/35/s2/gZ_35_s2_2019-04-09T15;39;24+02;00_rgb_ann_distraction.json,583,734,reaching
dmd/gZ/35/s2/gZ_35_s2_2019-04-09T15;39;24+02;00_rgb_ann_distraction.json,936,979,reaching
dmd/gZ/35/s2/gZ_35_s2_2019-04-09T15;39;24+02;00_rgb_ann_distraction.json,1305,1346,reaching
dmd/gZ/35/s2/gZ_35_s2_2019-04-09T15;39;24+02;00_rgb_ann_distraction.json,2390,2419,reaching
dmd/gZ/35/s2/gZ_35_s2_2019-04-09T15;39;24+02;00_rgb_ann_distraction.json,2693,2725,reaching
dmd/gZ/35/s2/gZ_35_s2_2019-04-09T15;39;24+02;00_rgb_ann_distraction.json,3239,3275,reaching
dmd/gZ/35/s2/gZ_35_s2_2019-04-09T15;39;24+02;00_rgb_ann_distraction.json,3610,3653,reaching
dmd/gZ/35/s2/gZ_35_s2_2019-04-09T15;39;24+02;00_rgb_ann_distraction.json,4476,4512,reaching
dmd/gZ/35/s2/gZ_35_s2_2019-04-09T15;39;24+02;00_rgb_ann_distraction.json,4814,4842,reaching
dmd/gZ/35/s2/gZ_35_s2_2019-04-09T15;39;24+02;00_rgb_ann_distraction.json,5247,5286,reaching
dmd/gZ/35/s2/gZ_35_s2_2019-04-09T15;39;24+02;00_rgb_ann_distraction.json,5581,5714,reaching
dmd/gZ/35/s2/gZ_35_s2_2019-04-09T15;39;24+02;00_rgb_ann_distraction.json,5866,5919,reaching
dmd/gZ/35/s2/gZ_35_s2_2019-04-09T15;39;24+02;00_rgb_ann_distraction.json,6350,6374,reaching
dmd/gZ/35/s2/gZ_35_s2_2019-04-09T15;39;24+02;00_rgb_ann_distraction.json,7529,7563,reaching
dmd/gZ/35/s2/gZ_35_s2_2019-04-09T15;39;24+02;00_rgb_ann_distraction.json,7870,7912,reaching
dmd/gZ/35/s2/gZ_35_s2_2019-04-09T15;39;24+02;00_rgb_ann_distraction.json,8471,8509,reaching
dmd/gZ/35/s2/gZ_35_s2_2019-04-09T15;39;24+02;00_rgb_ann_distraction.json,8771,8842,reaching
dmd/gZ/35/s2/gZ_35_s2_2019-04-09T15;39;24+02;00_rgb_ann_distraction.json,10231,10273,reaching
dmd/gZ/35/s2/gZ_35_s2_2019-04-09T15;39;24+02;00_rgb_ann_distraction.json,10557,10595,reaching
dmd/gZ/35/s2/gZ_35_s2_2019-04-09T15;39;24+02;00_rgb_ann_distraction.json,10916,10954,reaching
dmd/gZ/35/s2/gZ_35_s2_2019-04-09T15;39;24+02;00_rgb_ann_distraction.json,11354,11452,reaching
dmd/gZ/35/s2/gZ_35_s2_2019-04-09T15;39;24+02;00_rgb_ann_distraction.json,11678,11728,reaching
dmd/gZ/35/s3/gZ_35_s3_2019-04-04T10;24;51+02;00_rgb_ann_distraction.json,5,707,safe
dmd/gZ/35/s3/gZ_35_s3_2019-04-04T10;24;51+02;00_rgb_ann_distraction.json,858,944,safe
dmd/gZ/35/s3/gZ_35_s3_2019-04-04T10;24;51+02;00_rgb_ann_distraction.json,1039,1288,safe
dmd/gZ/35/s3/gZ_35_s3_2019-04-04T10;24;51+02;00_rgb_ann_distraction.json,1469,1820,safe
dmd/gZ/35/s3/gZ_35_s3_2019-04-04T10;24;51+02;00_rgb_ann_distraction.json,989,1038,reaching
dmd/gZ/35/s3/gZ_35_s3_2019-04-04T10;24;51+02;00_rgb_ann_distraction.json,1420,1468,reaching
dmd/gZ/35/s3/gZ_35_s3_2019-04-04T10;24;51+02;00_rgb_ann_distraction.json,708,814,reaching
dmd/gZ/35/s3/gZ_35_s3_2019-04-04T10;24;51+02;00_rgb_ann_distraction.json,1289,1419,reaching
dmd/gZ/35/s3/gZ_35_s3_2019-04-04T15;50;13+02;00_rgb_ann_distraction.json,2,704,safe
dmd/gZ/35/s3/gZ_35_s3_2019-04-04T15;50;13+02;00_rgb_ann_distraction.json,877,1249,safe
dmd/gZ/35/s3/gZ_35_s3_2019-04-04T15;50;13+02;00_rgb_ann_distraction.json,1415,1824,safe
dmd/gZ/35/s3/gZ_35_s3_2019-04-04T15;50;13+02;00_rgb_ann_distraction.json,822,876,reaching
dmd/gZ/35/s3/gZ_35_s3_2019-04-04T15;50;13+02;00_rgb_ann_distraction.json,1382,1414,reaching
dmd/gZ/35/s3/gZ_35_s3_2019-04-04T15;50;13+02;00_rgb_ann_distraction.json,705,821,reaching
dmd/gZ/35/s3/gZ_35_s3_2019-04-04T15;50;13+02;00_rgb_ann_distraction.json,1250,1381,reaching
dmd/gZ/35/s1/gZ_35_s1_2019-04-09T12;58;35+02;00_rgb_ann_distraction.json,0,367,safe
dmd/gZ/35/s1/gZ_35_s1_2019-04-09T12;58;35+02;00_rgb_ann_distraction.json,813,1122,safe
dmd/gZ/35/s1/gZ_35_s1_2019-04-09T12;58;35+02;00_rgb_ann_distraction.json,1439,1712,safe
dmd/gZ/35/s1/gZ_35_s1_2019-04-09T12;58;35+02;00_rgb_ann_distraction.json,1770,1813,safe
dmd/gZ/35/s1/gZ_35_s1_2019-04-09T12;58;35+02;00_rgb_ann_distraction.json,1871,1919,safe
dmd/gZ/35/s1/gZ_35_s1_2019-04-09T12;58;35+02;00_rgb_ann_distraction.json,1989,2024,safe
dmd/gZ/35/s1/gZ_35_s1_2019-04-09T12;58;35+02;00_rgb_ann_distraction.json,2112,2168,safe
dmd/gZ/35/s1/gZ_35_s1_2019-04-09T12;58;35+02;00_rgb_ann_distraction.json,2519,2566,safe
dmd/gZ/35/s1/gZ_35_s1_2019-04-09T12;58;35+02;00_rgb_ann_distraction.json,2649,2872,safe
dmd/gZ/35/s1/gZ_35_s1_2019-04-09T12;58;35+02;00_rgb_ann_distraction.json,3201,3387,safe
dmd/gZ/35/s1/gZ_35_s1_2019-04-09T12;58;35+02;00_rgb_ann_distraction.json,3888,4196,safe
dmd/gZ/35/s1/gZ_35_s1_2019-04-09T12;58;35+02;00_rgb_ann_distraction.json,4531,4634,safe
dmd/gZ/35/s1/gZ_35_s1_2019-04-09T12;58;35+02;00_rgb_ann_distraction.json,4664,4780,safe
dmd/gZ/35/s1/gZ_35_s1_2019-04-09T12;58;35+02;00_rgb_ann_distraction.json,5161,5218,safe
dmd/gZ/35/s1/gZ_35_s1_2019-04-09T12;58;35+02;00_rgb_ann_distraction.json,5253,5297,safe
dmd/gZ/35/s1/gZ_35_s1_2019-04-09T12;58;35+02;00_rgb_ann_distraction.json,5320,5364,safe
dmd/gZ/35/s1/gZ_35_s1_2019-04-09T12;58;35+02;00_rgb_ann_distraction.json,5388,5431,safe
dmd/gZ/35/s1/gZ_35_s1_2019-04-09T12;58;35+02;00_rgb_ann_distraction.json,5518,5789,safe
dmd/gZ/35/s1/gZ_35_s1_2019-04-09T12;58;35+02;00_rgb_ann_distraction.json,5825,6094,safe
dmd/gZ/35/s1/gZ_35_s1_2019-04-09T12;58;35+02;00_rgb_ann_distraction.json,6400,6524,safe
dmd/gZ/35/s1/gZ_35_s1_2019-04-09T12;58;35+02;00_rgb_ann_distraction.json,368,812,unsafe
dmd/gZ/35/s1/gZ_35_s1_2019-04-09T12;58;35+02;00_rgb_ann_distraction.json,3388,3887,unsafe
dmd/gZ/35/s1/gZ_35_s1_2019-04-09T12;58;35+02;00_rgb_ann_distraction.json,1123,1164,reaching
dmd/gZ/35/s1/gZ_35_s1_2019-04-09T12;58;35+02;00_rgb_ann_distraction.json,1385,1438,reaching
dmd/gZ/35/s1/gZ_35_s1_2019-04-09T12;58;35+02;00_rgb_ann_distraction.json,2873,2915,reaching
dmd/gZ/35/s1/gZ_35_s1_2019-04-09T12;58;35+02;00_rgb_ann_distraction.json,3132,3167,reaching
dmd/gZ/35/s1/gZ_35_s1_2019-04-09T12;58;35+02;00_rgb_ann_distraction.json,4197,4238,reaching
dmd/gZ/35/s1/gZ_35_s1_2019-04-09T12;58;35+02;00_rgb_ann_distraction.json,4463,4493,reaching
dmd/gZ/35/s1/gZ_35_s1_2019-04-09T12;58;35+02;00_rgb_ann_distraction.json,6095,6133,reaching
dmd/gZ/35/s1/gZ_35_s1_2019-04-09T12;58;35+02;00_rgb_ann_distraction.json,6355,6399,reaching
dmd/gZ/35/s1/gZ_35_s1_2019-04-09T12;58;35+02;00_rgb_ann_distraction.json,1713,1769,unsafe
dmd/gZ/35/s1/gZ_35_s1_2019-04-09T12;58;35+02;00_rgb_ann_distraction.json,1814,1870,unsafe
dmd/gZ/35/s1/gZ_35_s1_2019-04-09T12;58;35+02;00_rgb_ann_distraction.json,1920,1988,unsafe
dmd/gZ/35/s1/gZ_35_s1_2019-04-09T12;58;35+02;00_rgb_ann_distraction.json,2025,2111,unsafe
dmd/gZ/35/s1/gZ_35_s1_2019-04-09T12;58;35+02;00_rgb_ann_distraction.json,2169,2518,unsafe
dmd/gZ/35/s1/gZ_35_s1_2019-04-09T12;58;35+02;00_rgb_ann_distraction.json,2567,2648,unsafe
dmd/gZ/35/s1/gZ_35_s1_2019-04-09T12;58;35+02;00_rgb_ann_distraction.json,4781,5160,unsafe
dmd/gZ/35/s1/gZ_35_s1_2019-04-09T12;58;35+02;00_rgb_ann_distraction.json,5219,5252,unsafe
dmd/gZ/35/s1/gZ_35_s1_2019-04-09T12;58;35+02;00_rgb_ann_distraction.json,5298,5319,unsafe
dmd/gZ/35/s1/gZ_35_s1_2019-04-09T12;58;35+02;00_rgb_ann_distraction.json,5432,5517,unsafe
dmd/gZ/35/s1/gZ_35_s1_2019-04-09T15;47;04+02;00_rgb_ann_distraction.json,2,531,safe
dmd/gZ/35/s1/gZ_35_s1_2019-04-09T15;47;04+02;00_rgb_ann_distraction.json,1049,1283,safe
dmd/gZ/35/s1/gZ_35_s1_2019-04-09T15;47;04+02;00_rgb_ann_distraction.json,1523,1625,safe
dmd/gZ/35/s1/gZ_35_s1_2019-04-09T15;47;04+02;00_rgb_ann_distraction.json,1655,1852,safe
dmd/gZ/35/s1/gZ_35_s1_2019-04-09T15;47;04+02;00_rgb_ann_distraction.json,1918,1946,safe
dmd/gZ/35/s1/gZ_35_s1_2019-04-09T15;47;04+02;00_rgb_ann_distraction.json,1990,2036,safe
dmd/gZ/35/s1/gZ_35_s1_2019-04-09T15;47;04+02;00_rgb_ann_distraction.json,2139,2170,safe
dmd/gZ/35/s1/gZ_35_s1_2019-04-09T15;47;04+02;00_rgb_ann_distraction.json,2200,2222,safe
dmd/gZ/35/s1/gZ_35_s1_2019-04-09T15;47;04+02;00_rgb_ann_distraction.json,2298,2326,safe
dmd/gZ/35/s1/gZ_35_s1_2019-04-09T15;47;04+02;00_rgb_ann_distraction.json,2346,2809,safe
dmd/gZ/35/s1/gZ_35_s1_2019-04-09T15;47;04+02;00_rgb_ann_distraction.json,3127,3284,safe
dmd/gZ/35/s1/gZ_35_s1_2019-04-09T15;47;04+02;00_rgb_ann_distraction.json,3821,3989,safe
dmd/gZ/35/s1/gZ_35_s1_2019-04-09T15;47;04+02;00_rgb_ann_distraction.json,4244,4326,safe
dmd/gZ/35/s1/gZ_35_s1_2019-04-09T15;47;04+02;00_rgb_ann_distraction.json,4356,4457,safe
dmd/gZ/35/s1/gZ_35_s1_2019-04-09T15;47;04+02;00_rgb_ann_distraction.json,4557,4584,safe
dmd/gZ/35/s1/gZ_35_s1_2019-04-09T15;47;04+02;00_rgb_ann_distraction.json,4627,4732,safe
dmd/gZ/35/s1/gZ_35_s1_2019-04-09T15;47;04+02;00_rgb_ann_distraction.json,4831,4953,safe
dmd/gZ/35/s1/gZ_35_s1_2019-04-09T15;47;04+02;00_rgb_ann_distraction.json,4994,5055,safe
dmd/gZ/35/s1/gZ_35_s1_2019-04-09T15;47;04+02;00_rgb_ann_distraction.json,5076,5292,safe
dmd/gZ/35/s1/gZ_35_s1_2019-04-09T15;47;04+02;00_rgb_ann_distraction.json,5556,5842,safe
dmd/gZ/35/s1/gZ_35_s1_2019-04-09T15;47;04+02;00_rgb_ann_distraction.json,532,1048,unsafe
dmd/gZ/35/s1/gZ_35_s1_2019-04-09T15;47;04+02;00_rgb_ann_distraction.json,3285,3820,unsafe
dmd/gZ/35/s1/gZ_35_s1_2019-04-09T15;47;04+02;00_rgb_ann_distraction.json,1284,1321,reaching
dmd/gZ/35/s1/gZ_35_s1_2019-04-09T15;47;04+02;00_rgb_ann_distraction.json,1485,1522,reaching
dmd/gZ/35/s1/gZ_35_s1_2019-04-09T15;47;04+02;00_rgb_ann_distraction.json,2810,2845,reaching
dmd/gZ/35/s1/gZ_35_s1_2019-04-09T15;47;04+02;00_rgb_ann_distraction.json,3082,3126,reaching
dmd/gZ/35/s1/gZ_35_s1_2019-04-09T15;47;04+02;00_rgb_ann_distraction.json,3990,4026,reaching
dmd/gZ/35/s1/gZ_35_s1_2019-04-09T15;47;04+02;00_rgb_ann_distraction.json,4208,4243,reaching
dmd/gZ/35/s1/gZ_35_s1_2019-04-09T15;47;04+02;00_rgb_ann_distraction.json,5293,5332,reaching
dmd/gZ/35/s1/gZ_35_s1_2019-04-09T15;47;04+02;00_rgb_ann_distraction.json,5514,5555,reaching
dmd/gZ/35/s1/gZ_35_s1_2019-04-09T15;47;04+02;00_rgb_ann_distraction.json,1853,1917,unsafe
dmd/gZ/35/s1/gZ_35_s1_2019-04-09T15;47;04+02;00_rgb_ann_distraction.json,1947,1989,unsafe
dmd/gZ/35/s1/gZ_35_s1_2019-04-09T15;47;04+02;00_rgb_ann_distraction.json,2059,2138,unsafe
dmd/gZ/35/s1/gZ_35_s1_2019-04-09T15;47;04+02;00_rgb_ann_distraction.json,2171,2199,unsafe
dmd/gZ/35/s1/gZ_35_s1_2019-04-09T15;47;04+02;00_rgb_ann_distraction.json,2223,2297,unsafe
dmd/gZ/35/s1/gZ_35_s1_2019-04-09T15;47;04+02;00_rgb_ann_distraction.json,4458,4556,unsafe
dmd/gZ/35/s1/gZ_35_s1_2019-04-09T15;47;04+02;00_rgb_ann_distraction.json,4585,4606,unsafe
dmd/gZ/35/s1/gZ_35_s1_2019-04-09T15;47;04+02;00_rgb_ann_distraction.json,4733,4830,unsafe
dmd/gZ/35/s1/gZ_35_s1_2019-04-09T15;47;04+02;00_rgb_ann_distraction.json,4954,4993,unsafe
dmd/gZ/36/s1/gZ_36_s1_2019-04-09T10;55;20+02;00_rgb_ann_distraction.json,1,377,safe
dmd/gZ/36/s1/gZ_36_s1_2019-04-09T10;55;20+02;00_rgb_ann_distraction.json,875,1358,safe
dmd/gZ/36/s1/gZ_36_s1_2019-04-09T10;55;20+02;00_rgb_ann_distraction.json,1672,1978,safe
dmd/gZ/36/s1/gZ_36_s1_2019-04-09T10;55;20+02;00_rgb_ann_distraction.json,2000,2005,safe
dmd/gZ/36/s1/gZ_36_s1_2019-04-09T10;55;20+02;00_rgb_ann_distraction.json,2027,2054,safe
dmd/gZ/36/s1/gZ_36_s1_2019-04-09T10;55;20+02;00_rgb_ann_distraction.json,2074,2095,safe
dmd/gZ/36/s1/gZ_36_s1_2019-04-09T10;55;20+02;00_rgb_ann_distraction.json,2121,2157,safe
dmd/gZ/36/s1/gZ_36_s1_2019-04-09T10;55;20+02;00_rgb_ann_distraction.json,2180,2233,safe
dmd/gZ/36/s1/gZ_36_s1_2019-04-09T10;55;20+02;00_rgb_ann_distraction.json,2257,2270,safe
dmd/gZ/36/s1/gZ_36_s1_2019-04-09T10;55;20+02;00_rgb_ann_distraction.json,2294,2316,safe
dmd/gZ/36/s1/gZ_36_s1_2019-04-09T10;55;20+02;00_rgb_ann_distraction.json,2335,2391,safe
dmd/gZ/36/s1/gZ_36_s1_2019-04-09T10;55;20+02;00_rgb_ann_distraction.json,2429,2476,safe
dmd/gZ/36/s1/gZ_36_s1_2019-04-09T10;55;20+02;00_rgb_ann_distraction.json,2510,2521,safe
dmd/gZ/36/s1/gZ_36_s1_2019-04-09T10;55;20+02;00_rgb_ann_distraction.json,2543,2576,safe
dmd/gZ/36/s1/gZ_36_s1_2019-04-09T10;55;20+02;00_rgb_ann_distraction.json,2604,2636,safe
dmd/gZ/36/s1/gZ_36_s1_2019-04-09T10;55;20+02;00_rgb_ann_distraction.json,2656,2694,safe
dmd/gZ/36/s1/gZ_36_s1_2019-04-09T10;55;20+02;00_rgb_ann_distraction.json,2707,2728,safe
dmd/gZ/36/s1/gZ_36_s1_2019-04-09T10;55;20+02;00_rgb_ann_distraction.json,2746,2827,safe
dmd/gZ/36/s1/gZ_36_s1_2019-04-09T10;55;20+02;00_rgb_ann_distraction.json,2851,2871,safe
dmd/gZ/36/s1/gZ_36_s1_2019-04-09T10;55;20+02;00_rgb_ann_distraction.json,2886,3141,safe
dmd/gZ/36/s1/gZ_36_s1_2019-04-09T10;55;20+02;00_rgb_ann_distraction.json,3459,3793,safe
dmd/gZ/36/s1/gZ_36_s1_2019-04-09T10;55;20+02;00_rgb_ann_distraction.json,4326,4430,safe
dmd/gZ/36/s1/gZ_36_s1_2019-04-09T10;55;20+02;00_rgb_ann_distraction.json,4466,4581,safe
dmd/gZ/36/s1/gZ_36_s1_2019-04-09T10;55;20+02;00_rgb_ann_distraction.json,4865,5180,safe
dmd/gZ/36/s1/gZ_36_s1_2019-04-09T10;55;20+02;00_rgb_ann_distraction.json,5201,5210,safe
dmd/gZ/36/s1/gZ_36_s1_2019-04-09T10;55;20+02;00_rgb_ann_distraction.json,5229,5258,safe
dmd/gZ/36/s1/gZ_36_s1_2019-04-09T10;55;20+02;00_rgb_ann_distraction.json,5277,5295,safe
dmd/gZ/36/s1/gZ_36_s1_2019-04-09T10;55;20+02;00_rgb_ann_distraction.json,5316,5356,safe
dmd/gZ/36/s1/gZ_36_s1_2019-04-09T10;55;20+02;00_rgb_ann_distraction.json,5369,5373,safe
dmd/gZ/36/s1/gZ_36_s1_2019-04-09T10;55;20+02;00_rgb_ann_distraction.json,5386,5644,safe
dmd/gZ/36/s1/gZ_36_s1_2019-04-09T10;55;20+02;00_rgb_ann_distraction.json,5664,5685,safe
dmd/gZ/36/s1/gZ_36_s1_2019-04-09T10;55;20+02;00_rgb_ann_distraction.json,5708,5711,safe
dmd/gZ/36/s1/gZ_36_s1_2019-04-09T10;55;20+02;00_rgb_ann_distraction.json,5735,5863,safe
dmd/gZ/36/s1/gZ_36_s1_2019-04-09T10;55;20+02;00_rgb_ann_distraction.json,5885,5964,safe
dmd/gZ/36/s1/gZ_36_s1_2019-04-09T10;55;20+02;00_rgb_ann_distraction.json,5991,6032,safe
dmd/gZ/36/s1/gZ_36_s1_2019-04-09T10;55;20+02;00_rgb_ann_distraction.json,6055,6142,safe
dmd/gZ/36/s1/gZ_36_s1_2019-04-09T10;55;20+02;00_rgb_ann_distraction.json,6164,6174,safe
dmd/gZ/36/s1/gZ_36_s1_2019-04-09T10;55;20+02;00_rgb_ann_distraction.json,6203,6561,safe
dmd/gZ/36/s1/gZ_36_s1_2019-04-09T10;55;20+02;00_rgb_ann_distraction.json,6944,7342,safe
dmd/gZ/36/s1/gZ_36_s1_2019-04-09T10;55;20+02;00_rgb_ann_distraction.json,378,874,unsafe
dmd/gZ/36/s1/gZ_36_s1_2019-04-09T10;55;20+02;00_rgb_ann_distraction.json,3794,4325,unsafe
dmd/gZ/36/s1/gZ_36_s1_2019-04-09T10;55;20+02;00_rgb_ann_distraction.json,4431,4465,unsafe
dmd/gZ/36/s1/gZ_36_s1_2019-04-09T10;55;20+02;00_rgb_ann_distraction.json,1359,1416,reaching
dmd/gZ/36/s1/gZ_36_s1_2019-04-09T10;55;20+02;00_rgb_ann_distraction.json,1615,1671,reaching
dmd/gZ/36/s1/gZ_36_s1_2019-04-09T10;55;20+02;00_rgb_ann_distraction.json,3142,3211,reaching
dmd/gZ/36/s1/gZ_36_s1_2019-04-09T10;55;20+02;00_rgb_ann_distraction.json,3406,3458,reaching
dmd/gZ/36/s1/gZ_36_s1_2019-04-09T10;55;20+02;00_rgb_ann_distraction.json,4582,4621,reaching
dmd/gZ/36/s1/gZ_36_s1_2019-04-09T10;55;20+02;00_rgb_ann_distraction.json,4799,4864,reaching
dmd/gZ/36/s1/gZ_36_s1_2019-04-09T10;55;20+02;00_rgb_ann_distraction.json,6605,6709,reaching
dmd/gZ/36/s1/gZ_36_s1_2019-04-09T10;55;20+02;00_rgb_ann_distraction.json,6908,6943,reaching
dmd/gZ/36/s1/gZ_36_s1_2019-04-09T10;55;20+02;00_rgb_ann_distraction.json,1979,1999,unsafe
dmd/gZ/36/s1/gZ_36_s1_2019-04-09T10;55;20+02;00_rgb_ann_distraction.json,2006,2026,unsafe
dmd/gZ/36/s1/gZ_36_s1_2019-04-09T10;55;20+02;00_rgb_ann_distraction.json,2055,2073,unsafe
dmd/gZ/36/s1/gZ_36_s1_2019-04-09T10;55;20+02;00_rgb_ann_distraction.json,2096,2120,unsafe
dmd/gZ/36/s1/gZ_36_s1_2019-04-09T10;55;20+02;00_rgb_ann_distraction.json,2158,2179,unsafe
dmd/gZ/36/s1/gZ_36_s1_2019-04-09T10;55;20+02;00_rgb_ann_distraction.json,2234,2256,unsafe
dmd/gZ/36/s1/gZ_36_s1_2019-04-09T10;55;20+02;00_rgb_ann_distraction.json,2271,2293,unsafe
dmd/gZ/36/s1/gZ_36_s1_2019-04-09T10;55;20+02;00_rgb_ann_distraction.json,2317,2334,unsafe
dmd/gZ/36/s1/gZ_36_s1_2019-04-09T10;55;20+02;00_rgb_ann_distraction.json,2392,2428,unsafe
dmd/gZ/36/s1/gZ_36_s1_2019-04-09T10;55;20+02;00_rgb_ann_distraction.json,2477,2509,unsafe
dmd/gZ/36/s1/gZ_36_s1_2019-04-09T10;55;20+02;00_rgb_ann_distraction.json,2522,2542,unsafe
dmd/gZ/36/s1/gZ_36_s1_2019-04-09T10;55;20+02;00_rgb_ann_distraction.json,2577,2603,unsafe
dmd/gZ/36/s1/gZ_36_s1_2019-04-09T10;55;20+02;00_rgb_ann_distraction.json,2637,2655,unsafe
dmd/gZ/36/s1/gZ_36_s1_2019-04-09T10;55;20+02;00_rgb_ann_distraction.json,2695,2706,unsafe
dmd/gZ/36/s1/gZ_36_s1_2019-04-09T10;55;20+02;00_rgb_ann_distraction.json,2729,2745,unsafe
dmd/gZ/36/s1/gZ_36_s1_2019-04-09T10;55;20+02;00_rgb_ann_distraction.json,2828,2850,unsafe
dmd/gZ/36/s1/gZ_36_s1_2019-04-09T10;55;20+02;00_rgb_ann_distraction.json,2872,2885,unsafe
dmd/gZ/36/s1/gZ_36_s1_2019-04-09T10;55;20+02;00_rgb_ann_distraction.json,5181,5200,unsafe
dmd/gZ/36/s1/gZ_36_s1_2019-04-09T10;55;20+02;00_rgb_ann_distraction.json,5211,5228,unsafe
dmd/gZ/36/s1/gZ_36_s1_2019-04-09T10;55;20+02;00_rgb_ann_distraction.json,5259,5276,unsafe
dmd/gZ/36/s1/gZ_36_s1_2019-04-09T10;55;20+02;00_rgb_ann_distraction.json,5296,5315,unsafe
dmd/gZ/36/s1/gZ_36_s1_2019-04-09T10;55;20+02;00_rgb_ann_distraction.json,5357,5368,unsafe
dmd/gZ/36/s1/gZ_36_s1_2019-04-09T10;55;20+02;00_rgb_ann_distraction.json,5374,5385,unsafe
dmd/gZ/36/s1/gZ_36_s1_2019-04-09T10;55;20+02;00_rgb_ann_distraction.json,5645,5663,unsafe
dmd/gZ/36/s1/gZ_36_s1_2019-04-09T10;55;20+02;00_rgb_ann_distraction.json,5686,5707,unsafe
dmd/gZ/36/s1/gZ_36_s1_2019-04-09T10;55;20+02;00_rgb_ann_distraction.json,5712,5734,unsafe
dmd/gZ/36/s1/gZ_36_s1_2019-04-09T10;55;20+02;00_rgb_ann_distraction.json,5864,5884,unsafe
dmd/gZ/36/s1/gZ_36_s1_2019-04-09T10;55;20+02;00_rgb_ann_distraction.json,5965,5990,unsafe
dmd/gZ/36/s1/gZ_36_s1_2019-04-09T10;55;20+02;00_rgb_ann_distraction.json,6033,6054,unsafe
dmd/gZ/36/s1/gZ_36_s1_2019-04-09T10;55;20+02;00_rgb_ann_distraction.json,6143,6163,unsafe
dmd/gZ/36/s1/gZ_36_s1_2019-04-09T10;55;20+02;00_rgb_ann_distraction.json,6175,6202,unsafe
dmd/gZ/36/s3/gZ_36_s3_2019-04-09T10;53;18+02;00_rgb_ann_distraction.json,4,675,safe
dmd/gZ/36/s3/gZ_36_s3_2019-04-09T10;53;18+02;00_rgb_ann_distraction.json,877,1242,safe
dmd/gZ/36/s3/gZ_36_s3_2019-04-09T10;53;18+02;00_rgb_ann_distraction.json,1801,1893,safe
dmd/gZ/36/s3/gZ_36_s3_2019-04-09T10;53;18+02;00_rgb_ann_distraction.json,819,876,reaching
dmd/gZ/36/s3/gZ_36_s3_2019-04-09T10;53;18+02;00_rgb_ann_distraction.json,1375,1485,reaching
dmd/gZ/36/s3/gZ_36_s3_2019-04-09T10;53;18+02;00_rgb_ann_distraction.json,676,818,reaching
dmd/gZ/36/s3/gZ_36_s3_2019-04-09T10;53;18+02;00_rgb_ann_distraction.json,1243,1374,reaching
dmd/gZ/36/s2/gZ_36_s2_2019-04-09T10;39;38+02;00_rgb_ann_distraction.json,6,543,safe
dmd/gZ/36/s2/gZ_36_s2_2019-04-09T10;39;38+02;00_rgb_ann_distraction.json,1188,1473,safe
dmd/gZ/36/s2/gZ_36_s2_2019-04-09T10;39;38+02;00_rgb_ann_distraction.json,3375,3599,safe
dmd/gZ/36/s2/gZ_36_s2_2019-04-09T10;39;38+02;00_rgb_ann_distraction.json,3665,3754,safe
dmd/gZ/36/s2/gZ_36_s2_2019-04-09T10;39;38+02;00_rgb_ann_distraction.json,4490,4776,safe
dmd/gZ/36/s2/gZ_36_s2_2019-04-09T10;39;38+02;00_rgb_ann_distraction.json,6444,6698,safe
dmd/gZ/36/s2/gZ_36_s2_2019-04-09T10;39;38+02;00_rgb_ann_distraction.json,7465,7965,safe
dmd/gZ/36/s2/gZ_36_s2_2019-04-09T10;39;38+02;00_rgb_ann_distraction.json,8478,8751,safe
dmd/gZ/36/s2/gZ_36_s2_2019-04-09T10;39;38+02;00_rgb_ann_distraction.json,10364,10538,safe
dmd/gZ/36/s2/gZ_36_s2_2019-04-09T10;39;38+02;00_rgb_ann_distraction.json,11362,11869,safe
dmd/gZ/36/s2/gZ_36_s2_2019-04-09T10;39;38+02;00_rgb_ann_distraction.json,13746,13921,safe
dmd/gZ/36/s2/gZ_36_s2_2019-04-09T10;39;38+02;00_rgb_ann_distraction.json,14536,14713,safe
dmd/gZ/36/s2/gZ_36_s2_2019-04-09T10;39;38+02;00_rgb_ann_distraction.json,15240,15356,safe
dmd/gZ/36/s2/gZ_36_s2_2019-04-09T10;39;38+02;00_rgb_ann_distraction.json,1561,1585,unsafe
dmd/gZ/36/s2/gZ_36_s2_2019-04-09T10;39;38+02;00_rgb_ann_distraction.json,3295,3313,unsafe
dmd/gZ/36/s2/gZ_36_s2_2019-04-09T10;39;38+02;00_rgb_ann_distraction.json,3803,4442,unsafe
dmd/gZ/36/s2/gZ_36_s2_2019-04-09T10;39;38+02;00_rgb_ann_distraction.json,4823,4850,unsafe
dmd/gZ/36/s2/gZ_36_s2_2019-04-09T10;39;38+02;00_rgb_ann_distraction.json,6757,7407,unsafe
dmd/gZ/36/s2/gZ_36_s2_2019-04-09T10;39;38+02;00_rgb_ann_distraction.json,1586,3294,unsafe
dmd/gZ/36/s2/gZ_36_s2_2019-04-09T10;39;38+02;00_rgb_ann_distraction.json,4851,6394,unsafe
dmd/gZ/36/s2/gZ_36_s2_2019-04-09T10;39;38+02;00_rgb_ann_distraction.json,10606,11309,unsafe
dmd/gZ/36/s2/gZ_36_s2_2019-04-09T10;39;38+02;00_rgb_ann_distraction.json,13971,14492,unsafe
dmd/gZ/36/s2/gZ_36_s2_2019-04-09T10;39;38+02;00_rgb_ann_distraction.json,8818,10316,unsafe
dmd/gZ/36/s2/gZ_36_s2_2019-04-09T10;39;38+02;00_rgb_ann_distraction.json,11910,13690,unsafe
dmd/gZ/36/s2/gZ_36_s2_2019-04-09T10;39;38+02;00_rgb_ann_distraction.json,3600,3664,unsafe
dmd/gZ/36/s2/gZ_36_s2_2019-04-09T10;39;38+02;00_rgb_ann_distraction.json,544,682,reaching
dmd/gZ/36/s2/gZ_36_s2_2019-04-09T10;39;38+02;00_rgb_ann_distraction.json,1047,1187,reaching
dmd/gZ/36/s2/gZ_36_s2_2019-04-09T10;39;38+02;00_rgb_ann_distraction.json,1474,1560,reaching
dmd/gZ/36/s2/gZ_36_s2_2019-04-09T10;39;38+02;00_rgb_ann_distraction.json,3314,3374,reaching
dmd/gZ/36/s2/gZ_36_s2_2019-04-09T10;39;38+02;00_rgb_ann_distraction.json,3755,3802,reaching
dmd/gZ/36/s2/gZ_36_s2_2019-04-09T10;39;38+02;00_rgb_ann_distraction.json,4443,4489,reaching
dmd/gZ/36/s2/gZ_36_s2_2019-04-09T10;39;38+02;00_rgb_ann_distraction.json,4777,4822,reaching
dmd/gZ/36/s2/gZ_36_s2_2019-04-09T10;39;38+02;00_rgb_ann_distraction.json,6395,6443,reaching
dmd/gZ/36/s2/gZ_36_s2_2019-04-09T10;39;38+02;00_rgb_ann_distraction.json,6699,6756,reaching
dmd/gZ/36/s2/gZ_36_s2_2019-04-09T10;39;38+02;00_rgb_ann_distraction.json,7408,7464,reaching
dmd/gZ/36/s2/gZ_36_s2_2019-04-09T10;39;38+02;00_rgb_ann_distraction.json,7966,8080,reaching
dmd/gZ/36/s2/gZ_36_s2_2019-04-09T10;39;38+02;00_rgb_ann_distraction.json,8357,8477,reaching
dmd/gZ/36/s2/gZ_36_s2_2019-04-09T10;39;38+02;00_rgb_ann_distraction.json,8752,8787,reaching
dmd/gZ/36/s2/gZ_36_s2_2019-04-09T10;39;38+02;00_rgb_ann_distraction.json,10317,10363,reaching
dmd/gZ/36/s2/gZ_36_s2_2019-04-09T10;39;38+02;00_rgb_ann_distraction.json,10539,10570,reaching
dmd/gZ/36/s2/gZ_36_s2_2019-04-09T10;39;38+02;00_rgb_ann_distraction.json,11322,11361,reaching
dmd/gZ/36/s2/gZ_36_s2_2019-04-09T10;39;38+02;00_rgb_ann_distraction.json,11870,11909,reaching
dmd/gZ/36/s2/gZ_36_s2_2019-04-09T10;39;38+02;00_rgb_ann_distraction.json,13691,13745,reaching
dmd/gZ/36/s2/gZ_36_s2_2019-04-09T10;39;38+02;00_rgb_ann_distraction.json,13922,13955,reaching
dmd/gZ/36/s2/gZ_36_s2_2019-04-09T10;39;38+02;00_rgb_ann_distraction.json,14493,14535,reaching
dmd/gZ/36/s2/gZ_36_s2_2019-04-09T10;39;38+02;00_rgb_ann_distraction.json,14714,14821,reaching
dmd/gZ/36/s2/gZ_36_s2_2019-04-09T10;39;38+02;00_rgb_ann_distraction.json,15122,15239,reaching
dmd/gZ/36/s4/gZ_36_s4_2019-04-03T15;01;29+02;00_rgb_ann_distraction.json,2,506,safe
dmd/gZ/36/s4/gZ_36_s4_2019-04-03T15;01;29+02;00_rgb_ann_distraction.json,914,1292,safe
dmd/gZ/36/s4/gZ_36_s4_2019-04-03T15;01;29+02;00_rgb_ann_distraction.json,2458,2693,safe
dmd/gZ/36/s4/gZ_36_s4_2019-04-03T15;01;29+02;00_rgb_ann_distraction.json,3367,3626,safe
dmd/gZ/36/s4/gZ_36_s4_2019-04-03T15;01;29+02;00_rgb_ann_distraction.json,4010,4057,safe
dmd/gZ/36/s4/gZ_36_s4_2019-04-03T15;01;29+02;00_rgb_ann_distraction.json,4094,4307,safe
dmd/gZ/36/s4/gZ_36_s4_2019-04-03T15;01;29+02;00_rgb_ann_distraction.json,4347,4449,safe
dmd/gZ/36/s4/gZ_36_s4_2019-04-03T15;01;29+02;00_rgb_ann_distraction.json,5796,5819,safe
dmd/gZ/36/s4/gZ_36_s4_2019-04-03T15;01;29+02;00_rgb_ann_distraction.json,5843,5997,safe
dmd/gZ/36/s4/gZ_36_s4_2019-04-03T15;01;29+02;00_rgb_ann_distraction.json,6652,6704,safe
dmd/gZ/36/s4/gZ_36_s4_2019-04-03T15;01;29+02;00_rgb_ann_distraction.json,6731,7050,safe
dmd/gZ/36/s4/gZ_36_s4_2019-04-03T15;01;29+02;00_rgb_ann_distraction.json,7456,7672,safe
dmd/gZ/36/s4/gZ_36_s4_2019-04-03T15;01;29+02;00_rgb_ann_distraction.json,7699,7723,safe
dmd/gZ/36/s4/gZ_36_s4_2019-04-03T15;01;29+02;00_rgb_ann_distraction.json,8123,8373,safe
dmd/gZ/36/s4/gZ_36_s4_2019-04-03T15;01;29+02;00_rgb_ann_distraction.json,8394,8422,safe
dmd/gZ/36/s4/gZ_36_s4_2019-04-03T15;01;29+02;00_rgb_ann_distraction.json,8450,8463,safe
dmd/gZ/36/s4/gZ_36_s4_2019-04-03T15;01;29+02;00_rgb_ann_distraction.json,8491,8729,safe
dmd/gZ/36/s4/gZ_36_s4_2019-04-03T15;01;29+02;00_rgb_ann_distraction.json,9848,10135,safe
dmd/gZ/36/s4/gZ_36_s4_2019-04-03T15;01;29+02;00_rgb_ann_distraction.json,10931,11062,safe
dmd/gZ/36/s4/gZ_36_s4_2019-04-03T15;01;29+02;00_rgb_ann_distraction.json,11109,11136,safe
dmd/gZ/36/s4/gZ_36_s4_2019-04-03T15;01;29+02;00_rgb_ann_distraction.json,11461,11823,safe
dmd/gZ/36/s4/gZ_36_s4_2019-04-03T15;01;29+02;00_rgb_ann_distraction.json,12745,12763,safe
dmd/gZ/36/s4/gZ_36_s4_2019-04-03T15;01;29+02;00_rgb_ann_distraction.json,12789,13139,safe
dmd/gZ/36/s4/gZ_36_s4_2019-04-03T15;01;29+02;00_rgb_ann_distraction.json,14016,14368,safe
dmd/gZ/36/s4/gZ_36_s4_2019-04-03T15;01;29+02;00_rgb_ann_distraction.json,14971,15172,safe
dmd/gZ/36/s4/gZ_36_s4_2019-04-03T15;01;29+02;00_rgb_ann_distraction.json,15574,15826,safe
dmd/gZ/36/s4/gZ_36_s4_2019-04-03T15;01;29+02;00_rgb_ann_distraction.json,2749,3304,unsafe
dmd/gZ/36/s4/gZ_36_s4_2019-04-03T15;01;29+02;00_rgb_ann_distraction.json,6089,6605,unsafe
dmd/gZ/36/s4/gZ_36_s4_2019-04-03T15;01;29+02;00_rgb_ann_distraction.json,1347,2341,unsafe
dmd/gZ/36/s4/gZ_36_s4_2019-04-03T15;01;29+02;00_rgb_ann_distraction.json,4496,4906,unsafe
dmd/gZ/36/s4/gZ_36_s4_2019-04-03T15;01;29+02;00_rgb_ann_distraction.json,4950,4992,unsafe
dmd/gZ/36/s4/gZ_36_s4_2019-04-03T15;01;29+02;00_rgb_ann_distraction.json,5040,5226,unsafe
dmd/gZ/36/s4/gZ_36_s4_2019-04-03T15;01;29+02;00_rgb_ann_distraction.json,5321,5399,unsafe
dmd/gZ/36/s4/gZ_36_s4_2019-04-03T15;01;29+02;00_rgb_ann_distraction.json,5449,5632,unsafe
dmd/gZ/36/s4/gZ_36_s4_2019-04-03T15;01;29+02;00_rgb_ann_distraction.json,5658,5743,unsafe
dmd/gZ/36/s4/gZ_36_s4_2019-04-03T15;01;29+02;00_rgb_ann_distraction.json,10206,10862,unsafe
dmd/gZ/36/s4/gZ_36_s4_2019-04-03T15;01;29+02;00_rgb_ann_distraction.json,13228,13963,unsafe
dmd/gZ/36/s4/gZ_36_s4_2019-04-03T15;01;29+02;00_rgb_ann_distraction.json,8801,9738,unsafe
dmd/gZ/36/s4/gZ_36_s4_2019-04-03T15;01;29+02;00_rgb_ann_distraction.json,11890,12666,unsafe
dmd/gZ/36/s4/gZ_36_s4_2019-04-03T15;01;29+02;00_rgb_ann_distraction.json,507,585,reaching
dmd/gZ/36/s4/gZ_36_s4_2019-04-03T15;01;29+02;00_rgb_ann_distraction.json,876,913,reaching
dmd/gZ/36/s4/gZ_36_s4_2019-04-03T15;01;29+02;00_rgb_ann_distraction.json,1293,1346,reaching
dmd/gZ/36/s4/gZ_36_s4_2019-04-03T15;01;29+02;00_rgb_ann_distraction.json,2342,2457,reaching
dmd/gZ/36/s4/gZ_36_s4_2019-04-03T15;01;29+02;00_rgb_ann_distraction.json,2694,2748,reaching
dmd/gZ/36/s4/gZ_36_s4_2019-04-03T15;01;29+02;00_rgb_ann_distraction.json,3305,3366,reaching
dmd/gZ/36/s4/gZ_36_s4_2019-04-03T15;01;29+02;00_rgb_ann_distraction.json,3627,3695,reaching
dmd/gZ/36/s4/gZ_36_s4_2019-04-03T15;01;29+02;00_rgb_ann_distraction.json,3943,4009,reaching
dmd/gZ/36/s4/gZ_36_s4_2019-04-03T15;01;29+02;00_rgb_ann_distraction.json,4450,4495,reaching
dmd/gZ/36/s4/gZ_36_s4_2019-04-03T15;01;29+02;00_rgb_ann_distraction.json,5744,5795,reaching
dmd/gZ/36/s4/gZ_36_s4_2019-04-03T15;01;29+02;00_rgb_ann_distraction.json,6038,6088,reaching
dmd/gZ/36/s4/gZ_36_s4_2019-04-03T15;01;29+02;00_rgb_ann_distraction.json,6606,6651,reaching
dmd/gZ/36/s4/gZ_36_s4_2019-04-03T15;01;29+02;00_rgb_ann_distraction.json,7051,7099,reaching
dmd/gZ/36/s4/gZ_36_s4_2019-04-03T15;01;29+02;00_rgb_ann_distraction.json,7415,7455,reaching
dmd/gZ/36/s4/gZ_36_s4_2019-04-03T15;01;29+02;00_rgb_ann_distraction.json,7724,7815,reaching
dmd/gZ/36/s4/gZ_36_s4_2019-04-03T15;01;29+02;00_rgb_ann_distraction.json,8070,8122,reaching
dmd/gZ/36/s4/gZ_36_s4_2019-04-03T15;01;29+02;00_rgb_ann_distraction.json,8730,8780,reaching
dmd/gZ/36/s4/gZ_36_s4_2019-04-03T15;01;29+02;00_rgb_ann_distraction.json,9799,9847,reaching
dmd/gZ/36/s4/gZ_36_s4_2019-04-03T15;01;29+02;00_rgb_ann_distraction.json,10136,10177,reaching
dmd/gZ/36/s4/gZ_36_s4_2019-04-03T15;01;29+02;00_rgb_ann_distraction.json,10895,10930,reaching
dmd/gZ/36/s4/gZ_36_s4_2019-04-03T15;01;29+02;00_rgb_ann_distraction.json,11137,11198,reaching
dmd/gZ/36/s4/gZ_36_s4_2019-04-03T15;01;29+02;00_rgb_ann_distraction.json,11380,11460,reaching
dmd/gZ/36/s4/gZ_36_s4_2019-04-03T15;01;29+02;00_rgb_ann_distraction.json,11824,11875,reaching
dmd/gZ/36/s4/gZ_36_s4_2019-04-03T15;01;29+02;00_rgb_ann_distraction.json,12697,12744,reaching
dmd/gZ/36/s4/gZ_36_s4_2019-04-03T15;01;29+02;00_rgb_ann_distraction.json,13140,13188,reaching
dmd/gZ/36/s4/gZ_36_s4_2019-04-03T15;01;29+02;00_rgb_ann_distraction.json,13982,14015,reaching
dmd/gZ/36/s4/gZ_36_s4_2019-04-03T15;01;29+02;00_rgb_ann_distraction.json,14369,14423,reaching
dmd/gZ/36/s4/gZ_36_s4_2019-04-03T15;01;29+02;00_rgb_ann_distraction.json,14920,14970,reaching
dmd/gZ/36/s4/gZ_36_s4_2019-04-03T15;01;29+02;00_rgb_ann_distraction.json,15173,15305,reaching
dmd/gZ/36/s4/gZ_36_s4_2019-04-03T15;01;29+02;00_rgb_ann_distraction.json,15512,15573,reaching
dmd/gZ/32/s4/gZ_32_s4_2019-04-03T10;08;29+02;00_rgb_ann_distraction.json,2,140,safe
dmd/gZ/32/s4/gZ_32_s4_2019-04-03T10;08;29+02;00_rgb_ann_distraction.json,165,492,safe
dmd/gZ/32/s4/gZ_32_s4_2019-04-03T10;08;29+02;00_rgb_ann_distraction.json,781,1063,safe
dmd/gZ/32/s4/gZ_32_s4_2019-04-03T10;08;29+02;00_rgb_ann_distraction.json,2080,2434,safe
dmd/gZ/32/s4/gZ_32_s4_2019-04-03T10;08;29+02;00_rgb_ann_distraction.json,2776,2825,safe
dmd/gZ/32/s4/gZ_32_s4_2019-04-03T10;08;29+02;00_rgb_ann_distraction.json,3150,3224,safe
dmd/gZ/32/s4/gZ_32_s4_2019-04-03T10;08;29+02;00_rgb_ann_distraction.json,3242,3270,safe
dmd/gZ/32/s4/gZ_32_s4_2019-04-03T10;08;29+02;00_rgb_ann_distraction.json,3291,3419,safe
dmd/gZ/32/s4/gZ_32_s4_2019-04-03T10;08;29+02;00_rgb_ann_distraction.json,4644,4899,safe
dmd/gZ/32/s4/gZ_32_s4_2019-04-03T10;08;29+02;00_rgb_ann_distraction.json,5219,5481,safe
dmd/gZ/32/s4/gZ_32_s4_2019-04-03T10;08;29+02;00_rgb_ann_distraction.json,5740,5877,safe
dmd/gZ/32/s4/gZ_32_s4_2019-04-03T10;08;29+02;00_rgb_ann_distraction.json,5919,5959,safe
dmd/gZ/32/s4/gZ_32_s4_2019-04-03T10;08;29+02;00_rgb_ann_distraction.json,6297,6424,safe
dmd/gZ/32/s4/gZ_32_s4_2019-04-03T10;08;29+02;00_rgb_ann_distraction.json,6456,6828,safe
dmd/gZ/32/s4/gZ_32_s4_2019-04-03T10;08;29+02;00_rgb_ann_distraction.json,7376,7491,safe
dmd/gZ/32/s4/gZ_32_s4_2019-04-03T10;08;29+02;00_rgb_ann_distraction.json,7517,7611,safe
dmd/gZ/32/s4/gZ_32_s4_2019-04-03T10;08;29+02;00_rgb_ann_distraction.json,9353,9479,safe
dmd/gZ/32/s4/gZ_32_s4_2019-04-03T10;08;29+02;00_rgb_ann_distraction.json,9514,9591,safe
dmd/gZ/32/s4/gZ_32_s4_2019-04-03T10;08;29+02;00_rgb_ann_distraction.json,9924,9952,safe
dmd/gZ/32/s4/gZ_32_s4_2019-04-03T10;08;29+02;00_rgb_ann_distraction.json,9992,10034,safe
dmd/gZ/32/s4/gZ_32_s4_2019-04-03T10;08;29+02;00_rgb_ann_distraction.json,10450,10873,safe
dmd/gZ/32/s4/gZ_32_s4_2019-04-03T10;08;29+02;00_rgb_ann_distraction.json,11241,11315,safe
dmd/gZ/32/s4/gZ_32_s4_2019-04-03T10;08;29+02;00_rgb_ann_distraction.json,11350,11501,safe
dmd/gZ/32/s4/gZ_32_s4_2019-04-03T10;08;29+02;00_rgb_ann_distraction.json,12899,13020,safe
dmd/gZ/32/s4/gZ_32_s4_2019-04-03T10;08;29+02;00_rgb_ann_distraction.json,13051,13059,safe
dmd/gZ/32/s4/gZ_32_s4_2019-04-03T10;08;29+02;00_rgb_ann_distraction.json,13361,13563,safe
dmd/gZ/32/s4/gZ_32_s4_2019-04-03T10;08;29+02;00_rgb_ann_distraction.json,13861,13990,safe
dmd/gZ/32/s4/gZ_32_s4_2019-04-03T10;08;29+02;00_rgb_ann_distraction.json,14295,14333,safe
dmd/gZ/32/s4/gZ_32_s4_2019-04-03T10;08;29+02;00_rgb_ann_distraction.json,14362,14392,safe
dmd/gZ/32/s4/gZ_32_s4_2019-04-03T10;08;29+02;00_rgb_ann_distraction.json,14755,14948,safe
dmd/gZ/32/s4/gZ_32_s4_2019-04-03T10;08;29+02;00_rgb_ann_distraction.json,15204,15264,safe
dmd/gZ/32/s4/gZ_32_s4_2019-04-03T10;08;29+02;00_rgb_ann_distraction.json,15286,15324,safe
dmd/gZ/32/s4/gZ_32_s4_2019-04-03T10;08;29+02;00_rgb_ann_distraction.json,1310,1360,unsafe
dmd/gZ/32/s4/gZ_32_s4_2019-04-03T10;08;29+02;00_rgb_ann_distraction.json,2893,3102,unsafe
dmd/gZ/32/s4/gZ_32_s4_2019-04-03T10;08;29+02;00_rgb_ann_distraction.json,4966,5171,unsafe
dmd/gZ/32/s4/gZ_32_s4_2019-04-03T10;08;29+02;00_rgb_ann_distraction.json,13627,13810,unsafe
dmd/gZ/32/s4/gZ_32_s4_2019-04-03T10;08;29+02;00_rgb_ann_distraction.json,14540,14702,unsafe
dmd/gZ/32/s4/gZ_32_s4_2019-04-03T10;08;29+02;00_rgb_ann_distraction.json,1361,2024,unsafe
dmd/gZ/32/s4/gZ_32_s4_2019-04-03T10;08;29+02;00_rgb_ann_distraction.json,3490,4589,unsafe
dmd/gZ/32/s4/gZ_32_s4_2019-04-03T10;08;29+02;00_rgb_ann_distraction.json,6956,7288,unsafe
dmd/gZ/32/s4/gZ_32_s4_2019-04-03T10;08;29+02;00_rgb_ann_distraction.json,7699,7709,unsafe
dmd/gZ/32/s4/gZ_32_s4_2019-04-03T10;08;29+02;00_rgb_ann_distraction.json,9268,9277,unsafe
dmd/gZ/32/s4/gZ_32_s4_2019-04-03T10;08;29+02;00_rgb_ann_distraction.json,10151,10360,unsafe
dmd/gZ/32/s4/gZ_32_s4_2019-04-03T10;08;29+02;00_rgb_ann_distraction.json,11030,11174,unsafe
dmd/gZ/32/s4/gZ_32_s4_2019-04-03T10;08;29+02;00_rgb_ann_distraction.json,11595,11615,unsafe
dmd/gZ/32/s4/gZ_32_s4_2019-04-03T10;08;29+02;00_rgb_ann_distraction.json,7710,9267,unsafe
dmd/gZ/32/s4/gZ_32_s4_2019-04-03T10;08;29+02;00_rgb_ann_distraction.json,11616,12831,unsafe
dmd/gZ/32/s4/gZ_32_s4_2019-04-03T10;08;29+02;00_rgb_ann_distraction.json,493,596,reaching
dmd/gZ/32/s4/gZ_32_s4_2019-04-03T10;08;29+02;00_rgb_ann_distraction.json,729,780,reaching
dmd/gZ/32/s4/gZ_32_s4_2019-04-03T10;08;29+02;00_rgb_ann_distraction.json,1064,1111,reaching
dmd/gZ/32/s4/gZ_32_s4_2019-04-03T10;08;29+02;00_rgb_ann_distraction.json,1191,1309,reaching
dmd/gZ/32/s4/gZ_32_s4_2019-04-03T10;08;29+02;00_rgb_ann_distraction.json,2025,2079,reaching
dmd/gZ/32/s4/gZ_32_s4_2019-04-03T10;08;29+02;00_rgb_ann_distraction.json,2435,2493,reaching
dmd/gZ/32/s4/gZ_32_s4_2019-04-03T10;08;29+02;00_rgb_ann_distraction.json,2720,2775,reaching
dmd/gZ/32/s4/gZ_32_s4_2019-04-03T10;08;29+02;00_rgb_ann_distraction.json,2826,2892,reaching
dmd/gZ/32/s4/gZ_32_s4_2019-04-03T10;08;29+02;00_rgb_ann_distraction.json,3103,3149,reaching
dmd/gZ/32/s4/gZ_32_s4_2019-04-03T10;08;29+02;00_rgb_ann_distraction.json,3420,3489,reaching
dmd/gZ/32/s4/gZ_32_s4_2019-04-03T10;08;29+02;00_rgb_ann_distraction.json,4590,4643,reaching
dmd/gZ/32/s4/gZ_32_s4_2019-04-03T10;08;29+02;00_rgb_ann_distraction.json,4900,4965,reaching
dmd/gZ/32/s4/gZ_32_s4_2019-04-03T10;08;29+02;00_rgb_ann_distraction.json,5172,5218,reaching
dmd/gZ/32/s4/gZ_32_s4_2019-04-03T10;08;29+02;00_rgb_ann_distraction.json,5482,5549,reaching
dmd/gZ/32/s4/gZ_32_s4_2019-04-03T10;08;29+02;00_rgb_ann_distraction.json,5684,5739,reaching
dmd/gZ/32/s4/gZ_32_s4_2019-04-03T10;08;29+02;00_rgb_ann_distraction.json,5960,6051,reaching
dmd/gZ/32/s4/gZ_32_s4_2019-04-03T10;08;29+02;00_rgb_ann_distraction.json,6231,6296,reaching
dmd/gZ/32/s4/gZ_32_s4_2019-04-03T10;08;29+02;00_rgb_ann_distraction.json,6829,6893,reaching
dmd/gZ/32/s4/gZ_32_s4_2019-04-03T10;08;29+02;00_rgb_ann_distraction.json,7289,7375,reaching
dmd/gZ/32/s4/gZ_32_s4_2019-04-03T10;08;29+02;00_rgb_ann_distraction.json,7612,7698,reaching
dmd/gZ/32/s4/gZ_32_s4_2019-04-03T10;08;29+02;00_rgb_ann_distraction.json,9278,9352,reaching
dmd/gZ/32/s4/gZ_32_s4_2019-04-03T10;08;29+02;00_rgb_ann_distraction.json,9592,9655,reaching
dmd/gZ/32/s4/gZ_32_s4_2019-04-03T10;08;29+02;00_rgb_ann_distraction.json,9864,9923,reaching
dmd/gZ/32/s4/gZ_32_s4_2019-04-03T10;08;29+02;00_rgb_ann_distraction.json,10035,10099,reaching
dmd/gZ/32/s4/gZ_32_s4_2019-04-03T10;08;29+02;00_rgb_ann_distraction.json,10405,10449,reaching
dmd/gZ/32/s4/gZ_32_s4_2019-04-03T10;08;29+02;00_rgb_ann_distraction.json,10874,10932,reaching
dmd/gZ/32/s4/gZ_32_s4_2019-04-03T10;08;29+02;00_rgb_ann_distraction.json,11200,11240,reaching
dmd/gZ/32/s4/gZ_32_s4_2019-04-03T10;08;29+02;00_rgb_ann_distraction.json,11502,11555,reaching
dmd/gZ/32/s4/gZ_32_s4_2019-04-03T10;08;29+02;00_rgb_ann_distraction.json,12832,12898,reaching
dmd/gZ/32/s4/gZ_32_s4_2019-04-03T10;08;29+02;00_rgb_ann_distraction.json,13060,13180,reaching
dmd/gZ/32/s4/gZ_32_s4_2019-04-03T10;08;29+02;00_rgb_ann_distraction.json,13313,13360,reaching
dmd/gZ/32/s4/gZ_32_s4_2019-04-03T10;08;29+02;00_rgb_ann_distraction.json,13564,13626,reaching
dmd/gZ/32/s4/gZ_32_s4_2019-04-03T10;08;29+02;00_rgb_ann_distraction.json,13811,13860,reaching
dmd/gZ/32/s4/gZ_32_s4_2019-04-03T10;08;29+02;00_rgb_ann_distraction.json,13991,14048,reaching
dmd/gZ/32/s4/gZ_32_s4_2019-04-03T10;08;29+02;00_rgb_ann_distraction.json,14247,14294,reaching
dmd/gZ/32/s4/gZ_32_s4_2019-04-03T10;08;29+02;00_rgb_ann_distraction.json,14393,14417,reaching
dmd/gZ/32/s4/gZ_32_s4_2019-04-03T10;08;29+02;00_rgb_ann_distraction.json,14468,14539,reaching
dmd/gZ/32/s4/gZ_32_s4_2019-04-03T10;08;29+02;00_rgb_ann_distraction.json,14703,14754,reaching
dmd/gZ/32/s4/gZ_32_s4_2019-04-03T10;08;29+02;00_rgb_ann_distraction.json,14949,15009,reaching
dmd/gZ/32/s4/gZ_32_s4_2019-04-03T10;08;29+02;00_rgb_ann_distraction.json,15155,15203,reaching
dmd/gZ/32/s4/gZ_32_s4_2019-04-02T09;38;13+02;00_rgb_ann_distraction.json,2,206,safe
dmd/gZ/32/s4/gZ_32_s4_2019-04-02T09;38;13+02;00_rgb_ann_distraction.json,259,505,safe
dmd/gZ/32/s4/gZ_32_s4_2019-04-02T09;38;13+02;00_rgb_ann_distraction.json,919,1239,safe
dmd/gZ/32/s4/gZ_32_s4_2019-04-02T09;38;13+02;00_rgb_ann_distraction.json,1786,1800,safe
dmd/gZ/32/s4/gZ_32_s4_2019-04-02T09;38;13+02;00_rgb_ann_distraction.json,1853,1927,safe
dmd/gZ/32/s4/gZ_32_s4_2019-04-02T09;38;13+02;00_rgb_ann_distraction.json,1959,2077,safe
dmd/gZ/32/s4/gZ_32_s4_2019-04-02T09;38;13+02;00_rgb_ann_distraction.json,2115,2216,safe
dmd/gZ/32/s4/gZ_32_s4_2019-04-02T09;38;13+02;00_rgb_ann_distraction.json,3234,3515,safe
dmd/gZ/32/s4/gZ_32_s4_2019-04-02T09;38;13+02;00_rgb_ann_distraction.json,3833,3868,safe
dmd/gZ/32/s4/gZ_32_s4_2019-04-02T09;38;13+02;00_rgb_ann_distraction.json,3914,4047,safe
dmd/gZ/32/s4/gZ_32_s4_2019-04-02T09;38;13+02;00_rgb_ann_distraction.json,4456,4559,safe
dmd/gZ/32/s4/gZ_32_s4_2019-04-02T09;38;13+02;00_rgb_ann_distraction.json,4621,4796,safe
dmd/gZ/32/s4/gZ_32_s4_2019-04-02T09;38;13+02;00_rgb_ann_distraction.json,5754,6032,safe
dmd/gZ/32/s4/gZ_32_s4_2019-04-02T09;38;13+02;00_rgb_ann_distraction.json,6344,6556,safe
dmd/gZ/32/s4/gZ_32_s4_2019-04-02T09;38;13+02;00_rgb_ann_distraction.json,6589,6620,safe
dmd/gZ/32/s4/gZ_32_s4_2019-04-02T09;38;13+02;00_rgb_ann_distraction.json,6714,6764,safe
dmd/gZ/32/s4/gZ_32_s4_2019-04-02T09;38;13+02;00_rgb_ann_distraction.json,6973,7193,safe
dmd/gZ/32/s4/gZ_32_s4_2019-04-02T09;38;13+02;00_rgb_ann_distraction.json,7668,8124,safe
dmd/gZ/32/s4/gZ_32_s4_2019-04-02T09;38;13+02;00_rgb_ann_distraction.json,9330,9619,safe
dmd/gZ/32/s4/gZ_32_s4_2019-04-02T09;38;13+02;00_rgb_ann_distraction.json,10152,10411,safe
dmd/gZ/32/s4/gZ_32_s4_2019-04-02T09;38;13+02;00_rgb_ann_distraction.json,10542,10620,safe
dmd/gZ/32/s4/gZ_32_s4_2019-04-02T09;38;13+02;00_rgb_ann_distraction.json,11108,11320,safe
dmd/gZ/32/s4/gZ_32_s4_2019-04-02T09;38;13+02;00_rgb_ann_distraction.json,12243,12298,safe
dmd/gZ/32/s4/gZ_32_s4_2019-04-02T09;38;13+02;00_rgb_ann_distraction.json,12340,12624,safe
dmd/gZ/32/s4/gZ_32_s4_2019-04-02T09;38;13+02;00_rgb_ann_distraction.json,13102,13451,safe
dmd/gZ/32/s4/gZ_32_s4_2019-04-02T09;38;13+02;00_rgb_ann_distraction.json,13788,14100,safe
dmd/gZ/32/s4/gZ_32_s4_2019-04-02T09;38;13+02;00_rgb_ann_distraction.json,14473,14610,safe
dmd/gZ/32/s4/gZ_32_s4_2019-04-02T09;38;13+02;00_rgb_ann_distraction.json,14944,14993,safe
dmd/gZ/32/s4/gZ_32_s4_2019-04-02T09;38;13+02;00_rgb_ann_distraction.json,1464,1597,unsafe
dmd/gZ/32/s4/gZ_32_s4_2019-04-02T09;38;13+02;00_rgb_ann_distraction.json,3590,3783,unsafe
dmd/gZ/32/s4/gZ_32_s4_2019-04-02T09;38;13+02;00_rgb_ann_distraction.json,6100,6285,unsafe
dmd/gZ/32/s4/gZ_32_s4_2019-04-02T09;38;13+02;00_rgb_ann_distraction.json,14700,14878,unsafe
dmd/gZ/32/s4/gZ_32_s4_2019-04-02T09;38;13+02;00_rgb_ann_distraction.json,2315,3158,unsafe
dmd/gZ/32/s4/gZ_32_s4_2019-04-02T09;38;13+02;00_rgb_ann_distraction.json,4869,5688,unsafe
dmd/gZ/32/s4/gZ_32_s4_2019-04-02T09;38;13+02;00_rgb_ann_distraction.json,1417,1450,unsafe
dmd/gZ/32/s4/gZ_32_s4_2019-04-02T09;38;13+02;00_rgb_ann_distraction.json,9250,9262,unsafe
dmd/gZ/32/s4/gZ_32_s4_2019-04-02T09;38;13+02;00_rgb_ann_distraction.json,9732,10094,unsafe
dmd/gZ/32/s4/gZ_32_s4_2019-04-02T09;38;13+02;00_rgb_ann_distraction.json,12740,12981,unsafe
dmd/gZ/32/s4/gZ_32_s4_2019-04-02T09;38;13+02;00_rgb_ann_distraction.json,8220,9249,unsafe
dmd/gZ/32/s4/gZ_32_s4_2019-04-02T09;38;13+02;00_rgb_ann_distraction.json,11424,12189,unsafe
dmd/gZ/32/s4/gZ_32_s4_2019-04-02T09;38;13+02;00_rgb_ann_distraction.json,543,637,reaching
dmd/gZ/32/s4/gZ_32_s4_2019-04-02T09;38;13+02;00_rgb_ann_distraction.json,853,918,reaching
dmd/gZ/32/s4/gZ_32_s4_2019-04-02T09;38;13+02;00_rgb_ann_distraction.json,1240,1331,reaching
dmd/gZ/32/s4/gZ_32_s4_2019-04-02T09;38;13+02;00_rgb_ann_distraction.json,1598,1785,reaching
dmd/gZ/32/s4/gZ_32_s4_2019-04-02T09;38;13+02;00_rgb_ann_distraction.json,2250,2314,reaching
dmd/gZ/32/s4/gZ_32_s4_2019-04-02T09;38;13+02;00_rgb_ann_distraction.json,3159,3197,reaching
dmd/gZ/32/s4/gZ_32_s4_2019-04-02T09;38;13+02;00_rgb_ann_distraction.json,3516,3589,reaching
dmd/gZ/32/s4/gZ_32_s4_2019-04-02T09;38;13+02;00_rgb_ann_distraction.json,3784,3832,reaching
dmd/gZ/32/s4/gZ_32_s4_2019-04-02T09;38;13+02;00_rgb_ann_distraction.json,4048,4120,reaching
dmd/gZ/32/s4/gZ_32_s4_2019-04-02T09;38;13+02;00_rgb_ann_distraction.json,4335,4455,reaching
dmd/gZ/32/s4/gZ_32_s4_2019-04-02T09;38;13+02;00_rgb_ann_distraction.json,4797,4868,reaching
dmd/gZ/32/s4/gZ_32_s4_2019-04-02T09;38;13+02;00_rgb_ann_distraction.json,5689,5753,reaching
dmd/gZ/32/s4/gZ_32_s4_2019-04-02T09;38;13+02;00_rgb_ann_distraction.json,6033,6099,reaching
dmd/gZ/32/s4/gZ_32_s4_2019-04-02T09;38;13+02;00_rgb_ann_distraction.json,6286,6343,reaching
dmd/gZ/32/s4/gZ_32_s4_2019-04-02T09;38;13+02;00_rgb_ann_distraction.json,6621,6713,reaching
dmd/gZ/32/s4/gZ_32_s4_2019-04-02T09;38;13+02;00_rgb_ann_distraction.json,6918,6972,reaching
dmd/gZ/32/s4/gZ_32_s4_2019-04-02T09;38;13+02;00_rgb_ann_distraction.json,7194,7331,reaching
dmd/gZ/32/s4/gZ_32_s4_2019-04-02T09;38;13+02;00_rgb_ann_distraction.json,7589,7667,reaching
dmd/gZ/32/s4/gZ_32_s4_2019-04-02T09;38;13+02;00_rgb_ann_distraction.json,8125,8178,reaching
dmd/gZ/32/s4/gZ_32_s4_2019-04-02T09;38;13+02;00_rgb_ann_distraction.json,9263,9329,reaching
dmd/gZ/32/s4/gZ_32_s4_2019-04-02T09;38;13+02;00_rgb_ann_distraction.json,9620,9677,reaching
dmd/gZ/32/s4/gZ_32_s4_2019-04-02T09;38;13+02;00_rgb_ann_distraction.json,10095,10151,reaching
dmd/gZ/32/s4/gZ_32_s4_2019-04-02T09;38;13+02;00_rgb_ann_distraction.json,10412,10541,reaching
dmd/gZ/32/s4/gZ_32_s4_2019-04-02T09;38;13+02;00_rgb_ann_distraction.json,10621,10681,reaching
dmd/gZ/32/s4/gZ_32_s4_2019-04-02T09;38;13+02;00_rgb_ann_distraction.json,11009,11107,reaching
dmd/gZ/32/s4/gZ_32_s4_2019-04-02T09;38;13+02;00_rgb_ann_distraction.json,11321,11393,reaching
dmd/gZ/32/s4/gZ_32_s4_2019-04-02T09;38;13+02;00_rgb_ann_distraction.json,12203,12242,reaching
dmd/gZ/32/s4/gZ_32_s4_2019-04-02T09;38;13+02;00_rgb_ann_distraction.json,12625,12691,reaching
dmd/gZ/32/s4/gZ_32_s4_2019-04-02T09;38;13+02;00_rgb_ann_distraction.json,12982,13101,reaching
dmd/gZ/32/s4/gZ_32_s4_2019-04-02T09;38;13+02;00_rgb_ann_distraction.json,13452,13555,reaching
dmd/gZ/32/s4/gZ_32_s4_2019-04-02T09;38;13+02;00_rgb_ann_distraction.json,13723,13787,reaching
dmd/gZ/32/s4/gZ_32_s4_2019-04-02T09;38;13+02;00_rgb_ann_distraction.json,14101,14181,reaching
dmd/gZ/32/s4/gZ_32_s4_2019-04-02T09;38;13+02;00_rgb_ann_distraction.json,14375,14472,reaching
dmd/gZ/32/s4/gZ_32_s4_2019-04-02T09;38;13+02;00_rgb_ann_distraction.json,14611,14699,reaching
dmd/gZ/32/s4/gZ_32_s4_2019-04-02T09;38;13+02;00_rgb_ann_distraction.json,14879,14943,reaching
dmd/gZ/32/s3/gZ_32_s3_2019-04-04T09;52;12+02;00_rgb_ann_distraction.json,19,31,safe
dmd/gZ/32/s3/gZ_32_s3_2019-04-04T09;52;12+02;00_rgb_ann_distraction.json,70,732,safe
dmd/gZ/32/s3/gZ_32_s3_2019-04-04T09;52;12+02;00_rgb_ann_distraction.json,970,1161,safe
dmd/gZ/32/s3/gZ_32_s3_2019-04-04T09;52;12+02;00_rgb_ann_distraction.json,1214,1270,safe
dmd/gZ/32/s3/gZ_32_s3_2019-04-04T09;52;12+02;00_rgb_ann_distraction.json,1539,1847,safe
dmd/gZ/32/s3/gZ_32_s3_2019-04-04T09;52;12+02;00_rgb_ann_distraction.json,880,969,reaching
dmd/gZ/32/s3/gZ_32_s3_2019-04-04T09;52;12+02;00_rgb_ann_distraction.json,1430,1538,reaching
dmd/gZ/32/s3/gZ_32_s3_2019-04-04T09;52;12+02;00_rgb_ann_distraction.json,733,879,reaching
dmd/gZ/32/s3/gZ_32_s3_2019-04-04T09;52;12+02;00_rgb_ann_distraction.json,1271,1429,reaching
dmd/gZ/32/s3/gZ_32_s3_2019-04-04T15;19;41+02;00_rgb_ann_distraction.json,3,700,safe
dmd/gZ/32/s3/gZ_32_s3_2019-04-04T15;19;41+02;00_rgb_ann_distraction.json,894,1331,safe
dmd/gZ/32/s3/gZ_32_s3_2019-04-04T15;19;41+02;00_rgb_ann_distraction.json,1556,1781,safe
dmd/gZ/32/s3/gZ_32_s3_2019-04-04T15;19;41+02;00_rgb_ann_distraction.json,833,893,reaching
dmd/gZ/32/s3/gZ_32_s3_2019-04-04T15;19;41+02;00_rgb_ann_distraction.json,1467,1555,reaching
dmd/gZ/32/s3/gZ_32_s3_2019-04-04T15;19;41+02;00_rgb_ann_distraction.json,701,832,reaching
dmd/gZ/32/s3/gZ_32_s3_2019-04-04T15;19;41+02;00_rgb_ann_distraction.json,1332,1466,reaching
dmd/gZ/32/s1/gZ_32_s1_2019-04-08T12;01;26+02;00_rgb_ann_distraction.json,2,51,safe
dmd/gZ/32/s1/gZ_32_s1_2019-04-08T12;01;26+02;00_rgb_ann_distraction.json,94,590,safe
dmd/gZ/32/s1/gZ_32_s1_2019-04-08T12;01;26+02;00_rgb_ann_distraction.json,663,794,safe
dmd/gZ/32/s1/gZ_32_s1_2019-04-08T12;01;26+02;00_rgb_ann_distraction.json,1034,1314,safe
dmd/gZ/32/s1/gZ_32_s1_2019-04-08T12;01;26+02;00_rgb_ann_distraction.json,1663,1864,safe
dmd/gZ/32/s1/gZ_32_s1_2019-04-08T12;01;26+02;00_rgb_ann_distraction.json,2277,2405,safe
dmd/gZ/32/s1/gZ_32_s1_2019-04-08T12;01;26+02;00_rgb_ann_distraction.json,2687,2810,safe
dmd/gZ/32/s1/gZ_32_s1_2019-04-08T12;01;26+02;00_rgb_ann_distraction.json,2867,2952,safe
dmd/gZ/32/s1/gZ_32_s1_2019-04-08T12;01;26+02;00_rgb_ann_distraction.json,3027,3467,safe
dmd/gZ/32/s1/gZ_32_s1_2019-04-08T12;01;26+02;00_rgb_ann_distraction.json,3815,4111,safe
dmd/gZ/32/s1/gZ_32_s1_2019-04-08T12;01;26+02;00_rgb_ann_distraction.json,4494,4698,safe
dmd/gZ/32/s1/gZ_32_s1_2019-04-08T12;01;26+02;00_rgb_ann_distraction.json,5021,5390,safe
dmd/gZ/32/s1/gZ_32_s1_2019-04-08T12;01;26+02;00_rgb_ann_distraction.json,5767,6062,safe
dmd/gZ/32/s1/gZ_32_s1_2019-04-08T12;01;26+02;00_rgb_ann_distraction.json,6095,6148,safe
dmd/gZ/32/s1/gZ_32_s1_2019-04-08T12;01;26+02;00_rgb_ann_distraction.json,6193,6604,safe
dmd/gZ/32/s1/gZ_32_s1_2019-04-08T12;01;26+02;00_rgb_ann_distraction.json,6926,7109,safe
dmd/gZ/32/s1/gZ_32_s1_2019-04-08T12;01;26+02;00_rgb_ann_distraction.json,591,662,unsafe
dmd/gZ/32/s1/gZ_32_s1_2019-04-08T12;01;26+02;00_rgb_ann_distraction.json,795,1033,unsafe
dmd/gZ/32/s1/gZ_32_s1_2019-04-08T12;01;26+02;00_rgb_ann_distraction.json,4112,4493,unsafe
dmd/gZ/32/s1/gZ_32_s1_2019-04-08T12;01;26+02;00_rgb_ann_distraction.json,1315,1374,reaching
dmd/gZ/32/s1/gZ_32_s1_2019-04-08T12;01;26+02;00_rgb_ann_distraction.json,1581,1662,reaching
dmd/gZ/32/s1/gZ_32_s1_2019-04-08T12;01;26+02;00_rgb_ann_distraction.json,3468,3528,reaching
dmd/gZ/32/s1/gZ_32_s1_2019-04-08T12;01;26+02;00_rgb_ann_distraction.json,3735,3814,reaching
dmd/gZ/32/s1/gZ_32_s1_2019-04-08T12;01;26+02;00_rgb_ann_distraction.json,4699,4742,reaching
dmd/gZ/32/s1/gZ_32_s1_2019-04-08T12;01;26+02;00_rgb_ann_distraction.json,4935,5020,reaching
dmd/gZ/32/s1/gZ_32_s1_2019-04-08T12;01;26+02;00_rgb_ann_distraction.json,6605,6654,reaching
dmd/gZ/32/s1/gZ_32_s1_2019-04-08T12;01;26+02;00_rgb_ann_distraction.json,6863,6925,reaching
dmd/gZ/32/s1/gZ_32_s1_2019-04-08T12;01;26+02;00_rgb_ann_distraction.json,1865,2276,unsafe
dmd/gZ/32/s1/gZ_32_s1_2019-04-08T12;01;26+02;00_rgb_ann_distraction.json,2406,2686,unsafe
dmd/gZ/32/s1/gZ_32_s1_2019-04-08T12;01;26+02;00_rgb_ann_distraction.json,2811,2866,unsafe
dmd/gZ/32/s1/gZ_32_s1_2019-04-08T12;01;26+02;00_rgb_ann_distraction.json,2953,3026,unsafe
dmd/gZ/32/s1/gZ_32_s1_2019-04-08T12;01;26+02;00_rgb_ann_distraction.json,5391,5766,unsafe
dmd/gZ/32/s1/gZ_32_s1_2019-04-08T12;01;26+02;00_rgb_ann_distraction.json,6063,6094,unsafe
dmd/gZ/32/s1/gZ_32_s1_2019-04-08T12;01;26+02;00_rgb_ann_distraction.json,6149,6192,unsafe
dmd/gZ/32/s1/gZ_32_s1_2019-04-08T16;35;53+02;00_rgb_ann_distraction.json,5,465,safe
dmd/gZ/32/s1/gZ_32_s1_2019-04-08T16;35;53+02;00_rgb_ann_distraction.json,743,878,safe
dmd/gZ/32/s1/gZ_32_s1_2019-04-08T16;35;53+02;00_rgb_ann_distraction.json,1117,1405,safe
dmd/gZ/32/s1/gZ_32_s1_2019-04-08T16;35;53+02;00_rgb_ann_distraction.json,1718,1968,safe
dmd/gZ/32/s1/gZ_32_s1_2019-04-08T16;35;53+02;00_rgb_ann_distraction.json,2094,2135,safe
dmd/gZ/32/s1/gZ_32_s1_2019-04-08T16;35;53+02;00_rgb_ann_distraction.json,2213,2381,safe
dmd/gZ/32/s1/gZ_32_s1_2019-04-08T16;35;53+02;00_rgb_ann_distraction.json,2470,2506,safe
dmd/gZ/32/s1/gZ_32_s1_2019-04-08T16;35;53+02;00_rgb_ann_distraction.json,2538,2603,safe
dmd/gZ/32/s1/gZ_32_s1_2019-04-08T16;35;53+02;00_rgb_ann_distraction.json,2658,2725,safe
dmd/gZ/32/s1/gZ_32_s1_2019-04-08T16;35;53+02;00_rgb_ann_distraction.json,2784,2816,safe
dmd/gZ/32/s1/gZ_32_s1_2019-04-08T16;35;53+02;00_rgb_ann_distraction.json,2840,3014,safe
dmd/gZ/32/s1/gZ_32_s1_2019-04-08T16;35;53+02;00_rgb_ann_distraction.json,3065,3244,safe
dmd/gZ/32/s1/gZ_32_s1_2019-04-08T16;35;53+02;00_rgb_ann_distraction.json,3527,3606,safe
dmd/gZ/32/s1/gZ_32_s1_2019-04-08T16;35;53+02;00_rgb_ann_distraction.json,3706,3774,safe
dmd/gZ/32/s1/gZ_32_s1_2019-04-08T16;35;53+02;00_rgb_ann_distraction.json,4080,4165,safe
dmd/gZ/32/s1/gZ_32_s1_2019-04-08T16;35;53+02;00_rgb_ann_distraction.json,4212,4415,safe
dmd/gZ/32/s1/gZ_32_s1_2019-04-08T16;35;53+02;00_rgb_ann_distraction.json,4723,5005,safe
dmd/gZ/32/s1/gZ_32_s1_2019-04-08T16;35;53+02;00_rgb_ann_distraction.json,5043,5105,safe
dmd/gZ/32/s1/gZ_32_s1_2019-04-08T16;35;53+02;00_rgb_ann_distraction.json,5137,5181,safe
dmd/gZ/32/s1/gZ_32_s1_2019-04-08T16;35;53+02;00_rgb_ann_distraction.json,5309,5362,safe
dmd/gZ/32/s1/gZ_32_s1_2019-04-08T16;35;53+02;00_rgb_ann_distraction.json,5399,5434,safe
dmd/gZ/32/s1/gZ_32_s1_2019-04-08T16;35;53+02;00_rgb_ann_distraction.json,5486,5539,safe
dmd/gZ/32/s1/gZ_32_s1_2019-04-08T16;35;53+02;00_rgb_ann_distraction.json,5580,5927,safe
dmd/gZ/32/s1/gZ_32_s1_2019-04-08T16;35;53+02;00_rgb_ann_distraction.json,6193,6363,safe
dmd/gZ/32/s1/gZ_32_s1_2019-04-08T16;35;53+02;00_rgb_ann_distraction.json,466,742,unsafe
dmd/gZ/32/s1/gZ_32_s1_2019-04-08T16;35;53+02;00_rgb_ann_distraction.json,879,1116,unsafe
dmd/gZ/32/s1/gZ_32_s1_2019-04-08T16;35;53+02;00_rgb_ann_distraction.json,3775,4079,unsafe
dmd/gZ/32/s1/gZ_32_s1_2019-04-08T16;35;53+02;00_rgb_ann_distraction.json,4166,4211,unsafe
dmd/gZ/32/s1/gZ_32_s1_2019-04-08T16;35;53+02;00_rgb_ann_distraction.json,5006,5042,unsafe
dmd/gZ/32/s1/gZ_32_s1_2019-04-08T16;35;53+02;00_rgb_ann_distraction.json,1406,1457,reaching
dmd/gZ/32/s1/gZ_32_s1_2019-04-08T16;35;53+02;00_rgb_ann_distraction.json,1635,1717,reaching
dmd/gZ/32/s1/gZ_32_s1_2019-04-08T16;35;53+02;00_rgb_ann_distraction.json,3245,3288,reaching
dmd/gZ/32/s1/gZ_32_s1_2019-04-08T16;35;53+02;00_rgb_ann_distraction.json,3454,3526,reaching
dmd/gZ/32/s1/gZ_32_s1_2019-04-08T16;35;53+02;00_rgb_ann_distraction.json,4416,4454,reaching
dmd/gZ/32/s1/gZ_32_s1_2019-04-08T16;35;53+02;00_rgb_ann_distraction.json,4641,4722,reaching
dmd/gZ/32/s1/gZ_32_s1_2019-04-08T16;35;53+02;00_rgb_ann_distraction.json,5928,5968,reaching
dmd/gZ/32/s1/gZ_32_s1_2019-04-08T16;35;53+02;00_rgb_ann_distraction.json,6126,6192,reaching
dmd/gZ/32/s1/gZ_32_s1_2019-04-08T16;35;53+02;00_rgb_ann_distraction.json,1969,2093,unsafe
dmd/gZ/32/s1/gZ_32_s1_2019-04-08T16;35;53+02;00_rgb_ann_distraction.json,2136,2212,unsafe
dmd/gZ/32/s1/gZ_32_s1_2019-04-08T16;35;53+02;00_rgb_ann_distraction.json,2382,2469,unsafe
dmd/gZ/32/s1/gZ_32_s1_2019-04-08T16;35;53+02;00_rgb_ann_distraction.json,2507,2537,unsafe
dmd/gZ/32/s1/gZ_32_s1_2019-04-08T16;35;53+02;00_rgb_ann_distraction.json,2604,2657,unsafe
dmd/gZ/32/s1/gZ_32_s1_2019-04-08T16;35;53+02;00_rgb_ann_distraction.json,2726,2783,unsafe
dmd/gZ/32/s1/gZ_32_s1_2019-04-08T16;35;53+02;00_rgb_ann_distraction.json,2817,2839,unsafe
dmd/gZ/32/s1/gZ_32_s1_2019-04-08T16;35;53+02;00_rgb_ann_distraction.json,5106,5136,unsafe
dmd/gZ/32/s1/gZ_32_s1_2019-04-08T16;35;53+02;00_rgb_ann_distraction.json,5182,5308,unsafe
dmd/gZ/32/s1/gZ_32_s1_2019-04-08T16;35;53+02;00_rgb_ann_distraction.json,5363,5398,unsafe
dmd/gZ/32/s1/gZ_32_s1_2019-04-08T16;35;53+02;00_rgb_ann_distraction.json,5435,5485,unsafe
dmd/gZ/32/s1/gZ_32_s1_2019-04-08T16;35;53+02;00_rgb_ann_distraction.json,5540,5579,unsafe
dmd/gZ/32/s2/gZ_32_s2_2019-04-08T11;53;07+02;00_rgb_ann_distraction.json,2,442,safe
dmd/gZ/32/s2/gZ_32_s2_2019-04-08T11;53;07+02;00_rgb_ann_distraction.json,908,1069,safe
dmd/gZ/32/s2/gZ_32_s2_2019-04-08T11;53;07+02;00_rgb_ann_distraction.json,1109,1263,safe
dmd/gZ/32/s2/gZ_32_s2_2019-04-08T11;53;07+02;00_rgb_ann_distraction.json,2568,2753,safe
dmd/gZ/32/s2/gZ_32_s2_2019-04-08T11;53;07+02;00_rgb_ann_distraction.json,2804,2914,safe
dmd/gZ/32/s2/gZ_32_s2_2019-04-08T11;53;07+02;00_rgb_ann_distraction.json,3425,3472,safe
dmd/gZ/32/s2/gZ_32_s2_2019-04-08T11;53;07+02;00_rgb_ann_distraction.json,3537,3805,safe
dmd/gZ/32/s2/gZ_32_s2_2019-04-08T11;53;07+02;00_rgb_ann_distraction.json,5016,5242,safe
dmd/gZ/32/s2/gZ_32_s2_2019-04-08T11;53;07+02;00_rgb_ann_distraction.json,5328,5415,safe
dmd/gZ/32/s2/gZ_32_s2_2019-04-08T11;53;07+02;00_rgb_ann_distraction.json,6052,6224,safe
dmd/gZ/32/s2/gZ_32_s2_2019-04-08T11;53;07+02;00_rgb_ann_distraction.json,6289,6321,safe
dmd/gZ/32/s2/gZ_32_s2_2019-04-08T11;53;07+02;00_rgb_ann_distraction.json,6872,7478,safe
dmd/gZ/32/s2/gZ_32_s2_2019-04-08T11;53;07+02;00_rgb_ann_distraction.json,8622,8908,safe
dmd/gZ/32/s2/gZ_32_s2_2019-04-08T11;53;07+02;00_rgb_ann_distraction.json,9443,9757,safe
dmd/gZ/32/s2/gZ_32_s2_2019-04-08T11;53;07+02;00_rgb_ann_distraction.json,10871,11065,safe
dmd/gZ/32/s2/gZ_32_s2_2019-04-08T11;53;07+02;00_rgb_ann_distraction.json,11556,11664,safe
dmd/gZ/32/s2/gZ_32_s2_2019-04-08T11;53;07+02;00_rgb_ann_distraction.json,12015,12146,safe
dmd/gZ/32/s2/gZ_32_s2_2019-04-08T11;53;07+02;00_rgb_ann_distraction.json,2471,2486,unsafe
dmd/gZ/32/s2/gZ_32_s2_2019-04-08T11;53;07+02;00_rgb_ann_distraction.json,2983,3362,unsafe
dmd/gZ/32/s2/gZ_32_s2_2019-04-08T11;53;07+02;00_rgb_ann_distraction.json,3849,3895,unsafe
dmd/gZ/32/s2/gZ_32_s2_2019-04-08T11;53;07+02;00_rgb_ann_distraction.json,4945,4956,unsafe
dmd/gZ/32/s2/gZ_32_s2_2019-04-08T11;53;07+02;00_rgb_ann_distraction.json,5458,5989,unsafe
dmd/gZ/32/s2/gZ_32_s2_2019-04-08T11;53;07+02;00_rgb_ann_distraction.json,1318,2470,unsafe
dmd/gZ/32/s2/gZ_32_s2_2019-04-08T11;53;07+02;00_rgb_ann_distraction.json,3896,4944,unsafe
dmd/gZ/32/s2/gZ_32_s2_2019-04-08T11;53;07+02;00_rgb_ann_distraction.json,7564,7581,unsafe
dmd/gZ/32/s2/gZ_32_s2_2019-04-08T11;53;07+02;00_rgb_ann_distraction.json,8983,9370,unsafe
dmd/gZ/32/s2/gZ_32_s2_2019-04-08T11;53;07+02;00_rgb_ann_distraction.json,11145,11485,unsafe
dmd/gZ/32/s2/gZ_32_s2_2019-04-08T11;53;07+02;00_rgb_ann_distraction.json,7582,8477,unsafe
dmd/gZ/32/s2/gZ_32_s2_2019-04-08T11;53;07+02;00_rgb_ann_distraction.json,9838,10797,unsafe
dmd/gZ/32/s2/gZ_32_s2_2019-04-08T11;53;07+02;00_rgb_ann_distraction.json,443,631,reaching
dmd/gZ/32/s2/gZ_32_s2_2019-04-08T11;53;07+02;00_rgb_ann_distraction.json,771,907,reaching
dmd/gZ/32/s2/gZ_32_s2_2019-04-08T11;53;07+02;00_rgb_ann_distraction.json,1264,1317,reaching
dmd/gZ/32/s2/gZ_32_s2_2019-04-08T11;53;07+02;00_rgb_ann_distraction.json,2487,2567,reaching
dmd/gZ/32/s2/gZ_32_s2_2019-04-08T11;53;07+02;00_rgb_ann_distraction.json,2915,2982,reaching
dmd/gZ/32/s2/gZ_32_s2_2019-04-08T11;53;07+02;00_rgb_ann_distraction.json,3363,3424,reaching
dmd/gZ/32/s2/gZ_32_s2_2019-04-08T11;53;07+02;00_rgb_ann_distraction.json,3806,3848,reaching
dmd/gZ/32/s2/gZ_32_s2_2019-04-08T11;53;07+02;00_rgb_ann_distraction.json,4957,5015,reaching
dmd/gZ/32/s2/gZ_32_s2_2019-04-08T11;53;07+02;00_rgb_ann_distraction.json,5416,5457,reaching
dmd/gZ/32/s2/gZ_32_s2_2019-04-08T11;53;07+02;00_rgb_ann_distraction.json,5990,6051,reaching
dmd/gZ/32/s2/gZ_32_s2_2019-04-08T11;53;07+02;00_rgb_ann_distraction.json,6322,6537,reaching
dmd/gZ/32/s2/gZ_32_s2_2019-04-08T11;53;07+02;00_rgb_ann_distraction.json,6692,6871,reaching
dmd/gZ/32/s2/gZ_32_s2_2019-04-08T11;53;07+02;00_rgb_ann_distraction.json,7479,7526,reaching
dmd/gZ/32/s2/gZ_32_s2_2019-04-08T11;53;07+02;00_rgb_ann_distraction.json,8527,8621,reaching
dmd/gZ/32/s2/gZ_32_s2_2019-04-08T11;53;07+02;00_rgb_ann_distraction.json,8909,8954,reaching
dmd/gZ/32/s2/gZ_32_s2_2019-04-08T11;53;07+02;00_rgb_ann_distraction.json,9396,9442,reaching
dmd/gZ/32/s2/gZ_32_s2_2019-04-08T11;53;07+02;00_rgb_ann_distraction.json,9758,9816,reaching
dmd/gZ/32/s2/gZ_32_s2_2019-04-08T11;53;07+02;00_rgb_ann_distraction.json,10824,10870,reaching
dmd/gZ/32/s2/gZ_32_s2_2019-04-08T11;53;07+02;00_rgb_ann_distraction.json,11066,11112,reaching
dmd/gZ/32/s2/gZ_32_s2_2019-04-08T11;53;07+02;00_rgb_ann_distraction.json,11510,11555,reaching
dmd/gZ/32/s2/gZ_32_s2_2019-04-08T11;53;07+02;00_rgb_ann_distraction.json,11665,11801,reaching
dmd/gZ/32/s2/gZ_32_s2_2019-04-08T11;53;07+02;00_rgb_ann_distraction.json,11924,12014,reaching
dmd/gZ/32/s2/gZ_32_s2_2019-04-08T16;28;10+02;00_rgb_ann_distraction.json,7,138,safe
dmd/gZ/32/s2/gZ_32_s2_2019-04-08T16;28;10+02;00_rgb_ann_distraction.json,184,563,safe
dmd/gZ/32/s2/gZ_32_s2_2019-04-08T16;28;10+02;00_rgb_ann_distraction.json,921,1370,safe
dmd/gZ/32/s2/gZ_32_s2_2019-04-08T16;28;10+02;00_rgb_ann_distraction.json,3053,3316,safe
dmd/gZ/32/s2/gZ_32_s2_2019-04-08T16;28;10+02;00_rgb_ann_distraction.json,3783,4009,safe
dmd/gZ/32/s2/gZ_32_s2_2019-04-08T16;28;10+02;00_rgb_ann_distraction.json,5185,5308,safe
dmd/gZ/32/s2/gZ_32_s2_2019-04-08T16;28;10+02;00_rgb_ann_distraction.json,5852,6012,safe
dmd/gZ/32/s2/gZ_32_s2_2019-04-08T16;28;10+02;00_rgb_ann_distraction.json,6457,6840,safe
dmd/gZ/32/s2/gZ_32_s2_2019-04-08T16;28;10+02;00_rgb_ann_distraction.json,8315,8473,safe
dmd/gZ/32/s2/gZ_32_s2_2019-04-08T16;28;10+02;00_rgb_ann_distraction.json,9134,9446,safe
dmd/gZ/32/s2/gZ_32_s2_2019-04-08T16;28;10+02;00_rgb_ann_distraction.json,11513,11683,safe
dmd/gZ/32/s2/gZ_32_s2_2019-04-08T16;28;10+02;00_rgb_ann_distraction.json,12220,12473,safe
dmd/gZ/32/s2/gZ_32_s2_2019-04-08T16;28;10+02;00_rgb_ann_distraction.json,12791,12925,safe
dmd/gZ/32/s2/gZ_32_s2_2019-04-08T16;28;10+02;00_rgb_ann_distraction.json,1427,1445,unsafe
dmd/gZ/32/s2/gZ_32_s2_2019-04-08T16;28;10+02;00_rgb_ann_distraction.json,3372,3722,unsafe
dmd/gZ/32/s2/gZ_32_s2_2019-04-08T16;28;10+02;00_rgb_ann_distraction.json,4074,4103,unsafe
dmd/gZ/32/s2/gZ_32_s2_2019-04-08T16;28;10+02;00_rgb_ann_distraction.json,5372,5790,unsafe
dmd/gZ/32/s2/gZ_32_s2_2019-04-08T16;28;10+02;00_rgb_ann_distraction.json,1446,2967,unsafe
dmd/gZ/32/s2/gZ_32_s2_2019-04-08T16;28;10+02;00_rgb_ann_distraction.json,4104,5128,unsafe
dmd/gZ/32/s2/gZ_32_s2_2019-04-08T16;28;10+02;00_rgb_ann_distraction.json,6927,6944,unsafe
dmd/gZ/32/s2/gZ_32_s2_2019-04-08T16;28;10+02;00_rgb_ann_distraction.json,8568,9021,unsafe
dmd/gZ/32/s2/gZ_32_s2_2019-04-08T16;28;10+02;00_rgb_ann_distraction.json,9523,9539,unsafe
dmd/gZ/32/s2/gZ_32_s2_2019-04-08T16;28;10+02;00_rgb_ann_distraction.json,11762,12132,unsafe
dmd/gZ/32/s2/gZ_32_s2_2019-04-08T16;28;10+02;00_rgb_ann_distraction.json,6945,8195,unsafe
dmd/gZ/32/s2/gZ_32_s2_2019-04-08T16;28;10+02;00_rgb_ann_distraction.json,9540,11436,unsafe
dmd/gZ/32/s2/gZ_32_s2_2019-04-08T16;28;10+02;00_rgb_ann_distraction.json,564,699,reaching
dmd/gZ/32/s2/gZ_32_s2_2019-04-08T16;28;10+02;00_rgb_ann_distraction.json,843,920,reaching
dmd/gZ/32/s2/gZ_32_s2_2019-04-08T16;28;10+02;00_rgb_ann_distraction.json,1371,1426,reaching
dmd/gZ/32/s2/gZ_32_s2_2019-04-08T16;28;10+02;00_rgb_ann_distraction.json,2968,3052,reaching
dmd/gZ/32/s2/gZ_32_s2_2019-04-08T16;28;10+02;00_rgb_ann_distraction.json,3317,3371,reaching
dmd/gZ/32/s2/gZ_32_s2_2019-04-08T16;28;10+02;00_rgb_ann_distraction.json,3723,3782,reaching
dmd/gZ/32/s2/gZ_32_s2_2019-04-08T16;28;10+02;00_rgb_ann_distraction.json,4010,4073,reaching
dmd/gZ/32/s2/gZ_32_s2_2019-04-08T16;28;10+02;00_rgb_ann_distraction.json,5129,5184,reaching
dmd/gZ/32/s2/gZ_32_s2_2019-04-08T16;28;10+02;00_rgb_ann_distraction.json,5309,5371,reaching
dmd/gZ/32/s2/gZ_32_s2_2019-04-08T16;28;10+02;00_rgb_ann_distraction.json,5791,5851,reaching
dmd/gZ/32/s2/gZ_32_s2_2019-04-08T16;28;10+02;00_rgb_ann_distraction.json,6013,6161,reaching
dmd/gZ/32/s2/gZ_32_s2_2019-04-08T16;28;10+02;00_rgb_ann_distraction.json,6372,6456,reaching
dmd/gZ/32/s2/gZ_32_s2_2019-04-08T16;28;10+02;00_rgb_ann_distraction.json,6841,6893,reaching
dmd/gZ/32/s2/gZ_32_s2_2019-04-08T16;28;10+02;00_rgb_ann_distraction.json,8196,8211,reaching
dmd/gZ/32/s2/gZ_32_s2_2019-04-08T16;28;10+02;00_rgb_ann_distraction.json,8221,8281,reaching
dmd/gZ/32/s2/gZ_32_s2_2019-04-08T16;28;10+02;00_rgb_ann_distraction.json,8474,8534,reaching
dmd/gZ/32/s2/gZ_32_s2_2019-04-08T16;28;10+02;00_rgb_ann_distraction.json,9082,9133,reaching
dmd/gZ/32/s2/gZ_32_s2_2019-04-08T16;28;10+02;00_rgb_ann_distraction.json,9447,9491,reaching
dmd/gZ/32/s2/gZ_32_s2_2019-04-08T16;28;10+02;00_rgb_ann_distraction.json,11465,11512,reaching
dmd/gZ/32/s2/gZ_32_s2_2019-04-08T16;28;10+02;00_rgb_ann_distraction.json,11684,11729,reaching
dmd/gZ/32/s2/gZ_32_s2_2019-04-08T16;28;10+02;00_rgb_ann_distraction.json,12133,12219,reaching
dmd/gZ/32/s2/gZ_32_s2_2019-04-08T16;28;10+02;00_rgb_ann_distraction.json,12474,12590,reaching
dmd/gZ/32/s2/gZ_32_s2_2019-04-08T16;28;10+02;00_rgb_ann_distraction.json,12723,12790,reaching
