file_id                                   , frame_start, frame_end, activity       , delta
vp1/run1b_2018-05-29-14-02-47.kinect_color,         230,       265, electronics    ,    35
vp1/run1b_2018-05-29-14-02-47.kinect_color,        3114,      3155, electronics    ,    41
vp1/run1b_2018-05-29-14-02-47.kinect_color,        3310,      3356, reaching_behind,    46
vp1/run1b_2018-05-29-14-02-47.kinect_color,        3356,      3401, reaching_behind,    45
vp1/run1b_2018-05-29-14-02-47.kinect_color,        3401,      3411, reaching_behind,    10
vp1/run1b_2018-05-29-14-02-47.kinect_color,        3413,      3458, electronics    ,    45
vp1/run1b_2018-05-29-14-02-47.kinect_color,        3458,      3495, electronics    ,    37
vp1/run1b_2018-05-29-14-02-47.kinect_color,        3498,      3543, electronics    ,    45
vp1/run1b_2018-05-29-14-02-47.kinect_color,        3543,      3589, electronics    ,    46
vp1/run1b_2018-05-29-14-02-47.kinect_color,        3589,      3634, electronics    ,    45
vp1/run1b_2018-05-29-14-02-47.kinect_color,        3634,      3679, electronics    ,    45
vp1/run1b_2018-05-29-14-02-47.kinect_color,        3679,      3724, electronics    ,    45
vp1/run1b_2018-05-29-14-02-47.kinect_color,        3724,      3770, electronics    ,    46
vp1/run1b_2018-05-29-14-02-47.kinect_color,        3905,      3950, electronics    ,    45
vp1/run1b_2018-05-29-14-02-47.kinect_color,        3950,      3995, electronics    ,    45
vp1/run1b_2018-05-29-14-02-47.kinect_color,        3995,      4040, electronics    ,    45
vp1/run1b_2018-05-29-14-02-47.kinect_color,        4040,      4045, electronics    ,     5
vp1/run1b_2018-05-29-14-02-47.kinect_color,        4045,      4069, reaching_behind,    24
vp1/run1b_2018-05-29-14-02-47.kinect_color,        4070,      4116, electronics    ,    46
vp1/run1b_2018-05-29-14-02-47.kinect_color,        4116,      4161, electronics    ,    45
vp1/run1b_2018-05-29-14-02-47.kinect_color,        4161,      4206, electronics    ,    45
vp1/run1b_2018-05-29-14-02-47.kinect_color,        4206,      4251, electronics    ,    45
vp1/run1b_2018-05-29-14-02-47.kinect_color,        4251,      4297, electronics    ,    46
vp1/run1b_2018-05-29-14-02-47.kinect_color,        4297,      4342, electronics    ,    45
vp1/run1b_2018-05-29-14-02-47.kinect_color,        4342,      4387, electronics    ,    45
vp1/run1b_2018-05-29-14-02-47.kinect_color,        4387,      4432, electronics    ,    45
vp1/run1b_2018-05-29-14-02-47.kinect_color,        4432,      4479, electronics    ,    47
vp1/run1b_2018-05-29-14-02-47.kinect_color,        4479,      4525, electronics    ,    46
vp1/run1b_2018-05-29-14-02-47.kinect_color,        4525,      4570, electronics    ,    45
vp1/run1b_2018-05-29-14-02-47.kinect_color,        4570,      4615, electronics    ,    45
vp1/run1b_2018-05-29-14-02-47.kinect_color,        4615,      4660, electronics    ,    45
vp1/run1b_2018-05-29-14-02-47.kinect_color,        4660,      4705, electronics    ,    45
vp1/run1b_2018-05-29-14-02-47.kinect_color,        4705,      4750, electronics    ,    45
vp1/run1b_2018-05-29-14-02-47.kinect_color,        4750,      4765, electronics    ,    15
vp1/run1b_2018-05-29-14-02-47.kinect_color,        4765,      4811, electronics    ,    46
vp1/run1b_2018-05-29-14-02-47.kinect_color,        4811,      4816, electronics    ,     5
vp1/run1b_2018-05-29-14-02-47.kinect_color,        4816,      4854, electronics    ,    38
vp1/run1b_2018-05-29-14-02-47.kinect_color,        4875,      4901, reaching_behind,    26
vp1/run1b_2018-05-29-14-02-47.kinect_color,        4901,      4947, reaching_behind,    46
vp1/run1b_2018-05-29-14-02-47.kinect_color,        4947,      4993, reaching_behind,    46
vp1/run1b_2018-05-29-14-02-47.kinect_color,        4993,      5010, reaching_behind,    17
vp1/run1b_2018-05-29-14-02-47.kinect_color,        5010,      5037, electronics    ,    27
vp1/run1b_2018-05-29-14-02-47.kinect_color,        5171,      5212, reaching_behind,    41
vp1/run1b_2018-05-29-14-02-47.kinect_color,        5535,      5572, electronics    ,    37
vp1/run1b_2018-05-29-14-02-47.kinect_color,        6022,      6054, electronics    ,    32
vp1/run1b_2018-05-29-14-02-47.kinect_color,        6054,      6098, reaching_behind,    44
vp1/run1b_2018-05-29-14-02-47.kinect_color,        6098,      6116, eat_drink      ,    18
vp1/run1b_2018-05-29-14-02-47.kinect_color,        6117,      6162, electronics    ,    45
vp1/run1b_2018-05-29-14-02-47.kinect_color,        6162,      6207, electronics    ,    45
vp1/run1b_2018-05-29-14-02-47.kinect_color,        6207,      6234, electronics    ,    27
vp1/run1b_2018-05-29-14-02-47.kinect_color,        6234,      6263, eat_drink      ,    29
vp1/run1b_2018-05-29-14-02-47.kinect_color,        6263,      6308, eat_drink      ,    45
vp1/run1b_2018-05-29-14-02-47.kinect_color,        6308,      6353, eat_drink      ,    45
vp1/run1b_2018-05-29-14-02-47.kinect_color,        6353,      6357, eat_drink      ,     4
vp1/run1b_2018-05-29-14-02-47.kinect_color,        6357,      6402, eat_drink      ,    45
vp1/run1b_2018-05-29-14-02-47.kinect_color,        6402,      6446, eat_drink      ,    44
vp1/run1b_2018-05-29-14-02-47.kinect_color,        6446,      6488, reaching_behind,    42
vp1/run1b_2018-05-29-14-02-47.kinect_color,        6564,      6607, electronics    ,    43
vp1/run1b_2018-05-29-14-02-47.kinect_color,        7057,      7080, reaching_behind,    23
vp1/run1b_2018-05-29-14-02-47.kinect_color,        7080,      7103, electronics    ,    23
vp1/run1b_2018-05-29-14-02-47.kinect_color,        7478,      7523, reaching_behind,    45
vp1/run1b_2018-05-29-14-02-47.kinect_color,        7523,      7526, reaching_behind,     3
vp1/run1b_2018-05-29-14-02-47.kinect_color,        7526,      7571, eat_drink      ,    45
vp1/run1b_2018-05-29-14-02-47.kinect_color,        7571,      7616, eat_drink      ,    45
vp1/run1b_2018-05-29-14-02-47.kinect_color,        7616,      7627, eat_drink      ,    11
vp1/run1b_2018-05-29-14-02-47.kinect_color,        7627,      7672, eat_drink      ,    45
vp1/run1b_2018-05-29-14-02-47.kinect_color,        7672,      7718, eat_drink      ,    46
vp1/run1b_2018-05-29-14-02-47.kinect_color,        7718,      7764, eat_drink      ,    46
vp1/run1b_2018-05-29-14-02-47.kinect_color,        7764,      7809, eat_drink      ,    45
vp1/run1b_2018-05-29-14-02-47.kinect_color,        7809,      7855, eat_drink      ,    46
vp1/run1b_2018-05-29-14-02-47.kinect_color,        7855,      7900, eat_drink      ,    45
vp1/run1b_2018-05-29-14-02-47.kinect_color,        7900,      7945, eat_drink      ,    45
vp1/run1b_2018-05-29-14-02-47.kinect_color,        7945,      7991, eat_drink      ,    46
vp1/run1b_2018-05-29-14-02-47.kinect_color,        7991,      8035, eat_drink      ,    44
vp1/run1b_2018-05-29-14-02-47.kinect_color,        8035,      8080, eat_drink      ,    45
vp1/run1b_2018-05-29-14-02-47.kinect_color,        8080,      8120, eat_drink      ,    40
vp1/run1b_2018-05-29-14-02-47.kinect_color,        8120,      8165, reaching_behind,    45
vp1/run1b_2018-05-29-14-02-47.kinect_color,        8165,      8210, reaching_behind,    45
vp1/run1b_2018-05-29-14-02-47.kinect_color,        8210,      8238, reaching_behind,    28
vp1/run1b_2018-05-29-14-02-47.kinect_color,        8321,      8365, reaching_behind,    44
vp1/run1b_2018-05-29-14-02-47.kinect_color,        8365,      8410, eat_drink      ,    45
vp1/run1b_2018-05-29-14-02-47.kinect_color,        8410,      8416, eat_drink      ,     6
vp1/run1b_2018-05-29-14-02-47.kinect_color,        8416,      8461, eat_drink      ,    45
vp1/run1b_2018-05-29-14-02-47.kinect_color,        8461,      8506, eat_drink      ,    45
vp1/run1b_2018-05-29-14-02-47.kinect_color,        8506,      8545, eat_drink      ,    39
vp1/run1b_2018-05-29-14-02-47.kinect_color,        8545,      8590, eat_drink      ,    45
vp1/run1b_2018-05-29-14-02-47.kinect_color,        8590,      8610, eat_drink      ,    20
vp1/run1b_2018-05-29-14-02-47.kinect_color,        8610,      8654, reaching_behind,    44
vp1/run1b_2018-05-29-14-02-47.kinect_color,        8871,      8902, electronics    ,    31
vp1/run1b_2018-05-29-14-02-47.kinect_color,        8998,      9015, reaching_behind,    17
vp1/run1b_2018-05-29-14-02-47.kinect_color,        9044,      9088, reaching_behind,    44
vp1/run1b_2018-05-29-14-02-47.kinect_color,        9088,      9124, reaching_behind,    36
vp1/run1b_2018-05-29-14-02-47.kinect_color,        9318,      9329, reaching_behind,    11
vp1/run1b_2018-05-29-14-02-47.kinect_color,        9329,      9364, electronics    ,    35
vp1/run1b_2018-05-29-14-02-47.kinect_color,       10135,     10173, reaching_behind,    38
vp1/run1b_2018-05-29-14-02-47.kinect_color,       10173,     10219, reaching_behind,    46
vp1/run1b_2018-05-29-14-02-47.kinect_color,       10219,     10238, reaching_behind,    19
vp1/run1b_2018-05-29-14-02-47.kinect_color,       11007,     11040, reaching_behind,    33
vp1/run1b_2018-05-29-14-02-47.kinect_color,       11040,     11073, reaching_behind,    33
vp1/run1b_2018-05-29-14-02-47.kinect_color,       11324,     11370, reaching_behind,    46
vp1/run1b_2018-05-29-14-02-47.kinect_color,       11370,     11400, reaching_behind,    30
vp1/run1b_2018-05-29-14-02-47.kinect_color,       11400,     11427, electronics    ,    27
vp1/run1b_2018-05-29-14-02-47.kinect_color,       11951,     11995, reaching_behind,    44
vp1/run1b_2018-05-29-14-02-47.kinect_color,       11995,     12024, reaching_behind,    29
vp1/run1b_2018-05-29-14-02-47.kinect_color,       12305,     12331, reaching_behind,    26
vp1/run1b_2018-05-29-14-02-47.kinect_color,       12331,     12350, electronics    ,    19
vp1/run1b_2018-05-29-14-02-47.kinect_color,       12558,     12603, reaching_behind,    45
vp1/run1b_2018-05-29-14-02-47.kinect_color,       12603,     12621, reaching_behind,    18
vp1/run1b_2018-05-29-14-02-47.kinect_color,       12621,     12666, electronics    ,    45
vp1/run1b_2018-05-29-14-02-47.kinect_color,       12666,     12669, electronics    ,     3
vp1/run1b_2018-05-29-14-02-47.kinect_color,       12670,     12715, electronics    ,    45
vp1/run1b_2018-05-29-14-02-47.kinect_color,       12715,     12761, electronics    ,    46
vp1/run1b_2018-05-29-14-02-47.kinect_color,       12761,     12805, electronics    ,    44
vp1/run1b_2018-05-29-14-02-47.kinect_color,       12805,     12851, electronics    ,    46
vp1/run1b_2018-05-29-14-02-47.kinect_color,       12851,     12896, electronics    ,    45
vp1/run1b_2018-05-29-14-02-47.kinect_color,       12897,     12943, electronics    ,    46
vp1/run1b_2018-05-29-14-02-47.kinect_color,       12943,     12988, electronics    ,    45
vp1/run1b_2018-05-29-14-02-47.kinect_color,       12988,     13034, electronics    ,    46
vp1/run1b_2018-05-29-14-02-47.kinect_color,       13034,     13064, electronics    ,    30
vp1/run1b_2018-05-29-14-02-47.kinect_color,       13064,     13077, electronics    ,    13
vp1/run1b_2018-05-29-14-02-47.kinect_color,       13077,     13123, reaching_behind,    46
vp1/run1b_2018-05-29-14-02-47.kinect_color,       13123,     13136, reaching_behind,    13
vp1/run1b_2018-05-29-14-02-47.kinect_color,       13412,     13426, electronics    ,    14
vp1/run1b_2018-05-29-14-02-47.kinect_color,       13427,     13456, reaching_behind,    29
vp1/run1b_2018-05-29-14-02-47.kinect_color,       13458,     13484, eat_drink      ,    26
vp1/run1b_2018-05-29-14-02-47.kinect_color,       13484,     13529, eat_drink      ,    45
vp1/run1b_2018-05-29-14-02-47.kinect_color,       13529,     13564, eat_drink      ,    35
vp1/run1b_2018-05-29-14-02-47.kinect_color,       13564,     13610, eat_drink      ,    46
vp1/run1b_2018-05-29-14-02-47.kinect_color,       13610,     13655, eat_drink      ,    45
vp1/run1b_2018-05-29-14-02-47.kinect_color,       13655,     13685, reaching_behind,    30
vp1/run1b_2018-05-29-14-02-47.kinect_color,       13685,     13730, eat_drink      ,    45
vp1/run1b_2018-05-29-14-02-47.kinect_color,       13730,     13775, eat_drink      ,    45
vp1/run1b_2018-05-29-14-02-47.kinect_color,       13775,     13821, eat_drink      ,    46
vp1/run1b_2018-05-29-14-02-47.kinect_color,       13821,     13858, eat_drink      ,    37
vp1/run1b_2018-05-29-14-02-47.kinect_color,       13858,     13890, eat_drink      ,    32
vp1/run1b_2018-05-29-14-02-47.kinect_color,       14054,     14100, reaching_behind,    46
vp1/run1b_2018-05-29-14-02-47.kinect_color,       14100,     14104, reaching_behind,     4
vp1/run1b_2018-05-29-14-02-47.kinect_color,       14104,     14151, reaching_behind,    47
vp1/run1b_2018-05-29-14-02-47.kinect_color,       14151,     14196, reaching_behind,    45
vp1/run1b_2018-05-29-14-02-47.kinect_color,       14196,     14199, reaching_behind,     3
vp1/run1b_2018-05-29-14-02-47.kinect_color,       14352,     14384, reaching_behind,    32
vp1/run1b_2018-05-29-14-02-47.kinect_color,       14384,     14400, eat_drink      ,    16
vp1/run1b_2018-05-29-14-02-47.kinect_color,       14400,     14445, eat_drink      ,    45
vp1/run1b_2018-05-29-14-02-47.kinect_color,       14445,     14491, eat_drink      ,    46
vp1/run1b_2018-05-29-14-02-47.kinect_color,       14491,     14522, eat_drink      ,    31
vp1/run1b_2018-05-29-14-02-47.kinect_color,       14565,     14595, reaching_behind,    30
vp1/run1b_2018-05-29-14-02-47.kinect_color,       14595,     14630, reaching_behind,    35
vp1/run1b_2018-05-29-14-02-47.kinect_color,       14630,     14665, eat_drink      ,    35
vp1/run1b_2018-05-29-14-02-47.kinect_color,       14665,     14710, eat_drink      ,    45
vp1/run1b_2018-05-29-14-02-47.kinect_color,       14710,     14739, eat_drink      ,    29
vp1/run1b_2018-05-29-14-02-47.kinect_color,       14739,     14776, eat_drink      ,    37
vp1/run1b_2018-05-29-14-02-47.kinect_color,       14776,     14795, reaching_behind,    19
vp1/run1b_2018-05-29-14-02-47.kinect_color,       14795,     14817, electronics    ,    22
vp1/run1b_2018-05-29-14-02-47.kinect_color,       15026,     15071, reaching_behind,    45
vp1/run1b_2018-05-29-14-02-47.kinect_color,       15923,     15946, reaching_behind,    23
vp1/run1b_2018-05-29-14-02-47.kinect_color,       15946,     15977, reaching_behind,    31
vp1/run1b_2018-05-29-14-02-47.kinect_color,       16282,     16317, reaching_behind,    35
vp1/run1b_2018-05-29-14-02-47.kinect_color,       16317,     16356, electronics    ,    39
vp1/run1b_2018-05-29-14-02-47.kinect_color,       18170,     18206, reaching_behind,    36
vp1/run1b_2018-05-29-14-02-47.kinect_color,       18263,     18293, electronics    ,    30
vp1/run2_2018-05-29-14-33-44.kinect_color ,         188,       199, electronics    ,    11
vp1/run2_2018-05-29-14-33-44.kinect_color ,         678,       696, electronics    ,    18
vp1/run2_2018-05-29-14-33-44.kinect_color ,        3478,      3490, electronics    ,    12
vp1/run2_2018-05-29-14-33-44.kinect_color ,        4573,      4617, reaching_behind,    44
vp1/run2_2018-05-29-14-33-44.kinect_color ,        4617,      4663, reaching_behind,    46
vp1/run2_2018-05-29-14-33-44.kinect_color ,        4663,      4682, reaching_behind,    19
vp1/run2_2018-05-29-14-33-44.kinect_color ,        4864,      4875, electronics    ,    11
vp1/run2_2018-05-29-14-33-44.kinect_color ,        6442,      6487, reaching_behind,    45
vp1/run2_2018-05-29-14-33-44.kinect_color ,        6487,      6496, reaching_behind,     9
vp1/run2_2018-05-29-14-33-44.kinect_color ,        6666,      6696, reaching_behind,    30
vp1/run2_2018-05-29-14-33-44.kinect_color ,        6701,      6714, electronics    ,    13
vp1/run2_2018-05-29-14-33-44.kinect_color ,        7411,      7457, reaching_behind,    46
vp1/run2_2018-05-29-14-33-44.kinect_color ,        7457,      7480, reaching_behind,    23
vp1/run2_2018-05-29-14-33-44.kinect_color ,        7549,      7561, electronics    ,    12
vp1/run2_2018-05-29-14-33-44.kinect_color ,        8130,      8176, reaching_behind,    46
vp1/run2_2018-05-29-14-33-44.kinect_color ,        8176,      8191, reaching_behind,    15
vp1/run2_2018-05-29-14-33-44.kinect_color ,        8915,      8962, reaching_behind,    47
vp1/run2_2018-05-29-14-33-44.kinect_color ,        8962,      8990, reaching_behind,    28
vp1/run2_2018-05-29-14-33-44.kinect_color ,        8990,      8997, reaching_behind,     7
vp1/run2_2018-05-29-14-33-44.kinect_color ,        8997,      9042, reaching_behind,    45
vp1/run2_2018-05-29-14-33-44.kinect_color ,        9042,      9064, reaching_behind,    22
vp1/run2_2018-05-29-14-33-44.kinect_color ,        9408,      9453, reaching_behind,    45
vp1/run2_2018-05-29-14-33-44.kinect_color ,        9453,      9499, reaching_behind,    46
vp1/run2_2018-05-29-14-33-44.kinect_color ,        9499,      9541, reaching_behind,    42
vp1/run2_2018-05-29-14-33-44.kinect_color ,        9858,      9877, reaching_behind,    19
vp1/run2_2018-05-29-14-33-44.kinect_color ,        9877,      9922, reaching_behind,    45
vp1/run2_2018-05-29-14-33-44.kinect_color ,        9922,      9932, reaching_behind,    10
vp1/run2_2018-05-29-14-33-44.kinect_color ,        9932,      9977, eat_drink      ,    45
vp1/run2_2018-05-29-14-33-44.kinect_color ,        9977,      9989, eat_drink      ,    12
vp1/run2_2018-05-29-14-33-44.kinect_color ,        9989,     10034, eat_drink      ,    45
vp1/run2_2018-05-29-14-33-44.kinect_color ,       10034,     10079, eat_drink      ,    45
vp1/run2_2018-05-29-14-33-44.kinect_color ,       10079,     10124, eat_drink      ,    45
vp1/run2_2018-05-29-14-33-44.kinect_color ,       10124,     10169, eat_drink      ,    45
vp1/run2_2018-05-29-14-33-44.kinect_color ,       10169,     10215, eat_drink      ,    46
vp1/run2_2018-05-29-14-33-44.kinect_color ,       10215,     10261, eat_drink      ,    46
vp1/run2_2018-05-29-14-33-44.kinect_color ,       10261,     10306, eat_drink      ,    45
vp1/run2_2018-05-29-14-33-44.kinect_color ,       10306,     10351, eat_drink      ,    45
vp1/run2_2018-05-29-14-33-44.kinect_color ,       10351,     10364, eat_drink      ,    13
vp1/run2_2018-05-29-14-33-44.kinect_color ,       10364,     10409, reaching_behind,    45
vp1/run2_2018-05-29-14-33-44.kinect_color ,       10409,     10454, reaching_behind,    45
vp1/run2_2018-05-29-14-33-44.kinect_color ,       10454,     10479, reaching_behind,    25
vp1/run2_2018-05-29-14-33-44.kinect_color ,       10479,     10518, eat_drink      ,    39
vp1/run2_2018-05-29-14-33-44.kinect_color ,       10545,     10586, reaching_behind,    41
vp1/run2_2018-05-29-14-33-44.kinect_color ,       10586,     10631, eat_drink      ,    45
vp1/run2_2018-05-29-14-33-44.kinect_color ,       10631,     10635, eat_drink      ,     4
vp1/run2_2018-05-29-14-33-44.kinect_color ,       10693,     10738, eat_drink      ,    45
vp1/run2_2018-05-29-14-33-44.kinect_color ,       10738,     10783, eat_drink      ,    45
vp1/run2_2018-05-29-14-33-44.kinect_color ,       10783,     10798, eat_drink      ,    15
vp1/run2_2018-05-29-14-33-44.kinect_color ,       10857,     10903, eat_drink      ,    46
vp1/run2_2018-05-29-14-33-44.kinect_color ,       10903,     10907, eat_drink      ,     4
vp1/run2_2018-05-29-14-33-44.kinect_color ,       10907,     10952, reaching_behind,    45
vp1/run2_2018-05-29-14-33-44.kinect_color ,       10952,     10956, reaching_behind,     4
vp1/run2_2018-05-29-14-33-44.kinect_color ,       11470,     11483, electronics    ,    13
vp1/run2_2018-05-29-14-33-44.kinect_color ,       11811,     11857, reaching_behind,    46
vp1/run2_2018-05-29-14-33-44.kinect_color ,       11857,     11896, reaching_behind,    39
vp1/run2_2018-05-29-14-33-44.kinect_color ,       12391,     12430, reaching_behind,    39
vp1/run2_2018-05-29-14-33-44.kinect_color ,       12430,     12474, reaching_behind,    44
vp1/run2_2018-05-29-14-33-44.kinect_color ,       12474,     12520, reaching_behind,    46
vp1/run2_2018-05-29-14-33-44.kinect_color ,       12520,     12528, reaching_behind,     8
vp1/run2_2018-05-29-14-33-44.kinect_color ,       12673,     12708, reaching_behind,    35
vp1/run2_2018-05-29-14-33-44.kinect_color ,       12819,     12838, reaching_behind,    19
vp1/run2_2018-05-29-14-33-44.kinect_color ,       13017,     13064, reaching_behind,    47
vp1/run2_2018-05-29-14-33-44.kinect_color ,       13064,     13108, reaching_behind,    44
vp1/run2_2018-05-29-14-33-44.kinect_color ,       13108,     13122, reaching_behind,    14
vp1/run2_2018-05-29-14-33-44.kinect_color ,       13127,     13134, electronics    ,     7
vp1/run2_2018-05-29-14-33-44.kinect_color ,       13384,     13410, reaching_behind,    26
vp1/run2_2018-05-29-14-33-44.kinect_color ,       13410,     13456, reaching_behind,    46
vp1/run2_2018-05-29-14-33-44.kinect_color ,       13456,     13491, reaching_behind,    35
vp1/run2_2018-05-29-14-33-44.kinect_color ,       13491,     13528, electronics    ,    37
vp1/run2_2018-05-29-14-33-44.kinect_color ,       13528,     13573, electronics    ,    45
vp1/run2_2018-05-29-14-33-44.kinect_color ,       13573,     13618, electronics    ,    45
vp1/run2_2018-05-29-14-33-44.kinect_color ,       13618,     13663, electronics    ,    45
vp1/run2_2018-05-29-14-33-44.kinect_color ,       13663,     13709, electronics    ,    46
vp1/run2_2018-05-29-14-33-44.kinect_color ,       13709,     13754, electronics    ,    45
vp1/run2_2018-05-29-14-33-44.kinect_color ,       13754,     13800, electronics    ,    46
vp1/run2_2018-05-29-14-33-44.kinect_color ,       13800,     13847, electronics    ,    47
vp1/run2_2018-05-29-14-33-44.kinect_color ,       13847,     13892, electronics    ,    45
vp1/run2_2018-05-29-14-33-44.kinect_color ,       13892,     13938, electronics    ,    46
vp1/run2_2018-05-29-14-33-44.kinect_color ,       13938,     13984, electronics    ,    46
vp1/run2_2018-05-29-14-33-44.kinect_color ,       13984,     14028, electronics    ,    44
vp1/run2_2018-05-29-14-33-44.kinect_color ,       14028,     14075, electronics    ,    47
vp1/run2_2018-05-29-14-33-44.kinect_color ,       14075,     14119, electronics    ,    44
vp1/run2_2018-05-29-14-33-44.kinect_color ,       14119,     14165, electronics    ,    46
vp1/run2_2018-05-29-14-33-44.kinect_color ,       14165,     14210, electronics    ,    45
vp1/run2_2018-05-29-14-33-44.kinect_color ,       14210,     14255, electronics    ,    45
vp1/run2_2018-05-29-14-33-44.kinect_color ,       14255,     14298, electronics    ,    43
vp1/run2_2018-05-29-14-33-44.kinect_color ,       14298,     14343, electronics    ,    45
vp1/run2_2018-05-29-14-33-44.kinect_color ,       14343,     14388, electronics    ,    45
vp1/run2_2018-05-29-14-33-44.kinect_color ,       14388,     14395, electronics    ,     7
vp1/run2_2018-05-29-14-33-44.kinect_color ,       14395,     14441, reaching_behind,    46
vp1/run2_2018-05-29-14-33-44.kinect_color ,       14441,     14448, reaching_behind,     7
vp1/run2_2018-05-29-14-33-44.kinect_color ,       14661,     14690, electronics    ,    29
vp1/run2_2018-05-29-14-33-44.kinect_color ,       14723,     14768, electronics    ,    45
vp1/run2_2018-05-29-14-33-44.kinect_color ,       14768,     14814, electronics    ,    46
vp1/run2_2018-05-29-14-33-44.kinect_color ,       14814,     14859, electronics    ,    45
vp1/run2_2018-05-29-14-33-44.kinect_color ,       14859,     14884, electronics    ,    25
vp1/run2_2018-05-29-14-33-44.kinect_color ,       14994,     15039, electronics    ,    45
vp1/run2_2018-05-29-14-33-44.kinect_color ,       15039,     15084, electronics    ,    45
vp1/run2_2018-05-29-14-33-44.kinect_color ,       15084,     15089, electronics    ,     5
vp1/run2_2018-05-29-14-33-44.kinect_color ,       16105,     16117, electronics    ,    12
vp1/run2_2018-05-29-14-33-44.kinect_color ,       16480,     16525, electronics    ,    45
vp1/run2_2018-05-29-14-33-44.kinect_color ,       16525,     16539, electronics    ,    14
vp1/run2_2018-05-29-14-33-44.kinect_color ,       18802,     18816, electronics    ,    14
vp1/run2_2018-05-29-14-33-44.kinect_color ,       18957,     19001, reaching_behind,    44
vp1/run2_2018-05-29-14-33-44.kinect_color ,       19361,     19385, reaching_behind,    24
vp1/run2_2018-05-29-14-33-44.kinect_color ,       19385,     19393, electronics    ,     8
vp1/run2_2018-05-29-14-33-44.kinect_color ,       19664,     19709, reaching_behind,    45
vp1/run2_2018-05-29-14-33-44.kinect_color ,       19709,     19731, reaching_behind,    22
vp1/run2_2018-05-29-14-33-44.kinect_color ,       19748,     19769, electronics    ,    21
vp1/run2_2018-05-29-14-33-44.kinect_color ,       19769,     19814, electronics    ,    45
vp1/run2_2018-05-29-14-33-44.kinect_color ,       19814,     19859, electronics    ,    45
vp1/run2_2018-05-29-14-33-44.kinect_color ,       19859,     19904, electronics    ,    45
vp1/run2_2018-05-29-14-33-44.kinect_color ,       19904,     19950, electronics    ,    46
vp1/run2_2018-05-29-14-33-44.kinect_color ,       19950,     19995, electronics    ,    45
vp1/run2_2018-05-29-14-33-44.kinect_color ,       19995,     20041, electronics    ,    46
vp1/run2_2018-05-29-14-33-44.kinect_color ,       20041,     20086, electronics    ,    45
vp1/run2_2018-05-29-14-33-44.kinect_color ,       20086,     20132, electronics    ,    46
vp1/run2_2018-05-29-14-33-44.kinect_color ,       20132,     20177, electronics    ,    45
vp1/run2_2018-05-29-14-33-44.kinect_color ,       20177,     20222, electronics    ,    45
vp1/run2_2018-05-29-14-33-44.kinect_color ,       20222,     20246, electronics    ,    24
vp1/run2_2018-05-29-14-33-44.kinect_color ,       20246,     20286, reaching_behind,    40
vp1/run2_2018-05-29-14-33-44.kinect_color ,       20286,     20333, electronics    ,    47
vp1/run2_2018-05-29-14-33-44.kinect_color ,       20333,     20378, electronics    ,    45
vp1/run2_2018-05-29-14-33-44.kinect_color ,       20378,     20423, electronics    ,    45
vp1/run2_2018-05-29-14-33-44.kinect_color ,       20423,     20469, electronics    ,    46
vp1/run2_2018-05-29-14-33-44.kinect_color ,       20469,     20513, electronics    ,    44
vp1/run2_2018-05-29-14-33-44.kinect_color ,       20513,     20558, electronics    ,    45
vp1/run2_2018-05-29-14-33-44.kinect_color ,       20558,     20604, electronics    ,    46
vp1/run2_2018-05-29-14-33-44.kinect_color ,       20604,     20649, electronics    ,    45
vp1/run2_2018-05-29-14-33-44.kinect_color ,       20649,     20691, electronics    ,    42
vp1/run2_2018-05-29-14-33-44.kinect_color ,       20691,     20716, electronics    ,    25
vp1/run2_2018-05-29-14-33-44.kinect_color ,       20716,     20761, reaching_behind,    45
vp1/run2_2018-05-29-14-33-44.kinect_color ,       20761,     20787, reaching_behind,    26
vp1/run2_2018-05-29-14-33-44.kinect_color ,       20787,     20797, electronics    ,    10
vp2/run1_2018-05-03-14-08-31.kinect_color ,         577,       612, electronics    ,    35
vp2/run1_2018-05-03-14-08-31.kinect_color ,        4846,      4863, electronics    ,    17
vp2/run1_2018-05-03-14-08-31.kinect_color ,        5087,      5133, reaching_behind,    46
vp2/run1_2018-05-03-14-08-31.kinect_color ,        5133,      5153, reaching_behind,    20
vp2/run1_2018-05-03-14-08-31.kinect_color ,        5153,      5198, reaching_behind,    45
vp2/run1_2018-05-03-14-08-31.kinect_color ,        5198,      5243, reaching_behind,    45
vp2/run1_2018-05-03-14-08-31.kinect_color ,        5243,      5288, reaching_behind,    45
vp2/run1_2018-05-03-14-08-31.kinect_color ,        5288,      5334, reaching_behind,    46
vp2/run1_2018-05-03-14-08-31.kinect_color ,        5334,      5378, reaching_behind,    44
vp2/run1_2018-05-03-14-08-31.kinect_color ,        5378,      5424, reaching_behind,    46
vp2/run1_2018-05-03-14-08-31.kinect_color ,        5424,      5469, reaching_behind,    45
vp2/run1_2018-05-03-14-08-31.kinect_color ,        5469,      5514, reaching_behind,    45
vp2/run1_2018-05-03-14-08-31.kinect_color ,        5514,      5559, reaching_behind,    45
vp2/run1_2018-05-03-14-08-31.kinect_color ,        5559,      5605, reaching_behind,    46
vp2/run1_2018-05-03-14-08-31.kinect_color ,        5605,      5650, reaching_behind,    45
vp2/run1_2018-05-03-14-08-31.kinect_color ,        5650,      5695, reaching_behind,    45
vp2/run1_2018-05-03-14-08-31.kinect_color ,        5695,      5740, reaching_behind,    45
vp2/run1_2018-05-03-14-08-31.kinect_color ,        5740,      5786, reaching_behind,    46
vp2/run1_2018-05-03-14-08-31.kinect_color ,        5786,      5831, reaching_behind,    45
vp2/run1_2018-05-03-14-08-31.kinect_color ,        5831,      5877, reaching_behind,    46
vp2/run1_2018-05-03-14-08-31.kinect_color ,        5877,      5922, reaching_behind,    45
vp2/run1_2018-05-03-14-08-31.kinect_color ,        5922,      5967, reaching_behind,    45
vp2/run1_2018-05-03-14-08-31.kinect_color ,        5967,      6012, reaching_behind,    45
vp2/run1_2018-05-03-14-08-31.kinect_color ,        6012,      6025, reaching_behind,    13
vp2/run1_2018-05-03-14-08-31.kinect_color ,        6025,      6051, reaching_behind,    26
vp2/run1_2018-05-03-14-08-31.kinect_color ,        6051,      6097, reaching_behind,    46
vp2/run1_2018-05-03-14-08-31.kinect_color ,        6097,      6131, reaching_behind,    34
vp2/run1_2018-05-03-14-08-31.kinect_color ,        6443,      6459, reaching_behind,    16
vp2/run1_2018-05-03-14-08-31.kinect_color ,        6459,      6473, electronics    ,    14
vp2/run1_2018-05-03-14-08-31.kinect_color ,        6487,      6530, reaching_behind,    43
vp2/run1_2018-05-03-14-08-31.kinect_color ,        7254,      7299, reaching_behind,    45
vp2/run1_2018-05-03-14-08-31.kinect_color ,        7299,      7317, reaching_behind,    18
vp2/run1_2018-05-03-14-08-31.kinect_color ,        7619,      7646, reaching_behind,    27
vp2/run1_2018-05-03-14-08-31.kinect_color ,        7646,      7692, electronics    ,    46
vp2/run1_2018-05-03-14-08-31.kinect_color ,        7692,      7736, electronics    ,    44
vp2/run1_2018-05-03-14-08-31.kinect_color ,        7736,      7779, electronics    ,    43
vp2/run1_2018-05-03-14-08-31.kinect_color ,        7779,      7814, reaching_behind,    35
vp2/run1_2018-05-03-14-08-31.kinect_color ,        7820,      7833, electronics    ,    13
vp2/run1_2018-05-03-14-08-31.kinect_color ,        8032,      8063, reaching_behind,    31
vp2/run1_2018-05-03-14-08-31.kinect_color ,        8063,      8108, electronics    ,    45
vp2/run1_2018-05-03-14-08-31.kinect_color ,        8108,      8153, electronics    ,    45
vp2/run1_2018-05-03-14-08-31.kinect_color ,        8153,      8198, electronics    ,    45
vp2/run1_2018-05-03-14-08-31.kinect_color ,        8198,      8243, electronics    ,    45
vp2/run1_2018-05-03-14-08-31.kinect_color ,        8243,      8288, electronics    ,    45
vp2/run1_2018-05-03-14-08-31.kinect_color ,        8288,      8333, electronics    ,    45
vp2/run1_2018-05-03-14-08-31.kinect_color ,        8333,      8378, electronics    ,    45
vp2/run1_2018-05-03-14-08-31.kinect_color ,        8378,      8423, electronics    ,    45
vp2/run1_2018-05-03-14-08-31.kinect_color ,        8423,      8468, electronics    ,    45
vp2/run1_2018-05-03-14-08-31.kinect_color ,        8468,      8513, electronics    ,    45
vp2/run1_2018-05-03-14-08-31.kinect_color ,        8513,      8559, electronics    ,    46
vp2/run1_2018-05-03-14-08-31.kinect_color ,        8559,      8604, electronics    ,    45
vp2/run1_2018-05-03-14-08-31.kinect_color ,        8604,      8649, electronics    ,    45
vp2/run1_2018-05-03-14-08-31.kinect_color ,        8649,      8694, electronics    ,    45
vp2/run1_2018-05-03-14-08-31.kinect_color ,        8694,      8734, electronics    ,    40
vp2/run1_2018-05-03-14-08-31.kinect_color ,        8734,      8779, electronics    ,    45
vp2/run1_2018-05-03-14-08-31.kinect_color ,        8779,      8825, electronics    ,    46
vp2/run1_2018-05-03-14-08-31.kinect_color ,        8825,      8871, electronics    ,    46
vp2/run1_2018-05-03-14-08-31.kinect_color ,        8871,      8916, electronics    ,    45
vp2/run1_2018-05-03-14-08-31.kinect_color ,        8916,      8961, electronics    ,    45
vp2/run1_2018-05-03-14-08-31.kinect_color ,        8961,      9006, electronics    ,    45
vp2/run1_2018-05-03-14-08-31.kinect_color ,        9006,      9030, electronics    ,    24
vp2/run1_2018-05-03-14-08-31.kinect_color ,        9030,      9075, electronics    ,    45
vp2/run1_2018-05-03-14-08-31.kinect_color ,        9075,      9105, electronics    ,    30
vp2/run1_2018-05-03-14-08-31.kinect_color ,        9105,      9140, reaching_behind,    35
vp2/run1_2018-05-03-14-08-31.kinect_color ,        9140,      9185, reaching_behind,    45
vp2/run1_2018-05-03-14-08-31.kinect_color ,        9185,      9220, reaching_behind,    35
vp2/run1_2018-05-03-14-08-31.kinect_color ,        9919,      9931, reaching_behind,    12
vp2/run1_2018-05-03-14-08-31.kinect_color ,        9931,      9976, reaching_behind,    45
vp2/run1_2018-05-03-14-08-31.kinect_color ,        9976,     10021, reaching_behind,    45
vp2/run1_2018-05-03-14-08-31.kinect_color ,       10021,     10043, reaching_behind,    22
vp2/run1_2018-05-03-14-08-31.kinect_color ,       10158,     10203, reaching_behind,    45
vp2/run1_2018-05-03-14-08-31.kinect_color ,       10203,     10215, reaching_behind,    12
vp2/run1_2018-05-03-14-08-31.kinect_color ,       10215,     10234, electronics    ,    19
vp2/run1_2018-05-03-14-08-31.kinect_color ,       10626,     10651, electronics    ,    25
vp2/run1_2018-05-03-14-08-31.kinect_color ,       13501,     13523, electronics    ,    22
vp2/run1_2018-05-03-14-08-31.kinect_color ,       14766,     14774, electronics    ,     8
vp2/run1_2018-05-03-14-08-31.kinect_color ,       14791,     14802, electronics    ,    11
vp2/run1_2018-05-03-14-08-31.kinect_color ,       15557,     15599, reaching_behind,    42
vp2/run1_2018-05-03-14-08-31.kinect_color ,       15714,     15727, electronics    ,    13
vp2/run1_2018-05-03-14-08-31.kinect_color ,       16164,     16210, reaching_behind,    46
vp2/run1_2018-05-03-14-08-31.kinect_color ,       16210,     16233, reaching_behind,    23
vp2/run1_2018-05-03-14-08-31.kinect_color ,       16309,     16328, electronics    ,    19
vp2/run1_2018-05-03-14-08-31.kinect_color ,       17108,     17153, reaching_behind,    45
vp2/run1_2018-05-03-14-08-31.kinect_color ,       17153,     17167, reaching_behind,    14
vp2/run1_2018-05-03-14-08-31.kinect_color ,       17167,     17212, reaching_behind,    45
vp2/run1_2018-05-03-14-08-31.kinect_color ,       17212,     17257, reaching_behind,    45
vp2/run1_2018-05-03-14-08-31.kinect_color ,       17257,     17302, electronics    ,    45
vp2/run1_2018-05-03-14-08-31.kinect_color ,       17302,     17347, electronics    ,    45
vp2/run1_2018-05-03-14-08-31.kinect_color ,       17347,     17392, electronics    ,    45
vp2/run1_2018-05-03-14-08-31.kinect_color ,       17392,     17438, electronics    ,    46
vp2/run1_2018-05-03-14-08-31.kinect_color ,       17438,     17483, electronics    ,    45
vp2/run1_2018-05-03-14-08-31.kinect_color ,       17483,     17528, electronics    ,    45
vp2/run1_2018-05-03-14-08-31.kinect_color ,       17528,     17573, electronics    ,    45
vp2/run1_2018-05-03-14-08-31.kinect_color ,       17573,     17618, electronics    ,    45
vp2/run1_2018-05-03-14-08-31.kinect_color ,       17618,     17653, electronics    ,    35
vp2/run1_2018-05-03-14-08-31.kinect_color ,       17653,     17683, reaching_behind,    30
vp2/run1_2018-05-03-14-08-31.kinect_color ,       17683,     17727, electronics    ,    44
vp2/run1_2018-05-03-14-08-31.kinect_color ,       17727,     17773, electronics    ,    46
vp2/run1_2018-05-03-14-08-31.kinect_color ,       17773,     17818, electronics    ,    45
vp2/run1_2018-05-03-14-08-31.kinect_color ,       17818,     17862, electronics    ,    44
vp2/run1_2018-05-03-14-08-31.kinect_color ,       17862,     17908, electronics    ,    46
vp2/run1_2018-05-03-14-08-31.kinect_color ,       17908,     17952, electronics    ,    44
vp2/run1_2018-05-03-14-08-31.kinect_color ,       17952,     17998, electronics    ,    46
vp2/run1_2018-05-03-14-08-31.kinect_color ,       17998,     18042, electronics    ,    44
vp2/run1_2018-05-03-14-08-31.kinect_color ,       18042,     18088, electronics    ,    46
vp2/run1_2018-05-03-14-08-31.kinect_color ,       18088,     18133, electronics    ,    45
vp2/run1_2018-05-03-14-08-31.kinect_color ,       18133,     18172, electronics    ,    39
vp2/run1_2018-05-03-14-08-31.kinect_color ,       18174,     18219, reaching_behind,    45
vp2/run1_2018-05-03-14-08-31.kinect_color ,       18239,     18252, electronics    ,    13
vp2/run1_2018-05-03-14-08-31.kinect_color ,       18290,     18335, electronics    ,    45
vp2/run1_2018-05-03-14-08-31.kinect_color ,       18335,     18380, electronics    ,    45
vp2/run1_2018-05-03-14-08-31.kinect_color ,       18380,     18425, electronics    ,    45
vp2/run1_2018-05-03-14-08-31.kinect_color ,       18425,     18435, electronics    ,    10
vp2/run1_2018-05-03-14-08-31.kinect_color ,       18435,     18480, reaching_behind,    45
vp2/run1_2018-05-03-14-08-31.kinect_color ,       18480,     18525, reaching_behind,    45
vp2/run1_2018-05-03-14-08-31.kinect_color ,       18525,     18528, reaching_behind,     3
vp2/run1_2018-05-03-14-08-31.kinect_color ,       19483,     19516, reaching_behind,    33
vp2/run1_2018-05-03-14-08-31.kinect_color ,       19516,     19562, electronics    ,    46
vp2/run1_2018-05-03-14-08-31.kinect_color ,       19562,     19607, electronics    ,    45
vp2/run1_2018-05-03-14-08-31.kinect_color ,       19607,     19653, electronics    ,    46
vp2/run1_2018-05-03-14-08-31.kinect_color ,       19653,     19698, electronics    ,    45
vp2/run1_2018-05-03-14-08-31.kinect_color ,       19698,     19743, electronics    ,    45
vp2/run1_2018-05-03-14-08-31.kinect_color ,       19743,     19776, reaching_behind,    33
vp2/run1_2018-05-03-14-08-31.kinect_color ,       19853,     19898, reaching_behind,    45
vp2/run1_2018-05-03-14-08-31.kinect_color ,       19898,     19927, reaching_behind,    29
vp2/run1_2018-05-03-14-08-31.kinect_color ,       19927,     19948, eat_drink      ,    21
vp2/run1_2018-05-03-14-08-31.kinect_color ,       19948,     19991, reaching_behind,    43
vp2/run1_2018-05-03-14-08-31.kinect_color ,       19991,     20028, eat_drink      ,    37
vp2/run1_2018-05-03-14-08-31.kinect_color ,       20274,     20315, eat_drink      ,    41
vp2/run1_2018-05-03-14-08-31.kinect_color ,       20315,     20360, eat_drink      ,    45
vp2/run1_2018-05-03-14-08-31.kinect_color ,       20360,     20406, eat_drink      ,    46
vp2/run1_2018-05-03-14-08-31.kinect_color ,       20406,     20415, eat_drink      ,     9
vp2/run1_2018-05-03-14-08-31.kinect_color ,       20415,     20455, eat_drink      ,    40
vp2/run1_2018-05-03-14-08-31.kinect_color ,       20455,     20500, reaching_behind,    45
vp2/run1_2018-05-03-14-08-31.kinect_color ,       20503,     20516, electronics    ,    13
vp2/run1_2018-05-03-14-08-31.kinect_color ,       20593,     20620, reaching_behind,    27
vp2/run1_2018-05-03-14-08-31.kinect_color ,       20622,     20640, electronics    ,    18
vp2/run2_2018-05-24-17-22-26.kinect_color ,         481,       522, electronics    ,    41
vp2/run2_2018-05-24-17-22-26.kinect_color ,        3475,      3496, electronics    ,    21
vp2/run2_2018-05-24-17-22-26.kinect_color ,        4074,      4120, reaching_behind,    46
vp2/run2_2018-05-24-17-22-26.kinect_color ,        4120,      4158, reaching_behind,    38
vp2/run2_2018-05-24-17-22-26.kinect_color ,        4158,      4203, reaching_behind,    45
vp2/run2_2018-05-24-17-22-26.kinect_color ,        4203,      4249, reaching_behind,    46
vp2/run2_2018-05-24-17-22-26.kinect_color ,        4249,      4257, reaching_behind,     8
vp2/run2_2018-05-24-17-22-26.kinect_color ,        5446,      5463, reaching_behind,    17
vp2/run2_2018-05-24-17-22-26.kinect_color ,        5464,      5509, reaching_behind,    45
vp2/run2_2018-05-24-17-22-26.kinect_color ,        5509,      5556, reaching_behind,    47
vp2/run2_2018-05-24-17-22-26.kinect_color ,        5556,      5566, reaching_behind,    10
vp2/run2_2018-05-24-17-22-26.kinect_color ,        5697,      5711, reaching_behind,    14
vp2/run2_2018-05-24-17-22-26.kinect_color ,        5717,      5729, electronics    ,    12
vp2/run2_2018-05-24-17-22-26.kinect_color ,        5960,      6006, reaching_behind,    46
vp2/run2_2018-05-24-17-22-26.kinect_color ,        6006,      6021, reaching_behind,    15
vp2/run2_2018-05-24-17-22-26.kinect_color ,        7823,      7833, reaching_behind,    10
vp2/run2_2018-05-24-17-22-26.kinect_color ,        7833,      7879, reaching_behind,    46
vp2/run2_2018-05-24-17-22-26.kinect_color ,        7879,      7915, reaching_behind,    36
vp2/run2_2018-05-24-17-22-26.kinect_color ,        7960,      8005, reaching_behind,    45
vp2/run2_2018-05-24-17-22-26.kinect_color ,        8005,      8008, reaching_behind,     3
vp2/run2_2018-05-24-17-22-26.kinect_color ,        8022,      8036, electronics    ,    14
vp2/run2_2018-05-24-17-22-26.kinect_color ,        8371,      8416, reaching_behind,    45
vp2/run2_2018-05-24-17-22-26.kinect_color ,        8416,      8424, reaching_behind,     8
vp2/run2_2018-05-24-17-22-26.kinect_color ,        8802,      8810, electronics    ,     8
vp2/run2_2018-05-24-17-22-26.kinect_color ,        9326,      9371, reaching_behind,    45
vp2/run2_2018-05-24-17-22-26.kinect_color ,        9371,      9418, reaching_behind,    47
vp2/run2_2018-05-24-17-22-26.kinect_color ,        9418,      9462, reaching_behind,    44
vp2/run2_2018-05-24-17-22-26.kinect_color ,        9462,      9507, reaching_behind,    45
vp2/run2_2018-05-24-17-22-26.kinect_color ,        9507,      9553, reaching_behind,    46
vp2/run2_2018-05-24-17-22-26.kinect_color ,        9553,      9598, reaching_behind,    45
vp2/run2_2018-05-24-17-22-26.kinect_color ,        9598,      9625, reaching_behind,    27
vp2/run2_2018-05-24-17-22-26.kinect_color ,        9632,      9647, electronics    ,    15
vp2/run2_2018-05-24-17-22-26.kinect_color ,        9966,     10012, reaching_behind,    46
vp2/run2_2018-05-24-17-22-26.kinect_color ,       10012,     10015, reaching_behind,     3
vp2/run2_2018-05-24-17-22-26.kinect_color ,       10015,     10060, eat_drink      ,    45
vp2/run2_2018-05-24-17-22-26.kinect_color ,       10060,     10106, eat_drink      ,    46
vp2/run2_2018-05-24-17-22-26.kinect_color ,       10106,     10151, eat_drink      ,    45
vp2/run2_2018-05-24-17-22-26.kinect_color ,       10151,     10197, eat_drink      ,    46
vp2/run2_2018-05-24-17-22-26.kinect_color ,       10197,     10242, eat_drink      ,    45
vp2/run2_2018-05-24-17-22-26.kinect_color ,       10242,     10288, eat_drink      ,    46
vp2/run2_2018-05-24-17-22-26.kinect_color ,       10288,     10334, eat_drink      ,    46
vp2/run2_2018-05-24-17-22-26.kinect_color ,       10334,     10379, eat_drink      ,    45
vp2/run2_2018-05-24-17-22-26.kinect_color ,       10379,     10427, eat_drink      ,    48
vp2/run2_2018-05-24-17-22-26.kinect_color ,       10427,     10473, eat_drink      ,    46
vp2/run2_2018-05-24-17-22-26.kinect_color ,       10473,     10478, eat_drink      ,     5
vp2/run2_2018-05-24-17-22-26.kinect_color ,       10478,     10516, reaching_behind,    38
vp2/run2_2018-05-24-17-22-26.kinect_color ,       10595,     10625, reaching_behind,    30
vp2/run2_2018-05-24-17-22-26.kinect_color ,       10625,     10671, eat_drink      ,    46
vp2/run2_2018-05-24-17-22-26.kinect_color ,       10671,     10702, eat_drink      ,    31
vp2/run2_2018-05-24-17-22-26.kinect_color ,       10702,     10747, eat_drink      ,    45
vp2/run2_2018-05-24-17-22-26.kinect_color ,       10747,     10793, eat_drink      ,    46
vp2/run2_2018-05-24-17-22-26.kinect_color ,       10793,     10831, eat_drink      ,    38
vp2/run2_2018-05-24-17-22-26.kinect_color ,       10831,     10876, reaching_behind,    45
vp2/run2_2018-05-24-17-22-26.kinect_color ,       10876,     10901, reaching_behind,    25
vp2/run2_2018-05-24-17-22-26.kinect_color ,       10994,     11029, reaching_behind,    35
vp2/run2_2018-05-24-17-22-26.kinect_color ,       11229,     11258, reaching_behind,    29
vp2/run2_2018-05-24-17-22-26.kinect_color ,       11258,     11303, eat_drink      ,    45
vp2/run2_2018-05-24-17-22-26.kinect_color ,       11303,     11348, eat_drink      ,    45
vp2/run2_2018-05-24-17-22-26.kinect_color ,       11348,     11391, eat_drink      ,    43
vp2/run2_2018-05-24-17-22-26.kinect_color ,       11392,     11402, electronics    ,    10
vp2/run2_2018-05-24-17-22-26.kinect_color ,       11408,     11453, eat_drink      ,    45
vp2/run2_2018-05-24-17-22-26.kinect_color ,       11453,     11499, eat_drink      ,    46
vp2/run2_2018-05-24-17-22-26.kinect_color ,       11499,     11544, eat_drink      ,    45
vp2/run2_2018-05-24-17-22-26.kinect_color ,       11544,     11589, eat_drink      ,    45
vp2/run2_2018-05-24-17-22-26.kinect_color ,       11589,     11634, eat_drink      ,    45
vp2/run2_2018-05-24-17-22-26.kinect_color ,       11634,     11680, eat_drink      ,    46
vp2/run2_2018-05-24-17-22-26.kinect_color ,       11680,     11725, eat_drink      ,    45
vp2/run2_2018-05-24-17-22-26.kinect_color ,       11725,     11770, eat_drink      ,    45
vp2/run2_2018-05-24-17-22-26.kinect_color ,       11770,     11815, eat_drink      ,    45
vp2/run2_2018-05-24-17-22-26.kinect_color ,       11815,     11845, eat_drink      ,    30
vp2/run2_2018-05-24-17-22-26.kinect_color ,       11846,     11880, reaching_behind,    34
vp2/run2_2018-05-24-17-22-26.kinect_color ,       12153,     12198, reaching_behind,    45
vp2/run2_2018-05-24-17-22-26.kinect_color ,       12306,     12314, electronics    ,     8
vp2/run2_2018-05-24-17-22-26.kinect_color ,       12545,     12591, reaching_behind,    46
vp2/run2_2018-05-24-17-22-26.kinect_color ,       12591,     12600, reaching_behind,     9
vp2/run2_2018-05-24-17-22-26.kinect_color ,       12600,     12645, reaching_behind,    45
vp2/run2_2018-05-24-17-22-26.kinect_color ,       12645,     12688, reaching_behind,    43
vp2/run2_2018-05-24-17-22-26.kinect_color ,       12688,     12734, electronics    ,    46
vp2/run2_2018-05-24-17-22-26.kinect_color ,       12734,     12779, electronics    ,    45
vp2/run2_2018-05-24-17-22-26.kinect_color ,       12779,     12824, electronics    ,    45
vp2/run2_2018-05-24-17-22-26.kinect_color ,       12824,     12869, electronics    ,    45
vp2/run2_2018-05-24-17-22-26.kinect_color ,       12869,     12914, electronics    ,    45
vp2/run2_2018-05-24-17-22-26.kinect_color ,       12914,     12959, electronics    ,    45
vp2/run2_2018-05-24-17-22-26.kinect_color ,       12959,     13004, electronics    ,    45
vp2/run2_2018-05-24-17-22-26.kinect_color ,       13004,     13050, electronics    ,    46
vp2/run2_2018-05-24-17-22-26.kinect_color ,       13050,     13095, electronics    ,    45
vp2/run2_2018-05-24-17-22-26.kinect_color ,       13095,     13140, electronics    ,    45
vp2/run2_2018-05-24-17-22-26.kinect_color ,       13140,     13186, electronics    ,    46
vp2/run2_2018-05-24-17-22-26.kinect_color ,       13186,     13231, electronics    ,    45
vp2/run2_2018-05-24-17-22-26.kinect_color ,       13231,     13277, electronics    ,    46
vp2/run2_2018-05-24-17-22-26.kinect_color ,       13277,     13303, electronics    ,    26
vp2/run2_2018-05-24-17-22-26.kinect_color ,       13303,     13347, reaching_behind,    44
vp2/run2_2018-05-24-17-22-26.kinect_color ,       13347,     13378, reaching_behind,    31
vp2/run2_2018-05-24-17-22-26.kinect_color ,       13378,     13423, electronics    ,    45
vp2/run2_2018-05-24-17-22-26.kinect_color ,       13423,     13468, electronics    ,    45
vp2/run2_2018-05-24-17-22-26.kinect_color ,       13468,     13514, electronics    ,    46
vp2/run2_2018-05-24-17-22-26.kinect_color ,       13514,     13558, electronics    ,    44
vp2/run2_2018-05-24-17-22-26.kinect_color ,       13558,     13604, electronics    ,    46
vp2/run2_2018-05-24-17-22-26.kinect_color ,       13604,     13648, electronics    ,    44
vp2/run2_2018-05-24-17-22-26.kinect_color ,       13648,     13693, electronics    ,    45
vp2/run2_2018-05-24-17-22-26.kinect_color ,       13693,     13739, electronics    ,    46
vp2/run2_2018-05-24-17-22-26.kinect_color ,       13739,     13785, electronics    ,    46
vp2/run2_2018-05-24-17-22-26.kinect_color ,       13785,     13830, electronics    ,    45
vp2/run2_2018-05-24-17-22-26.kinect_color ,       13830,     13836, electronics    ,     6
vp2/run2_2018-05-24-17-22-26.kinect_color ,       13874,     13909, reaching_behind,    35
vp2/run2_2018-05-24-17-22-26.kinect_color ,       13911,     13942, reaching_behind,    31
vp2/run2_2018-05-24-17-22-26.kinect_color ,       14203,     14250, electronics    ,    47
vp2/run2_2018-05-24-17-22-26.kinect_color ,       14250,     14295, electronics    ,    45
vp2/run2_2018-05-24-17-22-26.kinect_color ,       14295,     14320, electronics    ,    25
vp2/run2_2018-05-24-17-22-26.kinect_color ,       14439,     14484, reaching_behind,    45
vp2/run2_2018-05-24-17-22-26.kinect_color ,       14484,     14491, reaching_behind,     7
vp2/run2_2018-05-24-17-22-26.kinect_color ,       17092,     17137, reaching_behind,    45
vp2/run2_2018-05-24-17-22-26.kinect_color ,       17137,     17143, reaching_behind,     6
vp2/run2_2018-05-24-17-22-26.kinect_color ,       17712,     17728, electronics    ,    16
vp2/run2_2018-05-24-17-22-26.kinect_color ,       17952,     17969, electronics    ,    17
vp2/run2_2018-05-24-17-22-26.kinect_color ,       18400,     18415, electronics    ,    15
vp2/run2_2018-05-24-17-22-26.kinect_color ,       18752,     18798, reaching_behind,    46
vp2/run2_2018-05-24-17-22-26.kinect_color ,       18798,     18828, reaching_behind,    30
vp2/run2_2018-05-24-17-22-26.kinect_color ,       18828,     18874, electronics    ,    46
vp2/run2_2018-05-24-17-22-26.kinect_color ,       18874,     18905, electronics    ,    31
vp2/run2_2018-05-24-17-22-26.kinect_color ,       18914,     18959, electronics    ,    45
vp2/run2_2018-05-24-17-22-26.kinect_color ,       18976,     19021, electronics    ,    45
vp2/run2_2018-05-24-17-22-26.kinect_color ,       19021,     19026, electronics    ,     5
vp2/run2_2018-05-24-17-22-26.kinect_color ,       19040,     19085, electronics    ,    45
vp2/run2_2018-05-24-17-22-26.kinect_color ,       19085,     19130, electronics    ,    45
vp2/run2_2018-05-24-17-22-26.kinect_color ,       19130,     19175, electronics    ,    45
vp2/run2_2018-05-24-17-22-26.kinect_color ,       19175,     19220, electronics    ,    45
vp2/run2_2018-05-24-17-22-26.kinect_color ,       19220,     19267, electronics    ,    47
vp2/run2_2018-05-24-17-22-26.kinect_color ,       19267,     19312, electronics    ,    45
vp2/run2_2018-05-24-17-22-26.kinect_color ,       19312,     19357, electronics    ,    45
vp2/run2_2018-05-24-17-22-26.kinect_color ,       19357,     19402, electronics    ,    45
vp2/run2_2018-05-24-17-22-26.kinect_color ,       19402,     19448, electronics    ,    46
vp2/run2_2018-05-24-17-22-26.kinect_color ,       19448,     19494, electronics    ,    46
vp2/run2_2018-05-24-17-22-26.kinect_color ,       19494,     19539, electronics    ,    45
vp2/run2_2018-05-24-17-22-26.kinect_color ,       19539,     19586, electronics    ,    47
vp2/run2_2018-05-24-17-22-26.kinect_color ,       19586,     19632, electronics    ,    46
vp2/run2_2018-05-24-17-22-26.kinect_color ,       19632,     19652, electronics    ,    20
vp2/run2_2018-05-24-17-22-26.kinect_color ,       19653,     19689, reaching_behind,    36
vp3/run1b_2018-05-08-08-46-01.kinect_color,         165,       184, reaching_behind,    19
vp3/run1b_2018-05-08-08-46-01.kinect_color,         329,       343, electronics    ,    14
vp3/run1b_2018-05-08-08-46-01.kinect_color,        4483,      4508, electronics    ,    25
vp3/run1b_2018-05-08-08-46-01.kinect_color,        4801,      4835, reaching_behind,    34
vp3/run1b_2018-05-08-08-46-01.kinect_color,        5182,      5198, electronics    ,    16
vp3/run1b_2018-05-08-08-46-01.kinect_color,        5910,      5955, reaching_behind,    45
vp3/run1b_2018-05-08-08-46-01.kinect_color,        5955,      5985, reaching_behind,    30
vp3/run1b_2018-05-08-08-46-01.kinect_color,        6022,      6065, reaching_behind,    43
vp3/run1b_2018-05-08-08-46-01.kinect_color,        6088,      6104, electronics    ,    16
vp3/run1b_2018-05-08-08-46-01.kinect_color,        6250,      6295, reaching_behind,    45
vp3/run1b_2018-05-08-08-46-01.kinect_color,        6295,      6313, reaching_behind,    18
vp3/run1b_2018-05-08-08-46-01.kinect_color,        6389,      6434, reaching_behind,    45
vp3/run1b_2018-05-08-08-46-01.kinect_color,        6434,      6452, reaching_behind,    18
vp3/run1b_2018-05-08-08-46-01.kinect_color,        6466,      6495, reaching_behind,    29
vp3/run1b_2018-05-08-08-46-01.kinect_color,        7437,      7482, reaching_behind,    45
vp3/run1b_2018-05-08-08-46-01.kinect_color,        7482,      7521, reaching_behind,    39
vp3/run1b_2018-05-08-08-46-01.kinect_color,        7631,      7667, reaching_behind,    36
vp3/run1b_2018-05-08-08-46-01.kinect_color,        7797,      7816, reaching_behind,    19
vp3/run1b_2018-05-08-08-46-01.kinect_color,        7819,      7836, electronics    ,    17
vp3/run1b_2018-05-08-08-46-01.kinect_color,        7906,      7952, reaching_behind,    46
vp3/run1b_2018-05-08-08-46-01.kinect_color,        7952,      7986, reaching_behind,    34
vp3/run1b_2018-05-08-08-46-01.kinect_color,        8618,      8663, reaching_behind,    45
vp3/run1b_2018-05-08-08-46-01.kinect_color,        8663,      8694, reaching_behind,    31
vp3/run1b_2018-05-08-08-46-01.kinect_color,        8694,      8740, electronics    ,    46
vp3/run1b_2018-05-08-08-46-01.kinect_color,        8740,      8785, electronics    ,    45
vp3/run1b_2018-05-08-08-46-01.kinect_color,        8785,      8829, electronics    ,    44
vp3/run1b_2018-05-08-08-46-01.kinect_color,        8829,      8875, electronics    ,    46
vp3/run1b_2018-05-08-08-46-01.kinect_color,        8875,      8920, electronics    ,    45
vp3/run1b_2018-05-08-08-46-01.kinect_color,        8920,      8965, electronics    ,    45
vp3/run1b_2018-05-08-08-46-01.kinect_color,        8965,      9009, electronics    ,    44
vp3/run1b_2018-05-08-08-46-01.kinect_color,        9009,      9055, electronics    ,    46
vp3/run1b_2018-05-08-08-46-01.kinect_color,        9055,      9100, electronics    ,    45
vp3/run1b_2018-05-08-08-46-01.kinect_color,        9100,      9145, electronics    ,    45
vp3/run1b_2018-05-08-08-46-01.kinect_color,        9145,      9190, electronics    ,    45
vp3/run1b_2018-05-08-08-46-01.kinect_color,        9190,      9233, electronics    ,    43
vp3/run1b_2018-05-08-08-46-01.kinect_color,        9233,      9278, reaching_behind,    45
vp3/run1b_2018-05-08-08-46-01.kinect_color,        9278,      9291, reaching_behind,    13
vp3/run1b_2018-05-08-08-46-01.kinect_color,        9291,      9335, electronics    ,    44
vp3/run1b_2018-05-08-08-46-01.kinect_color,        9335,      9381, electronics    ,    46
vp3/run1b_2018-05-08-08-46-01.kinect_color,        9381,      9425, electronics    ,    44
vp3/run1b_2018-05-08-08-46-01.kinect_color,        9425,      9471, electronics    ,    46
vp3/run1b_2018-05-08-08-46-01.kinect_color,        9471,      9516, electronics    ,    45
vp3/run1b_2018-05-08-08-46-01.kinect_color,        9516,      9561, electronics    ,    45
vp3/run1b_2018-05-08-08-46-01.kinect_color,        9561,      9607, electronics    ,    46
vp3/run1b_2018-05-08-08-46-01.kinect_color,        9607,      9652, electronics    ,    45
vp3/run1b_2018-05-08-08-46-01.kinect_color,        9652,      9678, electronics    ,    26
vp3/run1b_2018-05-08-08-46-01.kinect_color,        9678,      9708, reaching_behind,    30
vp3/run1b_2018-05-08-08-46-01.kinect_color,        9718,      9763, reaching_behind,    45
vp3/run1b_2018-05-08-08-46-01.kinect_color,        9763,      9781, reaching_behind,    18
vp3/run1b_2018-05-08-08-46-01.kinect_color,        9781,      9794, electronics    ,    13
vp3/run1b_2018-05-08-08-46-01.kinect_color,       10436,     10479, reaching_behind,    43
vp3/run1b_2018-05-08-08-46-01.kinect_color,       10778,     10812, reaching_behind,    34
vp3/run1b_2018-05-08-08-46-01.kinect_color,       10812,     10837, electronics    ,    25
vp3/run1b_2018-05-08-08-46-01.kinect_color,       10837,     10882, electronics    ,    45
vp3/run1b_2018-05-08-08-46-01.kinect_color,       10882,     10927, electronics    ,    45
vp3/run1b_2018-05-08-08-46-01.kinect_color,       10927,     10972, electronics    ,    45
vp3/run1b_2018-05-08-08-46-01.kinect_color,       10972,     11018, electronics    ,    46
vp3/run1b_2018-05-08-08-46-01.kinect_color,       11018,     11063, electronics    ,    45
vp3/run1b_2018-05-08-08-46-01.kinect_color,       11063,     11108, electronics    ,    45
vp3/run1b_2018-05-08-08-46-01.kinect_color,       11108,     11153, electronics    ,    45
vp3/run1b_2018-05-08-08-46-01.kinect_color,       11153,     11198, electronics    ,    45
vp3/run1b_2018-05-08-08-46-01.kinect_color,       11198,     11244, electronics    ,    46
vp3/run1b_2018-05-08-08-46-01.kinect_color,       11244,     11289, electronics    ,    45
vp3/run1b_2018-05-08-08-46-01.kinect_color,       11289,     11334, electronics    ,    45
vp3/run1b_2018-05-08-08-46-01.kinect_color,       11334,     11379, electronics    ,    45
vp3/run1b_2018-05-08-08-46-01.kinect_color,       11379,     11424, electronics    ,    45
vp3/run1b_2018-05-08-08-46-01.kinect_color,       11424,     11469, electronics    ,    45
vp3/run1b_2018-05-08-08-46-01.kinect_color,       11469,     11476, electronics    ,     7
vp3/run1b_2018-05-08-08-46-01.kinect_color,       11476,     11503, electronics    ,    27
vp3/run1b_2018-05-08-08-46-01.kinect_color,       11515,     11546, reaching_behind,    31
vp3/run1b_2018-05-08-08-46-01.kinect_color,       11828,     11856, reaching_behind,    28
vp3/run1b_2018-05-08-08-46-01.kinect_color,       11856,     11881, reaching_behind,    25
vp3/run1b_2018-05-08-08-46-01.kinect_color,       11938,     11947, electronics    ,     9
vp3/run1b_2018-05-08-08-46-01.kinect_color,       12276,     12321, reaching_behind,    45
vp3/run1b_2018-05-08-08-46-01.kinect_color,       12321,     12344, reaching_behind,    23
vp3/run1b_2018-05-08-08-46-01.kinect_color,       13207,     13248, reaching_behind,    41
vp3/run1b_2018-05-08-08-46-01.kinect_color,       13428,     13437, electronics    ,     9
vp3/run1b_2018-05-08-08-46-01.kinect_color,       13472,     13516, reaching_behind,    44
vp3/run1b_2018-05-08-08-46-01.kinect_color,       15035,     15081, electronics    ,    46
vp3/run1b_2018-05-08-08-46-01.kinect_color,       15081,     15102, electronics    ,    21
vp3/run1b_2018-05-08-08-46-01.kinect_color,       15102,     15147, reaching_behind,    45
vp3/run1b_2018-05-08-08-46-01.kinect_color,       15147,     15154, reaching_behind,     7
vp3/run1b_2018-05-08-08-46-01.kinect_color,       15154,     15200, eat_drink      ,    46
vp3/run1b_2018-05-08-08-46-01.kinect_color,       15200,     15245, eat_drink      ,    45
vp3/run1b_2018-05-08-08-46-01.kinect_color,       15245,     15290, eat_drink      ,    45
vp3/run1b_2018-05-08-08-46-01.kinect_color,       15290,     15335, eat_drink      ,    45
vp3/run1b_2018-05-08-08-46-01.kinect_color,       15335,     15380, eat_drink      ,    45
vp3/run1b_2018-05-08-08-46-01.kinect_color,       15380,     15425, eat_drink      ,    45
vp3/run1b_2018-05-08-08-46-01.kinect_color,       15425,     15470, eat_drink      ,    45
vp3/run1b_2018-05-08-08-46-01.kinect_color,       15470,     15515, eat_drink      ,    45
vp3/run1b_2018-05-08-08-46-01.kinect_color,       15515,     15520, eat_drink      ,     5
vp3/run1b_2018-05-08-08-46-01.kinect_color,       15520,     15563, reaching_behind,    43
vp3/run1b_2018-05-08-08-46-01.kinect_color,       15596,     15641, reaching_behind,    45
vp3/run1b_2018-05-08-08-46-01.kinect_color,       15641,     15653, reaching_behind,    12
vp3/run1b_2018-05-08-08-46-01.kinect_color,       15801,     15841, reaching_behind,    40
vp3/run1b_2018-05-08-08-46-01.kinect_color,       15841,     15884, eat_drink      ,    43
vp3/run1b_2018-05-08-08-46-01.kinect_color,       15884,     15929, eat_drink      ,    45
vp3/run1b_2018-05-08-08-46-01.kinect_color,       15929,     15967, eat_drink      ,    38
vp3/run1b_2018-05-08-08-46-01.kinect_color,       15967,     16004, eat_drink      ,    37
vp3/run1b_2018-05-08-08-46-01.kinect_color,       16004,     16037, reaching_behind,    33
vp3/run1b_2018-05-08-08-46-01.kinect_color,       16037,     16061, reaching_behind,    24
vp3/run1b_2018-05-08-08-46-01.kinect_color,       16061,     16106, eat_drink      ,    45
vp3/run1b_2018-05-08-08-46-01.kinect_color,       16106,     16151, eat_drink      ,    45
vp3/run1b_2018-05-08-08-46-01.kinect_color,       16151,     16196, eat_drink      ,    45
vp3/run1b_2018-05-08-08-46-01.kinect_color,       16196,     16242, eat_drink      ,    46
vp3/run1b_2018-05-08-08-46-01.kinect_color,       16242,     16287, eat_drink      ,    45
vp3/run1b_2018-05-08-08-46-01.kinect_color,       16287,     16332, eat_drink      ,    45
vp3/run1b_2018-05-08-08-46-01.kinect_color,       16332,     16377, eat_drink      ,    45
vp3/run1b_2018-05-08-08-46-01.kinect_color,       16377,     16422, eat_drink      ,    45
vp3/run1b_2018-05-08-08-46-01.kinect_color,       16422,     16467, eat_drink      ,    45
vp3/run1b_2018-05-08-08-46-01.kinect_color,       16467,     16513, eat_drink      ,    46
vp3/run1b_2018-05-08-08-46-01.kinect_color,       16513,     16558, eat_drink      ,    45
vp3/run1b_2018-05-08-08-46-01.kinect_color,       16558,     16597, eat_drink      ,    39
vp3/run1b_2018-05-08-08-46-01.kinect_color,       16597,     16640, reaching_behind,    43
vp3/run1b_2018-05-08-08-46-01.kinect_color,       16658,     16703, reaching_behind,    45
vp3/run1b_2018-05-08-08-46-01.kinect_color,       16703,     16709, reaching_behind,     6
vp3/run1b_2018-05-08-08-46-01.kinect_color,       16709,     16754, eat_drink      ,    45
vp3/run1b_2018-05-08-08-46-01.kinect_color,       16754,     16775, eat_drink      ,    21
vp3/run1b_2018-05-08-08-46-01.kinect_color,       16834,     16873, electronics    ,    39
vp3/run1b_2018-05-08-08-46-01.kinect_color,       16909,     16954, eat_drink      ,    45
vp3/run1b_2018-05-08-08-46-01.kinect_color,       16954,     16999, eat_drink      ,    45
vp3/run1b_2018-05-08-08-46-01.kinect_color,       16999,     17044, eat_drink      ,    45
vp3/run1b_2018-05-08-08-46-01.kinect_color,       17044,     17090, eat_drink      ,    46
vp3/run1b_2018-05-08-08-46-01.kinect_color,       17090,     17134, eat_drink      ,    44
vp3/run1b_2018-05-08-08-46-01.kinect_color,       17134,     17180, eat_drink      ,    46
vp3/run1b_2018-05-08-08-46-01.kinect_color,       17180,     17226, eat_drink      ,    46
vp3/run1b_2018-05-08-08-46-01.kinect_color,       17226,     17241, eat_drink      ,    15
vp3/run1b_2018-05-08-08-46-01.kinect_color,       17241,     17282, eat_drink      ,    41
vp3/run1b_2018-05-08-08-46-01.kinect_color,       17282,     17307, eat_drink      ,    25
vp3/run1b_2018-05-08-08-46-01.kinect_color,       17307,     17352, eat_drink      ,    45
vp3/run1b_2018-05-08-08-46-01.kinect_color,       17352,     17370, eat_drink      ,    18
vp3/run1b_2018-05-08-08-46-01.kinect_color,       17462,     17473, electronics    ,    11
vp3/run1b_2018-05-08-08-46-01.kinect_color,       17482,     17488, electronics    ,     6
vp3/run1b_2018-05-08-08-46-01.kinect_color,       17618,     17663, electronics    ,    45
vp3/run1b_2018-05-08-08-46-01.kinect_color,       17663,     17702, electronics    ,    39
vp3/run1b_2018-05-08-08-46-01.kinect_color,       17753,     17799, eat_drink      ,    46
vp3/run1b_2018-05-08-08-46-01.kinect_color,       17799,     17804, eat_drink      ,     5
vp3/run1b_2018-05-08-08-46-01.kinect_color,       18042,     18087, eat_drink      ,    45
vp3/run1b_2018-05-08-08-46-01.kinect_color,       18087,     18109, eat_drink      ,    22
vp3/run1b_2018-05-08-08-46-01.kinect_color,       18281,     18326, electronics    ,    45
vp3/run1b_2018-05-08-08-46-01.kinect_color,       18326,     18355, electronics    ,    29
vp3/run1b_2018-05-08-08-46-01.kinect_color,       18379,     18395, electronics    ,    16
vp3/run1b_2018-05-08-08-46-01.kinect_color,       18422,     18451, eat_drink      ,    29
vp3/run1b_2018-05-08-08-46-01.kinect_color,       18451,     18482, eat_drink      ,    31
vp3/run1b_2018-05-08-08-46-01.kinect_color,       18482,     18514, reaching_behind,    32
vp3/run1b_2018-05-08-08-46-01.kinect_color,       18978,     19020, reaching_behind,    42
vp3/run1b_2018-05-08-08-46-01.kinect_color,       19020,     19065, eat_drink      ,    45
vp3/run1b_2018-05-08-08-46-01.kinect_color,       19065,     19086, eat_drink      ,    21
vp3/run1b_2018-05-08-08-46-01.kinect_color,       19086,     19099, reaching_behind,    13
vp3/run1b_2018-05-08-08-46-01.kinect_color,       19099,     19121, reaching_behind,    22
vp3/run1b_2018-05-08-08-46-01.kinect_color,       19121,     19150, eat_drink      ,    29
vp3/run1b_2018-05-08-08-46-01.kinect_color,       19150,     19194, eat_drink      ,    44
vp3/run1b_2018-05-08-08-46-01.kinect_color,       19194,     19205, eat_drink      ,    11
vp3/run1b_2018-05-08-08-46-01.kinect_color,       19205,     19215, electronics    ,    10
vp3/run1b_2018-05-08-08-46-01.kinect_color,       19223,     19253, eat_drink      ,    30
vp3/run1b_2018-05-08-08-46-01.kinect_color,       19253,     19287, reaching_behind,    34
vp3/run1b_2018-05-08-08-46-01.kinect_color,       19934,     19949, electronics    ,    15
vp3/run1b_2018-05-08-08-46-01.kinect_color,       19961,     20006, electronics    ,    45
vp3/run1b_2018-05-08-08-46-01.kinect_color,       20006,     20029, electronics    ,    23
vp3/run2_2018-05-29-16-03-37.kinect_color ,         231,       239, electronics    ,     8
vp3/run2_2018-05-29-16-03-37.kinect_color ,        3029,      3040, electronics    ,    11
vp3/run2_2018-05-29-16-03-37.kinect_color ,        3436,      3444, electronics    ,     8
vp3/run2_2018-05-29-16-03-37.kinect_color ,        3767,      3812, electronics    ,    45
vp3/run2_2018-05-29-16-03-37.kinect_color ,        3812,      3835, electronics    ,    23
vp3/run2_2018-05-29-16-03-37.kinect_color ,        5039,      5048, electronics    ,     9
vp3/run2_2018-05-29-16-03-37.kinect_color ,        6515,      6530, electronics    ,    15
vp3/run2_2018-05-29-16-03-37.kinect_color ,        6697,      6742, reaching_behind,    45
vp3/run2_2018-05-29-16-03-37.kinect_color ,        6742,      6763, reaching_behind,    21
vp3/run2_2018-05-29-16-03-37.kinect_color ,        7094,      7104, electronics    ,    10
vp3/run2_2018-05-29-16-03-37.kinect_color ,        7119,      7126, electronics    ,     7
vp3/run2_2018-05-29-16-03-37.kinect_color ,        7705,      7750, reaching_behind,    45
vp3/run2_2018-05-29-16-03-37.kinect_color ,        7750,      7796, reaching_behind,    46
vp3/run2_2018-05-29-16-03-37.kinect_color ,        7796,      7810, reaching_behind,    14
vp3/run2_2018-05-29-16-03-37.kinect_color ,        7810,      7855, electronics    ,    45
vp3/run2_2018-05-29-16-03-37.kinect_color ,        7855,      7901, electronics    ,    46
vp3/run2_2018-05-29-16-03-37.kinect_color ,        7901,      7947, electronics    ,    46
vp3/run2_2018-05-29-16-03-37.kinect_color ,        7947,      7992, electronics    ,    45
vp3/run2_2018-05-29-16-03-37.kinect_color ,        7992,      8027, electronics    ,    35
vp3/run2_2018-05-29-16-03-37.kinect_color ,        8027,      8071, reaching_behind,    44
vp3/run2_2018-05-29-16-03-37.kinect_color ,        8071,      8115, reaching_behind,    44
vp3/run2_2018-05-29-16-03-37.kinect_color ,        8115,      8160, electronics    ,    45
vp3/run2_2018-05-29-16-03-37.kinect_color ,        8160,      8206, electronics    ,    46
vp3/run2_2018-05-29-16-03-37.kinect_color ,        8206,      8251, electronics    ,    45
vp3/run2_2018-05-29-16-03-37.kinect_color ,        8251,      8296, electronics    ,    45
vp3/run2_2018-05-29-16-03-37.kinect_color ,        8296,      8341, electronics    ,    45
vp3/run2_2018-05-29-16-03-37.kinect_color ,        8341,      8388, electronics    ,    47
vp3/run2_2018-05-29-16-03-37.kinect_color ,        8388,      8403, electronics    ,    15
vp3/run2_2018-05-29-16-03-37.kinect_color ,        8403,      8441, reaching_behind,    38
vp3/run2_2018-05-29-16-03-37.kinect_color ,        8441,      8486, reaching_behind,    45
vp3/run2_2018-05-29-16-03-37.kinect_color ,        8486,      8502, reaching_behind,    16
vp3/run2_2018-05-29-16-03-37.kinect_color ,        8502,      8512, electronics    ,    10
vp3/run2_2018-05-29-16-03-37.kinect_color ,        8885,      8930, reaching_behind,    45
vp3/run2_2018-05-29-16-03-37.kinect_color ,        8930,      8951, reaching_behind,    21
vp3/run2_2018-05-29-16-03-37.kinect_color ,        8951,      8957, electronics    ,     6
vp3/run2_2018-05-29-16-03-37.kinect_color ,        9732,      9751, electronics    ,    19
vp3/run2_2018-05-29-16-03-37.kinect_color ,       10223,     10257, reaching_behind,    34
vp3/run2_2018-05-29-16-03-37.kinect_color ,       10257,     10287, electronics    ,    30
vp3/run2_2018-05-29-16-03-37.kinect_color ,       10287,     10333, electronics    ,    46
vp3/run2_2018-05-29-16-03-37.kinect_color ,       10333,     10378, electronics    ,    45
vp3/run2_2018-05-29-16-03-37.kinect_color ,       10378,     10423, electronics    ,    45
vp3/run2_2018-05-29-16-03-37.kinect_color ,       10423,     10469, electronics    ,    46
vp3/run2_2018-05-29-16-03-37.kinect_color ,       10469,     10514, electronics    ,    45
vp3/run2_2018-05-29-16-03-37.kinect_color ,       10514,     10559, electronics    ,    45
vp3/run2_2018-05-29-16-03-37.kinect_color ,       10559,     10605, electronics    ,    46
vp3/run2_2018-05-29-16-03-37.kinect_color ,       10605,     10650, electronics    ,    45
vp3/run2_2018-05-29-16-03-37.kinect_color ,       10650,     10694, electronics    ,    44
vp3/run2_2018-05-29-16-03-37.kinect_color ,       10694,     10730, electronics    ,    36
vp3/run2_2018-05-29-16-03-37.kinect_color ,       10730,     10766, reaching_behind,    36
vp3/run2_2018-05-29-16-03-37.kinect_color ,       10849,     10893, reaching_behind,    44
vp3/run2_2018-05-29-16-03-37.kinect_color ,       10893,     10940, reaching_behind,    47
vp3/run2_2018-05-29-16-03-37.kinect_color ,       10940,     10985, reaching_behind,    45
vp3/run2_2018-05-29-16-03-37.kinect_color ,       10985,     11010, reaching_behind,    25
vp3/run2_2018-05-29-16-03-37.kinect_color ,       11010,     11057, reaching_behind,    47
vp3/run2_2018-05-29-16-03-37.kinect_color ,       11057,     11085, reaching_behind,    28
vp3/run2_2018-05-29-16-03-37.kinect_color ,       11725,     11771, reaching_behind,    46
vp3/run2_2018-05-29-16-03-37.kinect_color ,       11771,     11774, reaching_behind,     3
vp3/run2_2018-05-29-16-03-37.kinect_color ,       11928,     11965, reaching_behind,    37
vp3/run2_2018-05-29-16-03-37.kinect_color ,       11966,     11974, electronics    ,     8
vp3/run2_2018-05-29-16-03-37.kinect_color ,       11974,     12020, reaching_behind,    46
vp3/run2_2018-05-29-16-03-37.kinect_color ,       12020,     12066, reaching_behind,    46
vp3/run2_2018-05-29-16-03-37.kinect_color ,       12066,     12093, reaching_behind,    27
vp3/run2_2018-05-29-16-03-37.kinect_color ,       12178,     12211, reaching_behind,    33
vp3/run2_2018-05-29-16-03-37.kinect_color ,       13434,     13463, reaching_behind,    29
vp3/run2_2018-05-29-16-03-37.kinect_color ,       13659,     13689, reaching_behind,    30
vp3/run2_2018-05-29-16-03-37.kinect_color ,       13689,     13726, reaching_behind,    37
vp3/run2_2018-05-29-16-03-37.kinect_color ,       13804,     13825, reaching_behind,    21
vp3/run2_2018-05-29-16-03-37.kinect_color ,       13825,     13834, electronics    ,     9
vp3/run2_2018-05-29-16-03-37.kinect_color ,       13853,     13860, electronics    ,     7
vp3/run2_2018-05-29-16-03-37.kinect_color ,       14505,     14551, reaching_behind,    46
vp3/run2_2018-05-29-16-03-37.kinect_color ,       14916,     14961, reaching_behind,    45
vp3/run2_2018-05-29-16-03-37.kinect_color ,       14961,     14964, reaching_behind,     3
vp3/run2_2018-05-29-16-03-37.kinect_color ,       14964,     15010, eat_drink      ,    46
vp3/run2_2018-05-29-16-03-37.kinect_color ,       15010,     15054, eat_drink      ,    44
vp3/run2_2018-05-29-16-03-37.kinect_color ,       15054,     15099, eat_drink      ,    45
vp3/run2_2018-05-29-16-03-37.kinect_color ,       15099,     15144, eat_drink      ,    45
vp3/run2_2018-05-29-16-03-37.kinect_color ,       15144,     15189, eat_drink      ,    45
vp3/run2_2018-05-29-16-03-37.kinect_color ,       15189,     15234, eat_drink      ,    45
vp3/run2_2018-05-29-16-03-37.kinect_color ,       15234,     15279, eat_drink      ,    45
vp3/run2_2018-05-29-16-03-37.kinect_color ,       15279,     15324, eat_drink      ,    45
vp3/run2_2018-05-29-16-03-37.kinect_color ,       15324,     15369, eat_drink      ,    45
vp3/run2_2018-05-29-16-03-37.kinect_color ,       15369,     15374, eat_drink      ,     5
vp3/run2_2018-05-29-16-03-37.kinect_color ,       15374,     15410, reaching_behind,    36
vp3/run2_2018-05-29-16-03-37.kinect_color ,       15410,     15432, reaching_behind,    22
vp3/run2_2018-05-29-16-03-37.kinect_color ,       15432,     15477, eat_drink      ,    45
vp3/run2_2018-05-29-16-03-37.kinect_color ,       15477,     15502, eat_drink      ,    25
vp3/run2_2018-05-29-16-03-37.kinect_color ,       15502,     15547, eat_drink      ,    45
vp3/run2_2018-05-29-16-03-37.kinect_color ,       15547,     15561, eat_drink      ,    14
vp3/run2_2018-05-29-16-03-37.kinect_color ,       15561,     15576, eat_drink      ,    15
vp3/run2_2018-05-29-16-03-37.kinect_color ,       15576,     15607, reaching_behind,    31
vp3/run2_2018-05-29-16-03-37.kinect_color ,       15607,     15616, electronics    ,     9
vp3/run2_2018-05-29-16-03-37.kinect_color ,       15754,     15772, electronics    ,    18
vp3/run2_2018-05-29-16-03-37.kinect_color ,       15780,     15785, electronics    ,     5
vp3/run2_2018-05-29-16-03-37.kinect_color ,       15837,     15845, electronics    ,     8
vp4/run1_2018-05-22-13-28-51.kinect_color ,        1679,      1692, electronics    ,    13
vp4/run1_2018-05-22-13-28-51.kinect_color ,        6057,      6070, electronics    ,    13
vp4/run1_2018-05-22-13-28-51.kinect_color ,        6416,      6457, reaching_behind,    41
vp4/run1_2018-05-22-13-28-51.kinect_color ,        6462,      6469, electronics    ,     7
vp4/run1_2018-05-22-13-28-51.kinect_color ,        6480,      6526, reaching_behind,    46
vp4/run1_2018-05-22-13-28-51.kinect_color ,        6526,      6571, reaching_behind,    45
vp4/run1_2018-05-22-13-28-51.kinect_color ,        6571,      6594, reaching_behind,    23
vp4/run1_2018-05-22-13-28-51.kinect_color ,        6652,      6698, reaching_behind,    46
vp4/run1_2018-05-22-13-28-51.kinect_color ,        6698,      6709, reaching_behind,    11
vp4/run1_2018-05-22-13-28-51.kinect_color ,        7120,      7135, electronics    ,    15
vp4/run1_2018-05-22-13-28-51.kinect_color ,        7182,      7227, reaching_behind,    45
vp4/run1_2018-05-22-13-28-51.kinect_color ,        7227,      7272, reaching_behind,    45
vp4/run1_2018-05-22-13-28-51.kinect_color ,        7272,      7318, reaching_behind,    46
vp4/run1_2018-05-22-13-28-51.kinect_color ,        7318,      7363, reaching_behind,    45
vp4/run1_2018-05-22-13-28-51.kinect_color ,        7363,      7394, reaching_behind,    31
vp4/run1_2018-05-22-13-28-51.kinect_color ,        7462,      7508, reaching_behind,    46
vp4/run1_2018-05-22-13-28-51.kinect_color ,        7508,      7541, reaching_behind,    33
vp4/run1_2018-05-22-13-28-51.kinect_color ,        7667,      7713, reaching_behind,    46
vp4/run1_2018-05-22-13-28-51.kinect_color ,        7713,      7758, reaching_behind,    45
vp4/run1_2018-05-22-13-28-51.kinect_color ,        7758,      7763, reaching_behind,     5
vp4/run1_2018-05-22-13-28-51.kinect_color ,        7763,      7808, reaching_behind,    45
vp4/run1_2018-05-22-13-28-51.kinect_color ,        7808,      7818, reaching_behind,    10
vp4/run1_2018-05-22-13-28-51.kinect_color ,        7818,      7853, reaching_behind,    35
vp4/run1_2018-05-22-13-28-51.kinect_color ,        7853,      7895, reaching_behind,    42
vp4/run1_2018-05-22-13-28-51.kinect_color ,        8056,      8098, reaching_behind,    42
vp4/run1_2018-05-22-13-28-51.kinect_color ,        8098,      8143, eat_drink      ,    45
vp4/run1_2018-05-22-13-28-51.kinect_color ,        8143,      8188, eat_drink      ,    45
vp4/run1_2018-05-22-13-28-51.kinect_color ,        8188,      8233, eat_drink      ,    45
vp4/run1_2018-05-22-13-28-51.kinect_color ,        8233,      8278, eat_drink      ,    45
vp4/run1_2018-05-22-13-28-51.kinect_color ,        8278,      8282, eat_drink      ,     4
vp4/run1_2018-05-22-13-28-51.kinect_color ,        8282,      8313, reaching_behind,    31
vp4/run1_2018-05-22-13-28-51.kinect_color ,        8313,      8358, eat_drink      ,    45
vp4/run1_2018-05-22-13-28-51.kinect_color ,        8358,      8403, eat_drink      ,    45
vp4/run1_2018-05-22-13-28-51.kinect_color ,        8403,      8449, eat_drink      ,    46
vp4/run1_2018-05-22-13-28-51.kinect_color ,        8449,      8494, eat_drink      ,    45
vp4/run1_2018-05-22-13-28-51.kinect_color ,        8494,      8540, eat_drink      ,    46
vp4/run1_2018-05-22-13-28-51.kinect_color ,        8540,      8585, eat_drink      ,    45
vp4/run1_2018-05-22-13-28-51.kinect_color ,        8585,      8630, eat_drink      ,    45
vp4/run1_2018-05-22-13-28-51.kinect_color ,        8630,      8675, eat_drink      ,    45
vp4/run1_2018-05-22-13-28-51.kinect_color ,        8675,      8692, eat_drink      ,    17
vp4/run1_2018-05-22-13-28-51.kinect_color ,        8692,      8732, reaching_behind,    40
vp4/run1_2018-05-22-13-28-51.kinect_color ,        8733,      8778, eat_drink      ,    45
vp4/run1_2018-05-22-13-28-51.kinect_color ,        8778,      8823, eat_drink      ,    45
vp4/run1_2018-05-22-13-28-51.kinect_color ,        8823,      8868, eat_drink      ,    45
vp4/run1_2018-05-22-13-28-51.kinect_color ,        8868,      8914, eat_drink      ,    46
vp4/run1_2018-05-22-13-28-51.kinect_color ,        8914,      8959, eat_drink      ,    45
vp4/run1_2018-05-22-13-28-51.kinect_color ,        8959,      9005, eat_drink      ,    46
vp4/run1_2018-05-22-13-28-51.kinect_color ,        9005,      9050, eat_drink      ,    45
vp4/run1_2018-05-22-13-28-51.kinect_color ,        9050,      9095, eat_drink      ,    45
vp4/run1_2018-05-22-13-28-51.kinect_color ,        9095,      9106, eat_drink      ,    11
vp4/run1_2018-05-22-13-28-51.kinect_color ,        9106,      9130, reaching_behind,    24
vp4/run1_2018-05-22-13-28-51.kinect_color ,        9236,      9245, electronics    ,     9
vp4/run1_2018-05-22-13-28-51.kinect_color ,        9245,      9258, reaching_behind,    13
vp4/run1_2018-05-22-13-28-51.kinect_color ,        9509,      9554, reaching_behind,    45
vp4/run1_2018-05-22-13-28-51.kinect_color ,        9554,      9573, reaching_behind,    19
vp4/run1_2018-05-22-13-28-51.kinect_color ,        9609,      9620, electronics    ,    11
vp4/run1_2018-05-22-13-28-51.kinect_color ,       12729,     12775, reaching_behind,    46
vp4/run1_2018-05-22-13-28-51.kinect_color ,       12775,     12807, reaching_behind,    32
vp4/run1_2018-05-22-13-28-51.kinect_color ,       15814,     15844, reaching_behind,    30
vp4/run1_2018-05-22-13-28-51.kinect_color ,       15844,     15889, reaching_behind,    45
vp4/run1_2018-05-22-13-28-51.kinect_color ,       15889,     15934, reaching_behind,    45
vp4/run1_2018-05-22-13-28-51.kinect_color ,       15934,     15979, reaching_behind,    45
vp4/run1_2018-05-22-13-28-51.kinect_color ,       15979,     16024, reaching_behind,    45
vp4/run1_2018-05-22-13-28-51.kinect_color ,       16024,     16069, reaching_behind,    45
vp4/run1_2018-05-22-13-28-51.kinect_color ,       16069,     16114, reaching_behind,    45
vp4/run1_2018-05-22-13-28-51.kinect_color ,       16114,     16159, reaching_behind,    45
vp4/run1_2018-05-22-13-28-51.kinect_color ,       16159,     16166, reaching_behind,     7
vp4/run1_2018-05-22-13-28-51.kinect_color ,       16219,     16264, reaching_behind,    45
vp4/run1_2018-05-22-13-28-51.kinect_color ,       16264,     16309, reaching_behind,    45
vp4/run1_2018-05-22-13-28-51.kinect_color ,       16309,     16354, reaching_behind,    45
vp4/run1_2018-05-22-13-28-51.kinect_color ,       16354,     16372, reaching_behind,    18
vp4/run1_2018-05-22-13-28-51.kinect_color ,       16518,     16535, reaching_behind,    17
vp4/run1_2018-05-22-13-28-51.kinect_color ,       16543,     16546, electronics    ,     3
vp4/run1_2018-05-22-13-28-51.kinect_color ,       16688,     16697, electronics    ,     9
vp4/run1_2018-05-22-13-28-51.kinect_color ,       17286,     17331, reaching_behind,    45
vp4/run1_2018-05-22-13-28-51.kinect_color ,       17331,     17335, reaching_behind,     4
vp4/run1_2018-05-22-13-28-51.kinect_color ,       17335,     17380, electronics    ,    45
vp4/run1_2018-05-22-13-28-51.kinect_color ,       17380,     17385, electronics    ,     5
vp4/run1_2018-05-22-13-28-51.kinect_color ,       17385,     17433, electronics    ,    48
vp4/run1_2018-05-22-13-28-51.kinect_color ,       17433,     17479, electronics    ,    46
vp4/run1_2018-05-22-13-28-51.kinect_color ,       17479,     17524, electronics    ,    45
vp4/run1_2018-05-22-13-28-51.kinect_color ,       17524,     17569, electronics    ,    45
vp4/run1_2018-05-22-13-28-51.kinect_color ,       17569,     17615, electronics    ,    46
vp4/run1_2018-05-22-13-28-51.kinect_color ,       17615,     17661, electronics    ,    46
vp4/run1_2018-05-22-13-28-51.kinect_color ,       17661,     17707, electronics    ,    46
vp4/run1_2018-05-22-13-28-51.kinect_color ,       17707,     17752, electronics    ,    45
vp4/run1_2018-05-22-13-28-51.kinect_color ,       17752,     17797, electronics    ,    45
vp4/run1_2018-05-22-13-28-51.kinect_color ,       17797,     17842, electronics    ,    45
vp4/run1_2018-05-22-13-28-51.kinect_color ,       17842,     17887, electronics    ,    45
vp4/run1_2018-05-22-13-28-51.kinect_color ,       17887,     17932, electronics    ,    45
vp4/run1_2018-05-22-13-28-51.kinect_color ,       17932,     17977, electronics    ,    45
vp4/run1_2018-05-22-13-28-51.kinect_color ,       17977,     18023, electronics    ,    46
vp4/run1_2018-05-22-13-28-51.kinect_color ,       18023,     18069, electronics    ,    46
vp4/run1_2018-05-22-13-28-51.kinect_color ,       18069,     18095, electronics    ,    26
vp4/run1_2018-05-22-13-28-51.kinect_color ,       18110,     18135, reaching_behind,    25
vp4/run1_2018-05-22-13-28-51.kinect_color ,       18679,     18724, reaching_behind,    45
vp4/run1_2018-05-22-13-28-51.kinect_color ,       18724,     18770, reaching_behind,    46
vp4/run1_2018-05-22-13-28-51.kinect_color ,       18770,     18815, reaching_behind,    45
vp4/run1_2018-05-22-13-28-51.kinect_color ,       18815,     18860, reaching_behind,    45
vp4/run1_2018-05-22-13-28-51.kinect_color ,       18860,     18907, reaching_behind,    47
vp4/run1_2018-05-22-13-28-51.kinect_color ,       18929,     18964, reaching_behind,    35
vp4/run1_2018-05-22-13-28-51.kinect_color ,       18986,     19032, reaching_behind,    46
vp4/run1_2018-05-22-13-28-51.kinect_color ,       19032,     19042, reaching_behind,    10
vp4/run1_2018-05-22-13-28-51.kinect_color ,       19142,     19188, reaching_behind,    46
vp4/run1_2018-05-22-13-28-51.kinect_color ,       19188,     19201, reaching_behind,    13
vp4/run1_2018-05-22-13-28-51.kinect_color ,       19201,     19245, reaching_behind,    44
vp4/run1_2018-05-22-13-28-51.kinect_color ,       19308,     19353, reaching_behind,    45
vp4/run1_2018-05-22-13-28-51.kinect_color ,       19353,     19386, reaching_behind,    33
vp4/run1_2018-05-22-13-28-51.kinect_color ,       19388,     19433, electronics    ,    45
vp4/run1_2018-05-22-13-28-51.kinect_color ,       19433,     19479, reaching_behind,    46
vp4/run1_2018-05-22-13-28-51.kinect_color ,       19479,     19524, reaching_behind,    45
vp4/run1_2018-05-22-13-28-51.kinect_color ,       19524,     19557, reaching_behind,    33
vp4/run1_2018-05-22-13-28-51.kinect_color ,       19557,     19602, electronics    ,    45
vp4/run1_2018-05-22-13-28-51.kinect_color ,       19602,     19647, electronics    ,    45
vp4/run1_2018-05-22-13-28-51.kinect_color ,       19647,     19694, electronics    ,    47
vp4/run1_2018-05-22-13-28-51.kinect_color ,       19694,     19740, electronics    ,    46
vp4/run1_2018-05-22-13-28-51.kinect_color ,       19740,     19785, electronics    ,    45
vp4/run1_2018-05-22-13-28-51.kinect_color ,       19785,     19830, electronics    ,    45
vp4/run1_2018-05-22-13-28-51.kinect_color ,       19830,     19877, electronics    ,    47
vp4/run1_2018-05-22-13-28-51.kinect_color ,       19877,     19922, electronics    ,    45
vp4/run1_2018-05-22-13-28-51.kinect_color ,       19922,     19967, electronics    ,    45
vp4/run1_2018-05-22-13-28-51.kinect_color ,       19967,     20013, electronics    ,    46
vp4/run1_2018-05-22-13-28-51.kinect_color ,       20013,     20058, electronics    ,    45
vp4/run1_2018-05-22-13-28-51.kinect_color ,       20058,     20104, electronics    ,    46
vp4/run1_2018-05-22-13-28-51.kinect_color ,       20104,     20149, electronics    ,    45
vp4/run1_2018-05-22-13-28-51.kinect_color ,       20149,     20194, electronics    ,    45
vp4/run1_2018-05-22-13-28-51.kinect_color ,       20194,     20240, electronics    ,    46
vp4/run1_2018-05-22-13-28-51.kinect_color ,       20240,     20287, electronics    ,    47
vp4/run1_2018-05-22-13-28-51.kinect_color ,       20287,     20333, electronics    ,    46
vp4/run1_2018-05-22-13-28-51.kinect_color ,       20333,     20338, electronics    ,     5
vp4/run1_2018-05-22-13-28-51.kinect_color ,       20338,     20382, reaching_behind,    44
vp4/run1_2018-05-22-13-28-51.kinect_color ,       20382,     20428, electronics    ,    46
vp4/run1_2018-05-22-13-28-51.kinect_color ,       20428,     20474, electronics    ,    46
vp4/run1_2018-05-22-13-28-51.kinect_color ,       20474,     20519, electronics    ,    45
vp4/run1_2018-05-22-13-28-51.kinect_color ,       20519,     20565, electronics    ,    46
vp4/run1_2018-05-22-13-28-51.kinect_color ,       20565,     20610, electronics    ,    45
vp4/run1_2018-05-22-13-28-51.kinect_color ,       20610,     20655, electronics    ,    45
vp4/run1_2018-05-22-13-28-51.kinect_color ,       20655,     20700, electronics    ,    45
vp4/run1_2018-05-22-13-28-51.kinect_color ,       20700,     20745, electronics    ,    45
vp4/run1_2018-05-22-13-28-51.kinect_color ,       20745,     20790, electronics    ,    45
vp4/run1_2018-05-22-13-28-51.kinect_color ,       20790,     20836, electronics    ,    46
vp4/run1_2018-05-22-13-28-51.kinect_color ,       20836,     20881, electronics    ,    45
vp4/run1_2018-05-22-13-28-51.kinect_color ,       20881,     20927, electronics    ,    46
vp4/run1_2018-05-22-13-28-51.kinect_color ,       20927,     20972, electronics    ,    45
vp4/run1_2018-05-22-13-28-51.kinect_color ,       20972,     21016, electronics    ,    44
vp4/run1_2018-05-22-13-28-51.kinect_color ,       21016,     21062, electronics    ,    46
vp4/run1_2018-05-22-13-28-51.kinect_color ,       21062,     21106, electronics    ,    44
vp4/run1_2018-05-22-13-28-51.kinect_color ,       21106,     21152, electronics    ,    46
vp4/run1_2018-05-22-13-28-51.kinect_color ,       21152,     21198, electronics    ,    46
vp4/run1_2018-05-22-13-28-51.kinect_color ,       21198,     21244, electronics    ,    46
vp4/run1_2018-05-22-13-28-51.kinect_color ,       21244,     21289, electronics    ,    45
vp4/run1_2018-05-22-13-28-51.kinect_color ,       21289,     21336, electronics    ,    47
vp4/run1_2018-05-22-13-28-51.kinect_color ,       21336,     21381, electronics    ,    45
vp4/run1_2018-05-22-13-28-51.kinect_color ,       21381,     21389, electronics    ,     8
vp4/run1_2018-05-22-13-28-51.kinect_color ,       21389,     21435, reaching_behind,    46
vp4/run1_2018-05-22-13-28-51.kinect_color ,       21435,     21481, electronics    ,    46
vp4/run1_2018-05-22-13-28-51.kinect_color ,       21481,     21527, electronics    ,    46
vp4/run1_2018-05-22-13-28-51.kinect_color ,       21527,     21572, electronics    ,    45
vp4/run1_2018-05-22-13-28-51.kinect_color ,       21572,     21617, electronics    ,    45
vp4/run1_2018-05-22-13-28-51.kinect_color ,       21617,     21623, electronics    ,     6
vp4/run1_2018-05-22-13-28-51.kinect_color ,       21724,     21736, electronics    ,    12
vp4/run1_2018-05-22-13-28-51.kinect_color ,       21736,     21774, reaching_behind,    38
vp4/run1_2018-05-22-13-28-51.kinect_color ,       21839,     21884, reaching_behind,    45
vp4/run1_2018-05-22-13-28-51.kinect_color ,       21884,     21895, reaching_behind,    11
vp4/run1_2018-05-22-13-28-51.kinect_color ,       21895,     21934, electronics    ,    39
vp4/run1_2018-05-22-13-28-51.kinect_color ,       21934,     21979, electronics    ,    45
vp4/run1_2018-05-22-13-28-51.kinect_color ,       21979,     22008, electronics    ,    29
vp4/run1_2018-05-22-13-28-51.kinect_color ,       22008,     22022, electronics    ,    14
vp4/run1_2018-05-22-13-28-51.kinect_color ,       22174,     22181, electronics    ,     7
vp4/run1_2018-05-22-13-28-51.kinect_color ,       22474,     22497, electronics    ,    23
vp4/run1_2018-05-22-13-28-51.kinect_color ,       22546,     22570, electronics    ,    24
vp4/run1_2018-05-22-13-28-51.kinect_color ,       22599,     22645, reaching_behind,    46
vp4/run1_2018-05-22-13-28-51.kinect_color ,       22645,     22649, reaching_behind,     4
vp4/run1_2018-05-22-13-28-51.kinect_color ,       22668,     22714, reaching_behind,    46
vp4/run1_2018-05-22-13-28-51.kinect_color ,       22732,     22759, reaching_behind,    27
vp4/run1_2018-05-22-13-28-51.kinect_color ,       22759,     22804, eat_drink      ,    45
vp4/run1_2018-05-22-13-28-51.kinect_color ,       22804,     22850, eat_drink      ,    46
vp4/run1_2018-05-22-13-28-51.kinect_color ,       22850,     22895, eat_drink      ,    45
vp4/run1_2018-05-22-13-28-51.kinect_color ,       22895,     22928, eat_drink      ,    33
vp4/run1_2018-05-22-13-28-51.kinect_color ,       22928,     22971, reaching_behind,    43
vp4/run1_2018-05-22-13-28-51.kinect_color ,       23137,     23146, electronics    ,     9
vp4/run1_2018-05-22-13-28-51.kinect_color ,       23726,     23743, electronics    ,    17
vp4/run1_2018-05-22-13-28-51.kinect_color ,       24091,     24105, electronics    ,    14
vp4/run1_2018-05-22-13-28-51.kinect_color ,       25272,     25283, electronics    ,    11
vp4/run1_2018-05-22-13-28-51.kinect_color ,       26239,     26257, electronics    ,    18
vp4/run1_2018-05-22-13-28-51.kinect_color ,       27110,     27119, electronics    ,     9
vp4/run1_2018-05-22-13-28-51.kinect_color ,       27600,     27615, electronics    ,    15
vp4/run1_2018-05-22-13-28-51.kinect_color ,       28089,     28096, reaching_behind,     7
vp4/run1_2018-05-22-13-28-51.kinect_color ,       28227,     28235, electronics    ,     8
vp4/run1_2018-05-22-13-28-51.kinect_color ,       29286,     29332, reaching_behind,    46
vp4/run1_2018-05-22-13-28-51.kinect_color ,       29332,     29353, reaching_behind,    21
vp4/run1_2018-05-22-13-28-51.kinect_color ,       29864,     29876, reaching_behind,    12
vp4/run1_2018-05-22-13-28-51.kinect_color ,       30454,     30499, reaching_behind,    45
vp4/run1_2018-05-22-13-28-51.kinect_color ,       31238,     31249, reaching_behind,    11
vp4/run1_2018-05-22-13-28-51.kinect_color ,       31249,     31294, reaching_behind,    45
vp4/run1_2018-05-22-13-28-51.kinect_color ,       31294,     31326, reaching_behind,    32
vp4/run1_2018-05-22-13-28-51.kinect_color ,       31326,     31373, reaching_behind,    47
vp4/run1_2018-05-22-13-28-51.kinect_color ,       31373,     31418, reaching_behind,    45
vp4/run1_2018-05-22-13-28-51.kinect_color ,       31418,     31424, reaching_behind,     6
vp4/run1_2018-05-22-13-28-51.kinect_color ,       31701,     31733, reaching_behind,    32
vp4/run1_2018-05-22-13-28-51.kinect_color ,       31746,     31756, electronics    ,    10
vp4/run2_2018-05-22-14-25-04.kinect_color ,         960,       966, electronics    ,     6
vp4/run2_2018-05-22-14-25-04.kinect_color ,        5169,      5214, electronics    ,    45
vp4/run2_2018-05-22-14-25-04.kinect_color ,        5214,      5224, electronics    ,    10
vp4/run2_2018-05-22-14-25-04.kinect_color ,        5609,      5654, reaching_behind,    45
vp4/run2_2018-05-22-14-25-04.kinect_color ,        5654,      5663, reaching_behind,     9
vp4/run2_2018-05-22-14-25-04.kinect_color ,        5663,      5707, eat_drink      ,    44
vp4/run2_2018-05-22-14-25-04.kinect_color ,        5707,      5752, eat_drink      ,    45
vp4/run2_2018-05-22-14-25-04.kinect_color ,        5752,      5798, eat_drink      ,    46
vp4/run2_2018-05-22-14-25-04.kinect_color ,        5798,      5844, eat_drink      ,    46
vp4/run2_2018-05-22-14-25-04.kinect_color ,        5844,      5869, eat_drink      ,    25
vp4/run2_2018-05-22-14-25-04.kinect_color ,        5869,      5903, reaching_behind,    34
vp4/run2_2018-05-22-14-25-04.kinect_color ,        5903,      5950, eat_drink      ,    47
vp4/run2_2018-05-22-14-25-04.kinect_color ,        5950,      5996, eat_drink      ,    46
vp4/run2_2018-05-22-14-25-04.kinect_color ,        5996,      6041, eat_drink      ,    45
vp4/run2_2018-05-22-14-25-04.kinect_color ,        6041,      6086, eat_drink      ,    45
vp4/run2_2018-05-22-14-25-04.kinect_color ,        6086,      6110, eat_drink      ,    24
vp4/run2_2018-05-22-14-25-04.kinect_color ,        6110,      6155, reaching_behind,    45
vp4/run2_2018-05-22-14-25-04.kinect_color ,        6155,      6162, reaching_behind,     7
vp4/run2_2018-05-22-14-25-04.kinect_color ,        6669,      6715, reaching_behind,    46
vp4/run2_2018-05-22-14-25-04.kinect_color ,        6715,      6760, reaching_behind,    45
vp4/run2_2018-05-22-14-25-04.kinect_color ,        6760,      6805, reaching_behind,    45
vp4/run2_2018-05-22-14-25-04.kinect_color ,        6805,      6812, reaching_behind,     7
vp4/run2_2018-05-22-14-25-04.kinect_color ,        8406,      8452, reaching_behind,    46
vp4/run2_2018-05-22-14-25-04.kinect_color ,        8452,      8497, reaching_behind,    45
vp4/run2_2018-05-22-14-25-04.kinect_color ,        8497,      8542, reaching_behind,    45
vp4/run2_2018-05-22-14-25-04.kinect_color ,        8542,      8588, reaching_behind,    46
vp4/run2_2018-05-22-14-25-04.kinect_color ,        8588,      8632, reaching_behind,    44
vp4/run2_2018-05-22-14-25-04.kinect_color ,        8632,      8679, reaching_behind,    47
vp4/run2_2018-05-22-14-25-04.kinect_color ,        8679,      8725, reaching_behind,    46
vp4/run2_2018-05-22-14-25-04.kinect_color ,        8725,      8746, reaching_behind,    21
vp4/run2_2018-05-22-14-25-04.kinect_color ,        8746,      8772, reaching_behind,    26
vp4/run2_2018-05-22-14-25-04.kinect_color ,        8772,      8809, eat_drink      ,    37
vp4/run2_2018-05-22-14-25-04.kinect_color ,        8809,      8854, eat_drink      ,    45
vp4/run2_2018-05-22-14-25-04.kinect_color ,        8854,      8899, eat_drink      ,    45
vp4/run2_2018-05-22-14-25-04.kinect_color ,        8899,      8928, eat_drink      ,    29
vp4/run2_2018-05-22-14-25-04.kinect_color ,        8928,      8973, eat_drink      ,    45
vp4/run2_2018-05-22-14-25-04.kinect_color ,        8973,      8986, eat_drink      ,    13
vp4/run2_2018-05-22-14-25-04.kinect_color ,        8999,      9019, reaching_behind,    20
vp4/run2_2018-05-22-14-25-04.kinect_color ,        9120,      9131, electronics    ,    11
vp4/run2_2018-05-22-14-25-04.kinect_color ,       10704,     10749, reaching_behind,    45
vp4/run2_2018-05-22-14-25-04.kinect_color ,       10749,     10794, reaching_behind,    45
vp4/run2_2018-05-22-14-25-04.kinect_color ,       10794,     10804, reaching_behind,    10
vp4/run2_2018-05-22-14-25-04.kinect_color ,       10850,     10859, electronics    ,     9
vp4/run2_2018-05-22-14-25-04.kinect_color ,       11262,     11306, reaching_behind,    44
vp4/run2_2018-05-22-14-25-04.kinect_color ,       11306,     11343, reaching_behind,    37
vp4/run2_2018-05-22-14-25-04.kinect_color ,       11731,     11754, reaching_behind,    23
vp4/run2_2018-05-22-14-25-04.kinect_color ,       11754,     11799, reaching_behind,    45
vp4/run2_2018-05-22-14-25-04.kinect_color ,       11799,     11830, reaching_behind,    31
vp4/run2_2018-05-22-14-25-04.kinect_color ,       12116,     12136, reaching_behind,    20
vp4/run2_2018-05-22-14-25-04.kinect_color ,       12136,     12146, electronics    ,    10
vp4/run2_2018-05-22-14-25-04.kinect_color ,       12587,     12630, reaching_behind,    43
vp4/run2_2018-05-22-14-25-04.kinect_color ,       13296,     13303, electronics    ,     7
vp4/run2_2018-05-22-14-25-04.kinect_color ,       13566,     13611, reaching_behind,    45
vp4/run2_2018-05-22-14-25-04.kinect_color ,       13611,     13657, reaching_behind,    46
vp4/run2_2018-05-22-14-25-04.kinect_color ,       13657,     13678, reaching_behind,    21
vp4/run2_2018-05-22-14-25-04.kinect_color ,       13843,     13887, reaching_behind,    44
vp4/run2_2018-05-22-14-25-04.kinect_color ,       13887,     13933, reaching_behind,    46
vp4/run2_2018-05-22-14-25-04.kinect_color ,       13933,     13957, reaching_behind,    24
vp4/run2_2018-05-22-14-25-04.kinect_color ,       14099,     14118, reaching_behind,    19
vp4/run2_2018-05-22-14-25-04.kinect_color ,       14118,     14145, reaching_behind,    27
vp4/run2_2018-05-22-14-25-04.kinect_color ,       14145,     14174, reaching_behind,    29
vp4/run2_2018-05-22-14-25-04.kinect_color ,       14174,     14215, reaching_behind,    41
vp4/run2_2018-05-22-14-25-04.kinect_color ,       14215,     14262, reaching_behind,    47
vp4/run2_2018-05-22-14-25-04.kinect_color ,       14262,     14308, reaching_behind,    46
vp4/run2_2018-05-22-14-25-04.kinect_color ,       14308,     14323, reaching_behind,    15
vp4/run2_2018-05-22-14-25-04.kinect_color ,       14323,     14369, electronics    ,    46
vp4/run2_2018-05-22-14-25-04.kinect_color ,       14369,     14400, electronics    ,    31
vp4/run2_2018-05-22-14-25-04.kinect_color ,       14400,     14445, electronics    ,    45
vp4/run2_2018-05-22-14-25-04.kinect_color ,       14445,     14490, electronics    ,    45
vp4/run2_2018-05-22-14-25-04.kinect_color ,       14490,     14536, electronics    ,    46
vp4/run2_2018-05-22-14-25-04.kinect_color ,       14536,     14581, electronics    ,    45
vp4/run2_2018-05-22-14-25-04.kinect_color ,       14581,     14627, electronics    ,    46
vp4/run2_2018-05-22-14-25-04.kinect_color ,       14627,     14655, electronics    ,    28
vp4/run2_2018-05-22-14-25-04.kinect_color ,       14655,     14694, reaching_behind,    39
vp4/run2_2018-05-22-14-25-04.kinect_color ,       14696,     14741, electronics    ,    45
vp4/run2_2018-05-22-14-25-04.kinect_color ,       14741,     14786, electronics    ,    45
vp4/run2_2018-05-22-14-25-04.kinect_color ,       14786,     14831, electronics    ,    45
vp4/run2_2018-05-22-14-25-04.kinect_color ,       14831,     14877, electronics    ,    46
vp4/run2_2018-05-22-14-25-04.kinect_color ,       14877,     14922, electronics    ,    45
vp4/run2_2018-05-22-14-25-04.kinect_color ,       14922,     14967, electronics    ,    45
vp4/run2_2018-05-22-14-25-04.kinect_color ,       14967,     15013, electronics    ,    46
vp4/run2_2018-05-22-14-25-04.kinect_color ,       15013,     15059, electronics    ,    46
vp4/run2_2018-05-22-14-25-04.kinect_color ,       15059,     15104, electronics    ,    45
vp4/run2_2018-05-22-14-25-04.kinect_color ,       15104,     15149, electronics    ,    45
vp4/run2_2018-05-22-14-25-04.kinect_color ,       15149,     15195, electronics    ,    46
vp4/run2_2018-05-22-14-25-04.kinect_color ,       15195,     15240, electronics    ,    45
vp4/run2_2018-05-22-14-25-04.kinect_color ,       15240,     15285, electronics    ,    45
vp4/run2_2018-05-22-14-25-04.kinect_color ,       15285,     15330, electronics    ,    45
vp4/run2_2018-05-22-14-25-04.kinect_color ,       15330,     15376, reaching_behind,    46
vp4/run2_2018-05-22-14-25-04.kinect_color ,       15376,     15379, reaching_behind,     3
vp4/run2_2018-05-22-14-25-04.kinect_color ,       15379,     15424, electronics    ,    45
vp4/run2_2018-05-22-14-25-04.kinect_color ,       15424,     15469, electronics    ,    45
vp4/run2_2018-05-22-14-25-04.kinect_color ,       15469,     15515, electronics    ,    46
vp4/run2_2018-05-22-14-25-04.kinect_color ,       15515,     15521, electronics    ,     6
vp4/run2_2018-05-22-14-25-04.kinect_color ,       15521,     15566, electronics    ,    45
vp4/run2_2018-05-22-14-25-04.kinect_color ,       15566,     15592, electronics    ,    26
vp4/run2_2018-05-22-14-25-04.kinect_color ,       15592,     15637, reaching_behind,    45
vp4/run2_2018-05-22-14-25-04.kinect_color ,       15637,     15664, reaching_behind,    27
vp4/run2_2018-05-22-14-25-04.kinect_color ,       15664,     15711, reaching_behind,    47
vp4/run2_2018-05-22-14-25-04.kinect_color ,       15711,     15756, reaching_behind,    45
vp4/run2_2018-05-22-14-25-04.kinect_color ,       15756,     15772, reaching_behind,    16
vp4/run2_2018-05-22-14-25-04.kinect_color ,       15772,     15803, reaching_behind,    31
vp4/run2_2018-05-22-14-25-04.kinect_color ,       15803,     15813, electronics    ,    10
vp4/run2_2018-05-22-14-25-04.kinect_color ,       16138,     16163, reaching_behind,    25
vp4/run2_2018-05-22-14-25-04.kinect_color ,       16163,     16171, electronics    ,     8
vp4/run2_2018-05-22-14-25-04.kinect_color ,       17005,     17050, reaching_behind,    45
vp4/run2_2018-05-22-14-25-04.kinect_color ,       17050,     17065, reaching_behind,    15
vp4/run2_2018-05-22-14-25-04.kinect_color ,       17435,     17450, reaching_behind,    15
vp4/run2_2018-05-22-14-25-04.kinect_color ,       17928,     17973, reaching_behind,    45
vp4/run2_2018-05-22-14-25-04.kinect_color ,       17973,     18001, reaching_behind,    28
vp4/run2_2018-05-22-14-25-04.kinect_color ,       18346,     18365, reaching_behind,    19
vp4/run2_2018-05-22-14-25-04.kinect_color ,       18365,     18379, electronics    ,    14
vp4/run2_2018-05-22-14-25-04.kinect_color ,       18526,     18572, reaching_behind,    46
vp4/run2_2018-05-22-14-25-04.kinect_color ,       18572,     18587, reaching_behind,    15
vp4/run2_2018-05-22-14-25-04.kinect_color ,       18587,     18632, electronics    ,    45
vp4/run2_2018-05-22-14-25-04.kinect_color ,       18632,     18678, electronics    ,    46
vp4/run2_2018-05-22-14-25-04.kinect_color ,       18678,     18723, electronics    ,    45
vp4/run2_2018-05-22-14-25-04.kinect_color ,       18723,     18770, electronics    ,    47
vp4/run2_2018-05-22-14-25-04.kinect_color ,       18770,     18815, electronics    ,    45
vp4/run2_2018-05-22-14-25-04.kinect_color ,       18815,     18860, electronics    ,    45
vp4/run2_2018-05-22-14-25-04.kinect_color ,       18860,     18905, electronics    ,    45
vp4/run2_2018-05-22-14-25-04.kinect_color ,       18905,     18952, electronics    ,    47
vp4/run2_2018-05-22-14-25-04.kinect_color ,       18952,     18997, electronics    ,    45
vp4/run2_2018-05-22-14-25-04.kinect_color ,       18997,     19008, electronics    ,    11
vp4/run2_2018-05-22-14-25-04.kinect_color ,       19008,     19053, electronics    ,    45
vp4/run2_2018-05-22-14-25-04.kinect_color ,       19053,     19076, electronics    ,    23
vp4/run2_2018-05-22-14-25-04.kinect_color ,       19076,     19120, reaching_behind,    44
vp4/run2_2018-05-22-14-25-04.kinect_color ,       19120,     19166, electronics    ,    46
vp4/run2_2018-05-22-14-25-04.kinect_color ,       19166,     19207, electronics    ,    41
vp4/run2_2018-05-22-14-25-04.kinect_color ,       19794,     19802, electronics    ,     8
vp4/run2_2018-05-22-14-25-04.kinect_color ,       20800,     20809, electronics    ,     9
vp4/run2_2018-05-22-14-25-04.kinect_color ,       22377,     22382, electronics    ,     5
vp4/run2_2018-05-22-14-25-04.kinect_color ,       22725,     22734, electronics    ,     9
vp4/run2_2018-05-22-14-25-04.kinect_color ,       22855,     22900, reaching_behind,    45
vp4/run2_2018-05-22-14-25-04.kinect_color ,       22900,     22913, reaching_behind,    13
vp4/run2_2018-05-22-14-25-04.kinect_color ,       22913,     22919, electronics    ,     6
vp4/run2_2018-05-22-14-25-04.kinect_color ,       22919,     22964, electronics    ,    45
vp4/run2_2018-05-22-14-25-04.kinect_color ,       22964,     22982, electronics    ,    18
vp4/run2_2018-05-22-14-25-04.kinect_color ,       22982,     23028, electronics    ,    46
vp4/run2_2018-05-22-14-25-04.kinect_color ,       23028,     23073, electronics    ,    45
vp4/run2_2018-05-22-14-25-04.kinect_color ,       23073,     23118, electronics    ,    45
vp4/run2_2018-05-22-14-25-04.kinect_color ,       23118,     23164, electronics    ,    46
vp4/run2_2018-05-22-14-25-04.kinect_color ,       23164,     23209, electronics    ,    45
vp4/run2_2018-05-22-14-25-04.kinect_color ,       23209,     23254, electronics    ,    45
vp4/run2_2018-05-22-14-25-04.kinect_color ,       23254,     23280, electronics    ,    26
vp4/run2_2018-05-22-14-25-04.kinect_color ,       23280,     23326, electronics    ,    46
vp4/run2_2018-05-22-14-25-04.kinect_color ,       23326,     23371, electronics    ,    45
vp4/run2_2018-05-22-14-25-04.kinect_color ,       23371,     23417, electronics    ,    46
vp4/run2_2018-05-22-14-25-04.kinect_color ,       23417,     23438, electronics    ,    21
vp4/run2_2018-05-22-14-25-04.kinect_color ,       23438,     23484, reaching_behind,    46
vp4/run2_2018-05-22-14-25-04.kinect_color ,       23484,     23510, reaching_behind,    26
vp4/run2_2018-05-22-14-25-04.kinect_color ,       23960,     23964, electronics    ,     4
vp4/run2_2018-05-22-14-25-04.kinect_color ,       23964,     24010, reaching_behind,    46
vp4/run2_2018-05-22-14-25-04.kinect_color ,       24010,     24032, reaching_behind,    22
vp4/run2_2018-05-22-14-25-04.kinect_color ,       24032,     24076, eat_drink      ,    44
vp4/run2_2018-05-22-14-25-04.kinect_color ,       24076,     24121, eat_drink      ,    45
vp4/run2_2018-05-22-14-25-04.kinect_color ,       24121,     24166, eat_drink      ,    45
vp4/run2_2018-05-22-14-25-04.kinect_color ,       24166,     24211, eat_drink      ,    45
vp4/run2_2018-05-22-14-25-04.kinect_color ,       24211,     24256, eat_drink      ,    45
vp4/run2_2018-05-22-14-25-04.kinect_color ,       24256,     24263, eat_drink      ,     7
vp4/run2_2018-05-22-14-25-04.kinect_color ,       24263,     24283, reaching_behind,    20
vp4/run2_2018-05-22-14-25-04.kinect_color ,       24283,     24329, reaching_behind,    46
vp4/run2_2018-05-22-14-25-04.kinect_color ,       24329,     24375, eat_drink      ,    46
vp4/run2_2018-05-22-14-25-04.kinect_color ,       24375,     24419, eat_drink      ,    44
vp4/run2_2018-05-22-14-25-04.kinect_color ,       24419,     24465, eat_drink      ,    46
vp4/run2_2018-05-22-14-25-04.kinect_color ,       24465,     24510, eat_drink      ,    45
vp4/run2_2018-05-22-14-25-04.kinect_color ,       24510,     24555, eat_drink      ,    45
vp4/run2_2018-05-22-14-25-04.kinect_color ,       24555,     24600, eat_drink      ,    45
vp4/run2_2018-05-22-14-25-04.kinect_color ,       24600,     24646, eat_drink      ,    46
vp4/run2_2018-05-22-14-25-04.kinect_color ,       24646,     24690, eat_drink      ,    44
vp4/run2_2018-05-22-14-25-04.kinect_color ,       24690,     24736, eat_drink      ,    46
vp4/run2_2018-05-22-14-25-04.kinect_color ,       24736,     24757, eat_drink      ,    21
vp4/run2_2018-05-22-14-25-04.kinect_color ,       24757,     24769, electronics    ,    12
vp4/run2_2018-05-22-14-25-04.kinect_color ,       24769,     24814, eat_drink      ,    45
vp4/run2_2018-05-22-14-25-04.kinect_color ,       24814,     24860, eat_drink      ,    46
vp4/run2_2018-05-22-14-25-04.kinect_color ,       24860,     24878, eat_drink      ,    18
vp4/run2_2018-05-22-14-25-04.kinect_color ,       24878,     24906, reaching_behind,    28
vp4/run2_2018-05-22-14-25-04.kinect_color ,       24913,     24919, electronics    ,     6
vp4/run2_2018-05-22-14-25-04.kinect_color ,       25580,     25606, reaching_behind,    26
vp4/run2_2018-05-22-14-25-04.kinect_color ,       25606,     25618, electronics    ,    12
vp4/run2_2018-05-22-14-25-04.kinect_color ,       27089,     27098, electronics    ,     9
vp5/run1_2018-05-22-15-10-41.kinect_color ,        1119,      1128, electronics    ,     9
vp5/run1_2018-05-22-15-10-41.kinect_color ,        5336,      5343, electronics    ,     7
vp5/run1_2018-05-22-15-10-41.kinect_color ,        5360,      5366, electronics    ,     6
vp5/run1_2018-05-22-15-10-41.kinect_color ,        5727,      5772, reaching_behind,    45
vp5/run1_2018-05-22-15-10-41.kinect_color ,        5772,      5790, reaching_behind,    18
vp5/run1_2018-05-22-15-10-41.kinect_color ,        5861,      5907, reaching_behind,    46
vp5/run1_2018-05-22-15-10-41.kinect_color ,        5907,      5953, electronics    ,    46
vp5/run1_2018-05-22-15-10-41.kinect_color ,        5953,      5998, electronics    ,    45
vp5/run1_2018-05-22-15-10-41.kinect_color ,        5998,      6043, electronics    ,    45
vp5/run1_2018-05-22-15-10-41.kinect_color ,        6043,      6089, electronics    ,    46
vp5/run1_2018-05-22-15-10-41.kinect_color ,        6089,      6093, electronics    ,     4
vp5/run1_2018-05-22-15-10-41.kinect_color ,        6093,      6138, electronics    ,    45
vp5/run1_2018-05-22-15-10-41.kinect_color ,        6138,      6183, electronics    ,    45
vp5/run1_2018-05-22-15-10-41.kinect_color ,        6183,      6228, electronics    ,    45
vp5/run1_2018-05-22-15-10-41.kinect_color ,        6228,      6273, electronics    ,    45
vp5/run1_2018-05-22-15-10-41.kinect_color ,        6273,      6318, electronics    ,    45
vp5/run1_2018-05-22-15-10-41.kinect_color ,        6318,      6365, electronics    ,    47
vp5/run1_2018-05-22-15-10-41.kinect_color ,        6365,      6410, electronics    ,    45
vp5/run1_2018-05-22-15-10-41.kinect_color ,        6410,      6455, electronics    ,    45
vp5/run1_2018-05-22-15-10-41.kinect_color ,        6455,      6501, electronics    ,    46
vp5/run1_2018-05-22-15-10-41.kinect_color ,        6501,      6546, electronics    ,    45
vp5/run1_2018-05-22-15-10-41.kinect_color ,        6546,      6576, electronics    ,    30
vp5/run1_2018-05-22-15-10-41.kinect_color ,        6576,      6621, reaching_behind,    45
vp5/run1_2018-05-22-15-10-41.kinect_color ,        6621,      6638, reaching_behind,    17
vp5/run1_2018-05-22-15-10-41.kinect_color ,        6638,      6683, electronics    ,    45
vp5/run1_2018-05-22-15-10-41.kinect_color ,        6683,      6728, electronics    ,    45
vp5/run1_2018-05-22-15-10-41.kinect_color ,        6728,      6775, electronics    ,    47
vp5/run1_2018-05-22-15-10-41.kinect_color ,        6775,      6819, electronics    ,    44
vp5/run1_2018-05-22-15-10-41.kinect_color ,        6819,      6864, electronics    ,    45
vp5/run1_2018-05-22-15-10-41.kinect_color ,        6864,      6899, electronics    ,    35
vp5/run1_2018-05-22-15-10-41.kinect_color ,        6899,      6934, reaching_behind,    35
vp5/run1_2018-05-22-15-10-41.kinect_color ,        6934,      6971, electronics    ,    37
vp5/run1_2018-05-22-15-10-41.kinect_color ,        6971,      7016, reaching_behind,    45
vp5/run1_2018-05-22-15-10-41.kinect_color ,        7016,      7061, reaching_behind,    45
vp5/run1_2018-05-22-15-10-41.kinect_color ,        7061,      7107, reaching_behind,    46
vp5/run1_2018-05-22-15-10-41.kinect_color ,        7107,      7114, reaching_behind,     7
vp5/run1_2018-05-22-15-10-41.kinect_color ,        7142,      7148, electronics    ,     6
vp5/run1_2018-05-22-15-10-41.kinect_color ,        8723,      8758, reaching_behind,    35
vp5/run1_2018-05-22-15-10-41.kinect_color ,        8758,      8776, reaching_behind,    18
vp5/run1_2018-05-22-15-10-41.kinect_color ,        8776,      8809, reaching_behind,    33
vp5/run1_2018-05-22-15-10-41.kinect_color ,        8809,      8854, eat_drink      ,    45
vp5/run1_2018-05-22-15-10-41.kinect_color ,        8854,      8876, eat_drink      ,    22
vp5/run1_2018-05-22-15-10-41.kinect_color ,        8876,      8921, reaching_behind,    45
vp5/run1_2018-05-22-15-10-41.kinect_color ,        8921,      8941, reaching_behind,    20
vp5/run1_2018-05-22-15-10-41.kinect_color ,        8941,      8987, eat_drink      ,    46
vp5/run1_2018-05-22-15-10-41.kinect_color ,        8987,      9005, eat_drink      ,    18
vp5/run1_2018-05-22-15-10-41.kinect_color ,        9005,      9050, eat_drink      ,    45
vp5/run1_2018-05-22-15-10-41.kinect_color ,        9050,      9097, eat_drink      ,    47
vp5/run1_2018-05-22-15-10-41.kinect_color ,        9097,      9142, eat_drink      ,    45
vp5/run1_2018-05-22-15-10-41.kinect_color ,        9142,      9181, eat_drink      ,    39
vp5/run1_2018-05-22-15-10-41.kinect_color ,        9181,      9226, eat_drink      ,    45
vp5/run1_2018-05-22-15-10-41.kinect_color ,        9226,      9272, eat_drink      ,    46
vp5/run1_2018-05-22-15-10-41.kinect_color ,        9272,      9317, eat_drink      ,    45
vp5/run1_2018-05-22-15-10-41.kinect_color ,        9317,      9363, eat_drink      ,    46
vp5/run1_2018-05-22-15-10-41.kinect_color ,        9363,      9409, eat_drink      ,    46
vp5/run1_2018-05-22-15-10-41.kinect_color ,        9409,      9449, eat_drink      ,    40
vp5/run1_2018-05-22-15-10-41.kinect_color ,        9449,      9494, eat_drink      ,    45
vp5/run1_2018-05-22-15-10-41.kinect_color ,        9494,      9539, eat_drink      ,    45
vp5/run1_2018-05-22-15-10-41.kinect_color ,        9539,      9555, eat_drink      ,    16
vp5/run1_2018-05-22-15-10-41.kinect_color ,        9555,      9600, eat_drink      ,    45
vp5/run1_2018-05-22-15-10-41.kinect_color ,        9600,      9643, eat_drink      ,    43
vp5/run1_2018-05-22-15-10-41.kinect_color ,        9643,      9689, reaching_behind,    46
vp5/run1_2018-05-22-15-10-41.kinect_color ,        9689,      9695, reaching_behind,     6
vp5/run1_2018-05-22-15-10-41.kinect_color ,        9695,      9740, eat_drink      ,    45
vp5/run1_2018-05-22-15-10-41.kinect_color ,        9740,      9744, eat_drink      ,     4
vp5/run1_2018-05-22-15-10-41.kinect_color ,        9744,      9775, reaching_behind,    31
vp5/run1_2018-05-22-15-10-41.kinect_color ,       10154,     10199, reaching_behind,    45
vp5/run1_2018-05-22-15-10-41.kinect_color ,       10199,     10207, reaching_behind,     8
vp5/run1_2018-05-22-15-10-41.kinect_color ,       10207,     10252, eat_drink      ,    45
vp5/run1_2018-05-22-15-10-41.kinect_color ,       10252,     10297, eat_drink      ,    45
vp5/run1_2018-05-22-15-10-41.kinect_color ,       10297,     10327, eat_drink      ,    30
vp5/run1_2018-05-22-15-10-41.kinect_color ,       10327,     10355, reaching_behind,    28
vp5/run1_2018-05-22-15-10-41.kinect_color ,       10355,     10401, eat_drink      ,    46
vp5/run1_2018-05-22-15-10-41.kinect_color ,       10401,     10446, eat_drink      ,    45
vp5/run1_2018-05-22-15-10-41.kinect_color ,       10446,     10471, eat_drink      ,    25
vp5/run1_2018-05-22-15-10-41.kinect_color ,       10471,     10511, eat_drink      ,    40
vp5/run1_2018-05-22-15-10-41.kinect_color ,       10511,     10538, reaching_behind,    27
vp5/run1_2018-05-22-15-10-41.kinect_color ,       10538,     10583, eat_drink      ,    45
vp5/run1_2018-05-22-15-10-41.kinect_color ,       10583,     10628, eat_drink      ,    45
vp5/run1_2018-05-22-15-10-41.kinect_color ,       10628,     10674, eat_drink      ,    46
vp5/run1_2018-05-22-15-10-41.kinect_color ,       10674,     10720, eat_drink      ,    46
vp5/run1_2018-05-22-15-10-41.kinect_color ,       10720,     10765, eat_drink      ,    45
vp5/run1_2018-05-22-15-10-41.kinect_color ,       10765,     10810, eat_drink      ,    45
vp5/run1_2018-05-22-15-10-41.kinect_color ,       10810,     10855, eat_drink      ,    45
vp5/run1_2018-05-22-15-10-41.kinect_color ,       10855,     10900, eat_drink      ,    45
vp5/run1_2018-05-22-15-10-41.kinect_color ,       10900,     10945, eat_drink      ,    45
vp5/run1_2018-05-22-15-10-41.kinect_color ,       10945,     10990, eat_drink      ,    45
vp5/run1_2018-05-22-15-10-41.kinect_color ,       10990,     11035, eat_drink      ,    45
vp5/run1_2018-05-22-15-10-41.kinect_color ,       11035,     11080, eat_drink      ,    45
vp5/run1_2018-05-22-15-10-41.kinect_color ,       11080,     11125, eat_drink      ,    45
vp5/run1_2018-05-22-15-10-41.kinect_color ,       11125,     11170, eat_drink      ,    45
vp5/run1_2018-05-22-15-10-41.kinect_color ,       11170,     11215, eat_drink      ,    45
vp5/run1_2018-05-22-15-10-41.kinect_color ,       11215,     11260, eat_drink      ,    45
vp5/run1_2018-05-22-15-10-41.kinect_color ,       11260,     11305, eat_drink      ,    45
vp5/run1_2018-05-22-15-10-41.kinect_color ,       11305,     11351, eat_drink      ,    46
vp5/run1_2018-05-22-15-10-41.kinect_color ,       11351,     11397, eat_drink      ,    46
vp5/run1_2018-05-22-15-10-41.kinect_color ,       11397,     11442, eat_drink      ,    45
vp5/run1_2018-05-22-15-10-41.kinect_color ,       11442,     11488, eat_drink      ,    46
vp5/run1_2018-05-22-15-10-41.kinect_color ,       11488,     11534, eat_drink      ,    46
vp5/run1_2018-05-22-15-10-41.kinect_color ,       11534,     11579, eat_drink      ,    45
vp5/run1_2018-05-22-15-10-41.kinect_color ,       11579,     11624, eat_drink      ,    45
vp5/run1_2018-05-22-15-10-41.kinect_color ,       11624,     11670, eat_drink      ,    46
vp5/run1_2018-05-22-15-10-41.kinect_color ,       11670,     11715, eat_drink      ,    45
vp5/run1_2018-05-22-15-10-41.kinect_color ,       11715,     11760, eat_drink      ,    45
vp5/run1_2018-05-22-15-10-41.kinect_color ,       11760,     11805, eat_drink      ,    45
vp5/run1_2018-05-22-15-10-41.kinect_color ,       11805,     11850, eat_drink      ,    45
vp5/run1_2018-05-22-15-10-41.kinect_color ,       11850,     11896, eat_drink      ,    46
vp5/run1_2018-05-22-15-10-41.kinect_color ,       11896,     11941, eat_drink      ,    45
vp5/run1_2018-05-22-15-10-41.kinect_color ,       11941,     11987, eat_drink      ,    46
vp5/run1_2018-05-22-15-10-41.kinect_color ,       11987,     12031, eat_drink      ,    44
vp5/run1_2018-05-22-15-10-41.kinect_color ,       12031,     12071, eat_drink      ,    40
vp5/run1_2018-05-22-15-10-41.kinect_color ,       12071,     12117, reaching_behind,    46
vp5/run1_2018-05-22-15-10-41.kinect_color ,       12117,     12121, reaching_behind,     4
vp5/run1_2018-05-22-15-10-41.kinect_color ,       12121,     12167, eat_drink      ,    46
vp5/run1_2018-05-22-15-10-41.kinect_color ,       12167,     12212, eat_drink      ,    45
vp5/run1_2018-05-22-15-10-41.kinect_color ,       12212,     12257, eat_drink      ,    45
vp5/run1_2018-05-22-15-10-41.kinect_color ,       12257,     12302, eat_drink      ,    45
vp5/run1_2018-05-22-15-10-41.kinect_color ,       12302,     12347, eat_drink      ,    45
vp5/run1_2018-05-22-15-10-41.kinect_color ,       12347,     12392, eat_drink      ,    45
vp5/run1_2018-05-22-15-10-41.kinect_color ,       12392,     12438, eat_drink      ,    46
vp5/run1_2018-05-22-15-10-41.kinect_color ,       12438,     12482, eat_drink      ,    44
vp5/run1_2018-05-22-15-10-41.kinect_color ,       12482,     12527, eat_drink      ,    45
vp5/run1_2018-05-22-15-10-41.kinect_color ,       12527,     12565, eat_drink      ,    38
vp5/run1_2018-05-22-15-10-41.kinect_color ,       12565,     12598, reaching_behind,    33
vp5/run1_2018-05-22-15-10-41.kinect_color ,       12598,     12644, eat_drink      ,    46
vp5/run1_2018-05-22-15-10-41.kinect_color ,       12644,     12689, eat_drink      ,    45
vp5/run1_2018-05-22-15-10-41.kinect_color ,       12689,     12734, eat_drink      ,    45
vp5/run1_2018-05-22-15-10-41.kinect_color ,       12734,     12780, eat_drink      ,    46
vp5/run1_2018-05-22-15-10-41.kinect_color ,       12780,     12826, eat_drink      ,    46
vp5/run1_2018-05-22-15-10-41.kinect_color ,       12826,     12871, eat_drink      ,    45
vp5/run1_2018-05-22-15-10-41.kinect_color ,       12871,     12917, eat_drink      ,    46
vp5/run1_2018-05-22-15-10-41.kinect_color ,       12917,     12961, eat_drink      ,    44
vp5/run1_2018-05-22-15-10-41.kinect_color ,       12961,     12998, eat_drink      ,    37
vp5/run1_2018-05-22-15-10-41.kinect_color ,       12998,     13002, electronics    ,     4
vp5/run1_2018-05-22-15-10-41.kinect_color ,       13234,     13270, reaching_behind,    36
vp5/run1_2018-05-22-15-10-41.kinect_color ,       13270,     13285, reaching_behind,    15
vp5/run1_2018-05-22-15-10-41.kinect_color ,       13290,     13303, electronics    ,    13
vp5/run1_2018-05-22-15-10-41.kinect_color ,       13828,     13854, reaching_behind,    26
vp5/run1_2018-05-22-15-10-41.kinect_color ,       13854,     13878, reaching_behind,    24
vp5/run1_2018-05-22-15-10-41.kinect_color ,       13878,     13920, reaching_behind,    42
vp5/run1_2018-05-22-15-10-41.kinect_color ,       13922,     13967, reaching_behind,    45
vp5/run1_2018-05-22-15-10-41.kinect_color ,       14766,     14807, reaching_behind,    41
vp5/run1_2018-05-22-15-10-41.kinect_color ,       14890,     14936, reaching_behind,    46
vp5/run1_2018-05-22-15-10-41.kinect_color ,       14936,     14941, reaching_behind,     5
vp5/run1_2018-05-22-15-10-41.kinect_color ,       15006,     15042, reaching_behind,    36
vp5/run1_2018-05-22-15-10-41.kinect_color ,       15042,     15072, reaching_behind,    30
vp5/run1_2018-05-22-15-10-41.kinect_color ,       15081,     15087, electronics    ,     6
vp5/run1_2018-05-22-15-10-41.kinect_color ,       15601,     15646, reaching_behind,    45
vp5/run1_2018-05-22-15-10-41.kinect_color ,       15646,     15690, reaching_behind,    44
vp5/run1_2018-05-22-15-10-41.kinect_color ,       15709,     15724, reaching_behind,    15
vp5/run1_2018-05-22-15-10-41.kinect_color ,       15772,     15781, electronics    ,     9
vp5/run1_2018-05-22-15-10-41.kinect_color ,       16328,     16367, reaching_behind,    39
vp5/run1_2018-05-22-15-10-41.kinect_color ,       16367,     16399, electronics    ,    32
vp5/run1_2018-05-22-15-10-41.kinect_color ,       16399,     16444, electronics    ,    45
vp5/run1_2018-05-22-15-10-41.kinect_color ,       16444,     16490, electronics    ,    46
vp5/run1_2018-05-22-15-10-41.kinect_color ,       16490,     16535, electronics    ,    45
vp5/run1_2018-05-22-15-10-41.kinect_color ,       16535,     16580, electronics    ,    45
vp5/run1_2018-05-22-15-10-41.kinect_color ,       16580,     16626, electronics    ,    46
vp5/run1_2018-05-22-15-10-41.kinect_color ,       16626,     16671, electronics    ,    45
vp5/run1_2018-05-22-15-10-41.kinect_color ,       16671,     16716, electronics    ,    45
vp5/run1_2018-05-22-15-10-41.kinect_color ,       16716,     16761, electronics    ,    45
vp5/run1_2018-05-22-15-10-41.kinect_color ,       16761,     16807, electronics    ,    46
vp5/run1_2018-05-22-15-10-41.kinect_color ,       16807,     16853, electronics    ,    46
vp5/run1_2018-05-22-15-10-41.kinect_color ,       16853,     16898, electronics    ,    45
vp5/run1_2018-05-22-15-10-41.kinect_color ,       16898,     16944, electronics    ,    46
vp5/run1_2018-05-22-15-10-41.kinect_color ,       16944,     16988, electronics    ,    44
vp5/run1_2018-05-22-15-10-41.kinect_color ,       16988,     17033, electronics    ,    45
vp5/run1_2018-05-22-15-10-41.kinect_color ,       17033,     17057, electronics    ,    24
vp5/run1_2018-05-22-15-10-41.kinect_color ,       17057,     17103, electronics    ,    46
vp5/run1_2018-05-22-15-10-41.kinect_color ,       17103,     17125, electronics    ,    22
vp5/run1_2018-05-22-15-10-41.kinect_color ,       17125,     17140, reaching_behind,    15
vp5/run1_2018-05-22-15-10-41.kinect_color ,       17523,     17568, reaching_behind,    45
vp5/run1_2018-05-22-15-10-41.kinect_color ,       17568,     17613, reaching_behind,    45
vp5/run1_2018-05-22-15-10-41.kinect_color ,       17613,     17622, reaching_behind,     9
vp5/run1_2018-05-22-15-10-41.kinect_color ,       18400,     18444, reaching_behind,    44
vp5/run1_2018-05-22-15-10-41.kinect_color ,       18482,     18528, reaching_behind,    46
vp5/run1_2018-05-22-15-10-41.kinect_color ,       18528,     18535, reaching_behind,     7
vp5/run1_2018-05-22-15-10-41.kinect_color ,       18764,     18806, reaching_behind,    42
vp5/run1_2018-05-22-15-10-41.kinect_color ,       18806,     18851, reaching_behind,    45
vp5/run1_2018-05-22-15-10-41.kinect_color ,       18851,     18871, reaching_behind,    20
vp5/run1_2018-05-22-15-10-41.kinect_color ,       18871,     18900, reaching_behind,    29
vp5/run1_2018-05-22-15-10-41.kinect_color ,       18900,     18905, electronics    ,     5
vp5/run1_2018-05-22-15-10-41.kinect_color ,       19278,     19323, reaching_behind,    45
vp5/run1_2018-05-22-15-10-41.kinect_color ,       19323,     19350, reaching_behind,    27
vp5/run1_2018-05-22-15-10-41.kinect_color ,       19692,     19699, electronics    ,     7
vp5/run1_2018-05-22-15-10-41.kinect_color ,       19748,     19755, electronics    ,     7
vp5/run1_2018-05-22-15-10-41.kinect_color ,       20602,     20616, electronics    ,    14
vp5/run1_2018-05-22-15-10-41.kinect_color ,       20616,     20654, reaching_behind,    38
vp5/run1_2018-05-22-15-10-41.kinect_color ,       20654,     20699, eat_drink      ,    45
vp5/run1_2018-05-22-15-10-41.kinect_color ,       20699,     20744, eat_drink      ,    45
vp5/run1_2018-05-22-15-10-41.kinect_color ,       20744,     20789, eat_drink      ,    45
vp5/run1_2018-05-22-15-10-41.kinect_color ,       20789,     20834, eat_drink      ,    45
vp5/run1_2018-05-22-15-10-41.kinect_color ,       20834,     20880, eat_drink      ,    46
vp5/run1_2018-05-22-15-10-41.kinect_color ,       20880,     20925, eat_drink      ,    45
vp5/run1_2018-05-22-15-10-41.kinect_color ,       20925,     20971, eat_drink      ,    46
vp5/run1_2018-05-22-15-10-41.kinect_color ,       20971,     21016, eat_drink      ,    45
vp5/run1_2018-05-22-15-10-41.kinect_color ,       21016,     21061, eat_drink      ,    45
vp5/run1_2018-05-22-15-10-41.kinect_color ,       21061,     21106, eat_drink      ,    45
vp5/run1_2018-05-22-15-10-41.kinect_color ,       21106,     21152, eat_drink      ,    46
vp5/run1_2018-05-22-15-10-41.kinect_color ,       21152,     21197, eat_drink      ,    45
vp5/run1_2018-05-22-15-10-41.kinect_color ,       21197,     21243, eat_drink      ,    46
vp5/run1_2018-05-22-15-10-41.kinect_color ,       21243,     21288, eat_drink      ,    45
vp5/run1_2018-05-22-15-10-41.kinect_color ,       21288,     21333, eat_drink      ,    45
vp5/run1_2018-05-22-15-10-41.kinect_color ,       21333,     21340, eat_drink      ,     7
vp5/run1_2018-05-22-15-10-41.kinect_color ,       21340,     21366, reaching_behind,    26
vp5/run1_2018-05-22-15-10-41.kinect_color ,       21727,     21770, reaching_behind,    43
vp5/run1_2018-05-22-15-10-41.kinect_color ,       21775,     21783, electronics    ,     8
vp5/run1_2018-05-22-15-10-41.kinect_color ,       21783,     21828, eat_drink      ,    45
vp5/run1_2018-05-22-15-10-41.kinect_color ,       21828,     21874, eat_drink      ,    46
vp5/run1_2018-05-22-15-10-41.kinect_color ,       21874,     21919, eat_drink      ,    45
vp5/run1_2018-05-22-15-10-41.kinect_color ,       21919,     21967, eat_drink      ,    48
vp5/run1_2018-05-22-15-10-41.kinect_color ,       21967,     21997, eat_drink      ,    30
vp5/run1_2018-05-22-15-10-41.kinect_color ,       22001,     22033, eat_drink      ,    32
vp5/run1_2018-05-22-15-10-41.kinect_color ,       22038,     22074, eat_drink      ,    36
vp5/run1_2018-05-22-15-10-41.kinect_color ,       22074,     22093, reaching_behind,    19
vp5/run1_2018-05-22-15-10-41.kinect_color ,       22140,     22171, reaching_behind,    31
vp5/run1_2018-05-22-15-10-41.kinect_color ,       22171,     22217, eat_drink      ,    46
vp5/run1_2018-05-22-15-10-41.kinect_color ,       22217,     22262, eat_drink      ,    45
vp5/run1_2018-05-22-15-10-41.kinect_color ,       22262,     22308, eat_drink      ,    46
vp5/run1_2018-05-22-15-10-41.kinect_color ,       22308,     22353, eat_drink      ,    45
vp5/run1_2018-05-22-15-10-41.kinect_color ,       22353,     22398, eat_drink      ,    45
vp5/run1_2018-05-22-15-10-41.kinect_color ,       22398,     22428, eat_drink      ,    30
vp5/run1_2018-05-22-15-10-41.kinect_color ,       22428,     22473, reaching_behind,    45
vp5/run1_2018-05-22-15-10-41.kinect_color ,       22473,     22512, reaching_behind,    39
vp5/run1_2018-05-22-15-10-41.kinect_color ,       22512,     22558, eat_drink      ,    46
vp5/run1_2018-05-22-15-10-41.kinect_color ,       22558,     22604, eat_drink      ,    46
vp5/run1_2018-05-22-15-10-41.kinect_color ,       22604,     22648, eat_drink      ,    44
vp5/run1_2018-05-22-15-10-41.kinect_color ,       22648,     22693, eat_drink      ,    45
vp5/run1_2018-05-22-15-10-41.kinect_color ,       22693,     22739, eat_drink      ,    46
vp5/run1_2018-05-22-15-10-41.kinect_color ,       22739,     22784, eat_drink      ,    45
vp5/run1_2018-05-22-15-10-41.kinect_color ,       22784,     22829, eat_drink      ,    45
vp5/run1_2018-05-22-15-10-41.kinect_color ,       22829,     22875, eat_drink      ,    46
vp5/run1_2018-05-22-15-10-41.kinect_color ,       22875,     22920, eat_drink      ,    45
vp5/run1_2018-05-22-15-10-41.kinect_color ,       22920,     22934, eat_drink      ,    14
vp5/run1_2018-05-22-15-10-41.kinect_color ,       22934,     22979, reaching_behind,    45
vp5/run1_2018-05-22-15-10-41.kinect_color ,       22979,     22998, reaching_behind,    19
vp5/run1_2018-05-22-15-10-41.kinect_color ,       22998,     23044, eat_drink      ,    46
vp5/run1_2018-05-22-15-10-41.kinect_color ,       23044,     23089, eat_drink      ,    45
vp5/run1_2018-05-22-15-10-41.kinect_color ,       23089,     23135, eat_drink      ,    46
vp5/run1_2018-05-22-15-10-41.kinect_color ,       23135,     23180, eat_drink      ,    45
vp5/run1_2018-05-22-15-10-41.kinect_color ,       23180,     23226, eat_drink      ,    46
vp5/run1_2018-05-22-15-10-41.kinect_color ,       23226,     23271, eat_drink      ,    45
vp5/run1_2018-05-22-15-10-41.kinect_color ,       23271,     23297, eat_drink      ,    26
vp5/run1_2018-05-22-15-10-41.kinect_color ,       23297,     23342, reaching_behind,    45
vp5/run1_2018-05-22-15-10-41.kinect_color ,       23342,     23352, reaching_behind,    10
vp5/run1_2018-05-22-15-10-41.kinect_color ,       23352,     23397, eat_drink      ,    45
vp5/run1_2018-05-22-15-10-41.kinect_color ,       23397,     23443, eat_drink      ,    46
vp5/run1_2018-05-22-15-10-41.kinect_color ,       23443,     23488, eat_drink      ,    45
vp5/run1_2018-05-22-15-10-41.kinect_color ,       23488,     23535, eat_drink      ,    47
vp5/run1_2018-05-22-15-10-41.kinect_color ,       23535,     23581, eat_drink      ,    46
vp5/run1_2018-05-22-15-10-41.kinect_color ,       23581,     23625, eat_drink      ,    44
vp5/run1_2018-05-22-15-10-41.kinect_color ,       23625,     23671, eat_drink      ,    46
vp5/run1_2018-05-22-15-10-41.kinect_color ,       23671,     23716, eat_drink      ,    45
vp5/run1_2018-05-22-15-10-41.kinect_color ,       23716,     23761, eat_drink      ,    45
vp5/run1_2018-05-22-15-10-41.kinect_color ,       23761,     23806, eat_drink      ,    45
vp5/run1_2018-05-22-15-10-41.kinect_color ,       23806,     23851, eat_drink      ,    45
vp5/run1_2018-05-22-15-10-41.kinect_color ,       23851,     23896, eat_drink      ,    45
vp5/run1_2018-05-22-15-10-41.kinect_color ,       23896,     23917, eat_drink      ,    21
vp5/run1_2018-05-22-15-10-41.kinect_color ,       23918,     23963, reaching_behind,    45
vp5/run1_2018-05-22-15-10-41.kinect_color ,       23963,     24009, reaching_behind,    46
vp5/run1_2018-05-22-15-10-41.kinect_color ,       24009,     24054, reaching_behind,    45
vp5/run1_2018-05-22-15-10-41.kinect_color ,       24054,     24099, eat_drink      ,    45
vp5/run1_2018-05-22-15-10-41.kinect_color ,       24099,     24145, eat_drink      ,    46
vp5/run1_2018-05-22-15-10-41.kinect_color ,       24145,     24191, eat_drink      ,    46
vp5/run1_2018-05-22-15-10-41.kinect_color ,       24191,     24236, eat_drink      ,    45
vp5/run1_2018-05-22-15-10-41.kinect_color ,       24236,     24282, eat_drink      ,    46
vp5/run1_2018-05-22-15-10-41.kinect_color ,       24282,     24306, eat_drink      ,    24
vp5/run1_2018-05-22-15-10-41.kinect_color ,       24306,     24335, reaching_behind,    29
vp5/run1_2018-05-22-15-10-41.kinect_color ,       24335,     24381, eat_drink      ,    46
vp5/run1_2018-05-22-15-10-41.kinect_color ,       24381,     24399, reaching_behind,    18
vp5/run1_2018-05-22-15-10-41.kinect_color ,       24404,     24411, electronics    ,     7
vp5/run1_2018-05-22-15-10-41.kinect_color ,       25220,     25243, reaching_behind,    23
vp5/run1_2018-05-22-15-10-41.kinect_color ,       25246,     25253, electronics    ,     7
vp5/run1_2018-05-22-15-10-41.kinect_color ,       25851,     25875, reaching_behind,    24
vp5/run1_2018-05-22-15-10-41.kinect_color ,       25875,     25918, reaching_behind,    43
vp5/run1_2018-05-22-15-10-41.kinect_color ,       25950,     25957, electronics    ,     7
vp5/run1_2018-05-22-15-10-41.kinect_color ,       26498,     26501, electronics    ,     3
vp5/run2b_2018-05-22-15-50-07.kinect_color,         522,       534, electronics    ,    12
vp5/run2b_2018-05-22-15-50-07.kinect_color,        3354,      3368, electronics    ,    14
vp5/run2b_2018-05-22-15-50-07.kinect_color,        3439,      3443, electronics    ,     4
vp5/run2b_2018-05-22-15-50-07.kinect_color,        3704,      3711, electronics    ,     7
vp5/run2b_2018-05-22-15-50-07.kinect_color,        3726,      3771, reaching_behind,    45
vp5/run2b_2018-05-22-15-50-07.kinect_color,        3771,      3805, reaching_behind,    34
vp5/run2b_2018-05-22-15-50-07.kinect_color,        3805,      3851, reaching_behind,    46
vp5/run2b_2018-05-22-15-50-07.kinect_color,        3851,      3896, reaching_behind,    45
vp5/run2b_2018-05-22-15-50-07.kinect_color,        3896,      3921, reaching_behind,    25
vp5/run2b_2018-05-22-15-50-07.kinect_color,        4340,      4385, reaching_behind,    45
vp5/run2b_2018-05-22-15-50-07.kinect_color,        4385,      4396, reaching_behind,    11
vp5/run2b_2018-05-22-15-50-07.kinect_color,        4502,      4536, reaching_behind,    34
vp5/run2b_2018-05-22-15-50-07.kinect_color,        4887,      4922, reaching_behind,    35
vp5/run2b_2018-05-22-15-50-07.kinect_color,        4975,      5015, reaching_behind,    40
vp5/run2b_2018-05-22-15-50-07.kinect_color,        5015,      5060, reaching_behind,    45
vp5/run2b_2018-05-22-15-50-07.kinect_color,        5060,      5105, reaching_behind,    45
vp5/run2b_2018-05-22-15-50-07.kinect_color,        5105,      5150, reaching_behind,    45
vp5/run2b_2018-05-22-15-50-07.kinect_color,        5150,      5191, reaching_behind,    41
vp5/run2b_2018-05-22-15-50-07.kinect_color,        5191,      5236, reaching_behind,    45
vp5/run2b_2018-05-22-15-50-07.kinect_color,        5236,      5281, reaching_behind,    45
vp5/run2b_2018-05-22-15-50-07.kinect_color,        5281,      5294, reaching_behind,    13
vp5/run2b_2018-05-22-15-50-07.kinect_color,        5294,      5333, reaching_behind,    39
vp5/run2b_2018-05-22-15-50-07.kinect_color,        5341,      5349, electronics    ,     8
vp5/run2b_2018-05-22-15-50-07.kinect_color,        5735,      5780, reaching_behind,    45
vp5/run2b_2018-05-22-15-50-07.kinect_color,        5780,      5819, reaching_behind,    39
vp5/run2b_2018-05-22-15-50-07.kinect_color,        5819,      5865, electronics    ,    46
vp5/run2b_2018-05-22-15-50-07.kinect_color,        5865,      5875, electronics    ,    10
vp5/run2b_2018-05-22-15-50-07.kinect_color,        5875,      5920, electronics    ,    45
vp5/run2b_2018-05-22-15-50-07.kinect_color,        5920,      5965, electronics    ,    45
vp5/run2b_2018-05-22-15-50-07.kinect_color,        5965,      6011, electronics    ,    46
vp5/run2b_2018-05-22-15-50-07.kinect_color,        6011,      6056, electronics    ,    45
vp5/run2b_2018-05-22-15-50-07.kinect_color,        6056,      6101, electronics    ,    45
vp5/run2b_2018-05-22-15-50-07.kinect_color,        6101,      6146, electronics    ,    45
vp5/run2b_2018-05-22-15-50-07.kinect_color,        6146,      6191, electronics    ,    45
vp5/run2b_2018-05-22-15-50-07.kinect_color,        6191,      6236, electronics    ,    45
vp5/run2b_2018-05-22-15-50-07.kinect_color,        6236,      6281, electronics    ,    45
vp5/run2b_2018-05-22-15-50-07.kinect_color,        6281,      6327, electronics    ,    46
vp5/run2b_2018-05-22-15-50-07.kinect_color,        6327,      6352, electronics    ,    25
vp5/run2b_2018-05-22-15-50-07.kinect_color,        6352,      6372, electronics    ,    20
vp5/run2b_2018-05-22-15-50-07.kinect_color,        6372,      6408, reaching_behind,    36
vp5/run2b_2018-05-22-15-50-07.kinect_color,        6995,      7012, electronics    ,    17
vp5/run2b_2018-05-22-15-50-07.kinect_color,        8076,      8088, electronics    ,    12
vp5/run2b_2018-05-22-15-50-07.kinect_color,        9799,      9809, electronics    ,    10
vp5/run2b_2018-05-22-15-50-07.kinect_color,       10438,     10468, reaching_behind,    30
vp5/run2b_2018-05-22-15-50-07.kinect_color,       10821,     10825, electronics    ,     4
vp5/run2b_2018-05-22-15-50-07.kinect_color,       11872,     11892, reaching_behind,    20
vp5/run2b_2018-05-22-15-50-07.kinect_color,       11896,     11901, electronics    ,     5
vp5/run2b_2018-05-22-15-50-07.kinect_color,       12663,     12679, reaching_behind,    16
vp5/run2b_2018-05-22-15-50-07.kinect_color,       12679,     12719, reaching_behind,    40
vp5/run2b_2018-05-22-15-50-07.kinect_color,       12775,     12782, electronics    ,     7
vp5/run2b_2018-05-22-15-50-07.kinect_color,       12962,     13006, reaching_behind,    44
vp5/run2b_2018-05-22-15-50-07.kinect_color,       13006,     13052, reaching_behind,    46
vp5/run2b_2018-05-22-15-50-07.kinect_color,       13052,     13076, reaching_behind,    24
vp5/run2b_2018-05-22-15-50-07.kinect_color,       13076,     13122, eat_drink      ,    46
vp5/run2b_2018-05-22-15-50-07.kinect_color,       13122,     13165, eat_drink      ,    43
vp5/run2b_2018-05-22-15-50-07.kinect_color,       13165,     13189, eat_drink      ,    24
vp5/run2b_2018-05-22-15-50-07.kinect_color,       13189,     13227, reaching_behind,    38
vp5/run2b_2018-05-22-15-50-07.kinect_color,       13227,     13272, reaching_behind,    45
vp5/run2b_2018-05-22-15-50-07.kinect_color,       13272,     13281, reaching_behind,     9
vp5/run2b_2018-05-22-15-50-07.kinect_color,       13281,     13326, eat_drink      ,    45
vp5/run2b_2018-05-22-15-50-07.kinect_color,       13326,     13371, eat_drink      ,    45
vp5/run2b_2018-05-22-15-50-07.kinect_color,       13371,     13417, eat_drink      ,    46
vp5/run2b_2018-05-22-15-50-07.kinect_color,       13417,     13463, eat_drink      ,    46
vp5/run2b_2018-05-22-15-50-07.kinect_color,       13463,     13508, eat_drink      ,    45
vp5/run2b_2018-05-22-15-50-07.kinect_color,       13508,     13553, eat_drink      ,    45
vp5/run2b_2018-05-22-15-50-07.kinect_color,       13553,     13598, eat_drink      ,    45
vp5/run2b_2018-05-22-15-50-07.kinect_color,       13598,     13643, eat_drink      ,    45
vp5/run2b_2018-05-22-15-50-07.kinect_color,       13643,     13688, eat_drink      ,    45
vp5/run2b_2018-05-22-15-50-07.kinect_color,       13688,     13705, eat_drink      ,    17
vp5/run2b_2018-05-22-15-50-07.kinect_color,       13713,     13753, eat_drink      ,    40
vp5/run2b_2018-05-22-15-50-07.kinect_color,       13799,     13845, eat_drink      ,    46
vp5/run2b_2018-05-22-15-50-07.kinect_color,       13845,     13869, eat_drink      ,    24
vp5/run2b_2018-05-22-15-50-07.kinect_color,       13869,     13904, eat_drink      ,    35
vp5/run2b_2018-05-22-15-50-07.kinect_color,       13904,     13939, reaching_behind,    35
vp5/run2b_2018-05-22-15-50-07.kinect_color,       13939,     13974, reaching_behind,    35
vp5/run2b_2018-05-22-15-50-07.kinect_color,       13974,     14019, eat_drink      ,    45
vp5/run2b_2018-05-22-15-50-07.kinect_color,       14019,     14064, eat_drink      ,    45
vp5/run2b_2018-05-22-15-50-07.kinect_color,       14064,     14110, eat_drink      ,    46
vp5/run2b_2018-05-22-15-50-07.kinect_color,       14110,     14156, eat_drink      ,    46
vp5/run2b_2018-05-22-15-50-07.kinect_color,       14156,     14201, eat_drink      ,    45
vp5/run2b_2018-05-22-15-50-07.kinect_color,       14201,     14247, eat_drink      ,    46
vp5/run2b_2018-05-22-15-50-07.kinect_color,       14247,     14293, eat_drink      ,    46
vp5/run2b_2018-05-22-15-50-07.kinect_color,       14293,     14338, eat_drink      ,    45
vp5/run2b_2018-05-22-15-50-07.kinect_color,       14338,     14383, eat_drink      ,    45
vp5/run2b_2018-05-22-15-50-07.kinect_color,       14383,     14428, eat_drink      ,    45
vp5/run2b_2018-05-22-15-50-07.kinect_color,       14428,     14474, eat_drink      ,    46
vp5/run2b_2018-05-22-15-50-07.kinect_color,       14474,     14485, eat_drink      ,    11
vp5/run2b_2018-05-22-15-50-07.kinect_color,       14485,     14519, reaching_behind,    34
vp5/run2b_2018-05-22-15-50-07.kinect_color,       14557,     14601, eat_drink      ,    44
vp5/run2b_2018-05-22-15-50-07.kinect_color,       14630,     14676, eat_drink      ,    46
vp5/run2b_2018-05-22-15-50-07.kinect_color,       14676,     14702, eat_drink      ,    26
vp5/run2b_2018-05-22-15-50-07.kinect_color,       14702,     14736, eat_drink      ,    34
vp5/run2b_2018-05-22-15-50-07.kinect_color,       14736,     14770, reaching_behind,    34
vp5/run2b_2018-05-22-15-50-07.kinect_color,       15134,     15145, electronics    ,    11
vp5/run2b_2018-05-22-15-50-07.kinect_color,       15456,     15502, reaching_behind,    46
vp5/run2b_2018-05-22-15-50-07.kinect_color,       15502,     15510, reaching_behind,     8
vp5/run2b_2018-05-22-15-50-07.kinect_color,       15974,     16019, reaching_behind,    45
vp5/run2b_2018-05-22-15-50-07.kinect_color,       16019,     16032, reaching_behind,    13
vp5/run2b_2018-05-22-15-50-07.kinect_color,       16078,     16123, reaching_behind,    45
vp5/run2b_2018-05-22-15-50-07.kinect_color,       16123,     16158, reaching_behind,    35
vp5/run2b_2018-05-22-15-50-07.kinect_color,       16158,     16204, reaching_behind,    46
vp5/run2b_2018-05-22-15-50-07.kinect_color,       16204,     16246, reaching_behind,    42
vp5/run2b_2018-05-22-15-50-07.kinect_color,       16251,     16258, electronics    ,     7
vp5/run2b_2018-05-22-15-50-07.kinect_color,       17059,     17078, reaching_behind,    19
vp5/run2b_2018-05-22-15-50-07.kinect_color,       17078,     17108, reaching_behind,    30
vp5/run2b_2018-05-22-15-50-07.kinect_color,       17135,     17146, electronics    ,    11
vp5/run2b_2018-05-22-15-50-07.kinect_color,       17371,     17416, reaching_behind,    45
vp5/run2b_2018-05-22-15-50-07.kinect_color,       17416,     17462, reaching_behind,    46
vp5/run2b_2018-05-22-15-50-07.kinect_color,       17462,     17508, reaching_behind,    46
vp5/run2b_2018-05-22-15-50-07.kinect_color,       17508,     17553, reaching_behind,    45
vp5/run2b_2018-05-22-15-50-07.kinect_color,       17553,     17598, reaching_behind,    45
vp5/run2b_2018-05-22-15-50-07.kinect_color,       17598,     17634, reaching_behind,    36
vp5/run2b_2018-05-22-15-50-07.kinect_color,       17755,     17801, reaching_behind,    46
vp5/run2b_2018-05-22-15-50-07.kinect_color,       17801,     17846, reaching_behind,    45
vp5/run2b_2018-05-22-15-50-07.kinect_color,       17846,     17885, reaching_behind,    39
vp5/run2b_2018-05-22-15-50-07.kinect_color,       17885,     17930, electronics    ,    45
vp5/run2b_2018-05-22-15-50-07.kinect_color,       17930,     17953, electronics    ,    23
vp5/run2b_2018-05-22-15-50-07.kinect_color,       17953,     17998, electronics    ,    45
vp5/run2b_2018-05-22-15-50-07.kinect_color,       17998,     18042, electronics    ,    44
vp5/run2b_2018-05-22-15-50-07.kinect_color,       18042,     18088, electronics    ,    46
vp5/run2b_2018-05-22-15-50-07.kinect_color,       18088,     18134, electronics    ,    46
vp5/run2b_2018-05-22-15-50-07.kinect_color,       18134,     18178, electronics    ,    44
vp5/run2b_2018-05-22-15-50-07.kinect_color,       18178,     18224, electronics    ,    46
vp5/run2b_2018-05-22-15-50-07.kinect_color,       18224,     18254, electronics    ,    30
vp5/run2b_2018-05-22-15-50-07.kinect_color,       18254,     18299, reaching_behind,    45
vp5/run2b_2018-05-22-15-50-07.kinect_color,       18299,     18309, reaching_behind,    10
vp5/run2b_2018-05-22-15-50-07.kinect_color,       18310,     18356, electronics    ,    46
vp5/run2b_2018-05-22-15-50-07.kinect_color,       18356,     18403, electronics    ,    47
vp5/run2b_2018-05-22-15-50-07.kinect_color,       18403,     18448, electronics    ,    45
vp5/run2b_2018-05-22-15-50-07.kinect_color,       18448,     18493, electronics    ,    45
vp5/run2b_2018-05-22-15-50-07.kinect_color,       18493,     18539, electronics    ,    46
vp5/run2b_2018-05-22-15-50-07.kinect_color,       18539,     18584, electronics    ,    45
vp5/run2b_2018-05-22-15-50-07.kinect_color,       18584,     18614, reaching_behind,    30
vp5/run2b_2018-05-22-15-50-07.kinect_color,       18614,     18635, electronics    ,    21
vp5/run2b_2018-05-22-15-50-07.kinect_color,       18635,     18681, reaching_behind,    46
vp5/run2b_2018-05-22-15-50-07.kinect_color,       18681,     18725, reaching_behind,    44
vp5/run2b_2018-05-22-15-50-07.kinect_color,       18725,     18770, reaching_behind,    45
vp5/run2b_2018-05-22-15-50-07.kinect_color,       18770,     18814, reaching_behind,    44
vp5/run2b_2018-05-22-15-50-07.kinect_color,       18814,     18860, reaching_behind,    46
vp5/run2b_2018-05-22-15-50-07.kinect_color,       18860,     18874, reaching_behind,    14
vp5/run2b_2018-05-22-15-50-07.kinect_color,       18874,     18881, electronics    ,     7
vp6/run1_2018-05-23-10-21-45.kinect_color ,        1550,      1557, electronics    ,     7
vp6/run1_2018-05-23-10-21-45.kinect_color ,        4408,      4437, electronics    ,    29
vp6/run1_2018-05-23-10-21-45.kinect_color ,        4740,      4772, reaching_behind,    32
vp6/run1_2018-05-23-10-21-45.kinect_color ,        5261,      5270, electronics    ,     9
vp6/run1_2018-05-23-10-21-45.kinect_color ,        5434,      5440, electronics    ,     6
vp6/run1_2018-05-23-10-21-45.kinect_color ,        6417,      6450, reaching_behind,    33
vp6/run1_2018-05-23-10-21-45.kinect_color ,        6450,      6495, reaching_behind,    45
vp6/run1_2018-05-23-10-21-45.kinect_color ,        6495,      6536, reaching_behind,    41
vp6/run1_2018-05-23-10-21-45.kinect_color ,        6536,      6582, reaching_behind,    46
vp6/run1_2018-05-23-10-21-45.kinect_color ,        6582,      6594, reaching_behind,    12
vp6/run1_2018-05-23-10-21-45.kinect_color ,        6881,      6910, reaching_behind,    29
vp6/run1_2018-05-23-10-21-45.kinect_color ,        7139,      7184, reaching_behind,    45
vp6/run1_2018-05-23-10-21-45.kinect_color ,        7897,      7942, reaching_behind,    45
vp6/run1_2018-05-23-10-21-45.kinect_color ,        7942,      7974, reaching_behind,    32
vp6/run1_2018-05-23-10-21-45.kinect_color ,        8165,      8212, reaching_behind,    47
vp6/run1_2018-05-23-10-21-45.kinect_color ,        8212,      8238, reaching_behind,    26
vp6/run1_2018-05-23-10-21-45.kinect_color ,        8238,      8278, reaching_behind,    40
vp6/run1_2018-05-23-10-21-45.kinect_color ,        8414,      8440, reaching_behind,    26
vp6/run1_2018-05-23-10-21-45.kinect_color ,        8440,      8474, reaching_behind,    34
vp6/run1_2018-05-23-10-21-45.kinect_color ,        8474,      8495, reaching_behind,    21
vp6/run1_2018-05-23-10-21-45.kinect_color ,        8537,      8546, reaching_behind,     9
vp6/run1_2018-05-23-10-21-45.kinect_color ,        8546,      8587, reaching_behind,    41
vp6/run1_2018-05-23-10-21-45.kinect_color ,        8592,      8622, electronics    ,    30
vp6/run1_2018-05-23-10-21-45.kinect_color ,       10809,     10855, reaching_behind,    46
vp6/run1_2018-05-23-10-21-45.kinect_color ,       10855,     10886, reaching_behind,    31
vp6/run1_2018-05-23-10-21-45.kinect_color ,       11214,     11252, reaching_behind,    38
vp6/run1_2018-05-23-10-21-45.kinect_color ,       11252,     11282, electronics    ,    30
vp6/run1_2018-05-23-10-21-45.kinect_color ,       11282,     11324, reaching_behind,    42
vp6/run1_2018-05-23-10-21-45.kinect_color ,       11378,     11419, reaching_behind,    41
vp6/run1_2018-05-23-10-21-45.kinect_color ,       11611,     11638, reaching_behind,    27
vp6/run1_2018-05-23-10-21-45.kinect_color ,       11638,     11683, electronics    ,    45
vp6/run1_2018-05-23-10-21-45.kinect_color ,       11683,     11714, electronics    ,    31
vp6/run1_2018-05-23-10-21-45.kinect_color ,       11714,     11760, electronics    ,    46
vp6/run1_2018-05-23-10-21-45.kinect_color ,       11760,     11805, electronics    ,    45
vp6/run1_2018-05-23-10-21-45.kinect_color ,       11805,     11851, electronics    ,    46
vp6/run1_2018-05-23-10-21-45.kinect_color ,       11851,     11896, electronics    ,    45
vp6/run1_2018-05-23-10-21-45.kinect_color ,       11896,     11942, electronics    ,    46
vp6/run1_2018-05-23-10-21-45.kinect_color ,       11942,     11987, electronics    ,    45
vp6/run1_2018-05-23-10-21-45.kinect_color ,       11987,     12033, electronics    ,    46
vp6/run1_2018-05-23-10-21-45.kinect_color ,       12033,     12079, electronics    ,    46
vp6/run1_2018-05-23-10-21-45.kinect_color ,       12079,     12125, electronics    ,    46
vp6/run1_2018-05-23-10-21-45.kinect_color ,       12125,     12170, electronics    ,    45
vp6/run1_2018-05-23-10-21-45.kinect_color ,       12170,     12216, electronics    ,    46
vp6/run1_2018-05-23-10-21-45.kinect_color ,       12216,     12261, electronics    ,    45
vp6/run1_2018-05-23-10-21-45.kinect_color ,       12261,     12307, electronics    ,    46
vp6/run1_2018-05-23-10-21-45.kinect_color ,       12307,     12351, electronics    ,    44
vp6/run1_2018-05-23-10-21-45.kinect_color ,       12351,     12383, electronics    ,    32
vp6/run1_2018-05-23-10-21-45.kinect_color ,       12411,     12449, reaching_behind,    38
vp6/run1_2018-05-23-10-21-45.kinect_color ,       12449,     12494, electronics    ,    45
vp6/run1_2018-05-23-10-21-45.kinect_color ,       12494,     12539, electronics    ,    45
vp6/run1_2018-05-23-10-21-45.kinect_color ,       12539,     12584, electronics    ,    45
vp6/run1_2018-05-23-10-21-45.kinect_color ,       12584,     12629, electronics    ,    45
vp6/run1_2018-05-23-10-21-45.kinect_color ,       12629,     12674, electronics    ,    45
vp6/run1_2018-05-23-10-21-45.kinect_color ,       12674,     12719, electronics    ,    45
vp6/run1_2018-05-23-10-21-45.kinect_color ,       12719,     12766, electronics    ,    47
vp6/run1_2018-05-23-10-21-45.kinect_color ,       12766,     12810, electronics    ,    44
vp6/run1_2018-05-23-10-21-45.kinect_color ,       12810,     12856, electronics    ,    46
vp6/run1_2018-05-23-10-21-45.kinect_color ,       12856,     12901, electronics    ,    45
vp6/run1_2018-05-23-10-21-45.kinect_color ,       12901,     12947, electronics    ,    46
vp6/run1_2018-05-23-10-21-45.kinect_color ,       12947,     12992, electronics    ,    45
vp6/run1_2018-05-23-10-21-45.kinect_color ,       12992,     13038, electronics    ,    46
vp6/run1_2018-05-23-10-21-45.kinect_color ,       13038,     13067, electronics    ,    29
vp6/run1_2018-05-23-10-21-45.kinect_color ,       13067,     13097, reaching_behind,    30
vp6/run1_2018-05-23-10-21-45.kinect_color ,       13112,     13158, electronics    ,    46
vp6/run1_2018-05-23-10-21-45.kinect_color ,       13158,     13203, electronics    ,    45
vp6/run1_2018-05-23-10-21-45.kinect_color ,       13203,     13249, electronics    ,    46
vp6/run1_2018-05-23-10-21-45.kinect_color ,       13249,     13288, electronics    ,    39
vp6/run1_2018-05-23-10-21-45.kinect_color ,       13288,     13334, electronics    ,    46
vp6/run1_2018-05-23-10-21-45.kinect_color ,       13334,     13346, electronics    ,    12
vp6/run1_2018-05-23-10-21-45.kinect_color ,       13490,     13522, electronics    ,    32
vp6/run1_2018-05-23-10-21-45.kinect_color ,       13828,     13873, reaching_behind,    45
vp6/run1_2018-05-23-10-21-45.kinect_color ,       13873,     13919, reaching_behind,    46
vp6/run1_2018-05-23-10-21-45.kinect_color ,       13919,     13963, reaching_behind,    44
vp6/run1_2018-05-23-10-21-45.kinect_color ,       13963,     13990, reaching_behind,    27
vp6/run1_2018-05-23-10-21-45.kinect_color ,       13990,     14023, reaching_behind,    33
vp6/run1_2018-05-23-10-21-45.kinect_color ,       15101,     15138, reaching_behind,    37
vp6/run1_2018-05-23-10-21-45.kinect_color ,       15311,     15342, reaching_behind,    31
vp6/run1_2018-05-23-10-21-45.kinect_color ,       15385,     15418, reaching_behind,    33
vp6/run1_2018-05-23-10-21-45.kinect_color ,       15418,     15462, reaching_behind,    44
vp6/run1_2018-05-23-10-21-45.kinect_color ,       15462,     15475, reaching_behind,    13
vp6/run1_2018-05-23-10-21-45.kinect_color ,       15479,     15491, electronics    ,    12
vp6/run1_2018-05-23-10-21-45.kinect_color ,       16143,     16190, reaching_behind,    47
vp6/run1_2018-05-23-10-21-45.kinect_color ,       16190,     16219, reaching_behind,    29
vp6/run1_2018-05-23-10-21-45.kinect_color ,       16330,     16337, electronics    ,     7
vp6/run1_2018-05-23-10-21-45.kinect_color ,       17109,     17125, electronics    ,    16
vp6/run1_2018-05-23-10-21-45.kinect_color ,       19078,     19123, reaching_behind,    45
vp6/run1_2018-05-23-10-21-45.kinect_color ,       19123,     19164, reaching_behind,    41
vp6/run1_2018-05-23-10-21-45.kinect_color ,       19779,     19825, reaching_behind,    46
vp6/run1_2018-05-23-10-21-45.kinect_color ,       19825,     19831, reaching_behind,     6
vp6/run1_2018-05-23-10-21-45.kinect_color ,       19831,     19877, eat_drink      ,    46
vp6/run1_2018-05-23-10-21-45.kinect_color ,       19877,     19923, eat_drink      ,    46
vp6/run1_2018-05-23-10-21-45.kinect_color ,       19923,     19965, eat_drink      ,    42
vp6/run1_2018-05-23-10-21-45.kinect_color ,       19965,     20011, reaching_behind,    46
vp6/run1_2018-05-23-10-21-45.kinect_color ,       20011,     20038, reaching_behind,    27
vp6/run1_2018-05-23-10-21-45.kinect_color ,       20038,     20083, eat_drink      ,    45
vp6/run1_2018-05-23-10-21-45.kinect_color ,       20083,     20129, eat_drink      ,    46
vp6/run1_2018-05-23-10-21-45.kinect_color ,       20129,     20174, eat_drink      ,    45
vp6/run1_2018-05-23-10-21-45.kinect_color ,       20174,     20219, eat_drink      ,    45
vp6/run1_2018-05-23-10-21-45.kinect_color ,       20219,     20265, eat_drink      ,    46
vp6/run1_2018-05-23-10-21-45.kinect_color ,       20265,     20309, eat_drink      ,    44
vp6/run1_2018-05-23-10-21-45.kinect_color ,       20309,     20355, eat_drink      ,    46
vp6/run1_2018-05-23-10-21-45.kinect_color ,       20355,     20400, eat_drink      ,    45
vp6/run1_2018-05-23-10-21-45.kinect_color ,       20400,     20445, eat_drink      ,    45
vp6/run1_2018-05-23-10-21-45.kinect_color ,       20445,     20490, eat_drink      ,    45
vp6/run1_2018-05-23-10-21-45.kinect_color ,       20490,     20515, eat_drink      ,    25
vp6/run1_2018-05-23-10-21-45.kinect_color ,       20515,     20559, reaching_behind,    44
vp6/run1_2018-05-23-10-21-45.kinect_color ,       20559,     20605, eat_drink      ,    46
vp6/run1_2018-05-23-10-21-45.kinect_color ,       20605,     20650, eat_drink      ,    45
vp6/run1_2018-05-23-10-21-45.kinect_color ,       20650,     20695, eat_drink      ,    45
vp6/run1_2018-05-23-10-21-45.kinect_color ,       20695,     20742, eat_drink      ,    47
vp6/run1_2018-05-23-10-21-45.kinect_color ,       20742,     20787, eat_drink      ,    45
vp6/run1_2018-05-23-10-21-45.kinect_color ,       20787,     20833, eat_drink      ,    46
vp6/run1_2018-05-23-10-21-45.kinect_color ,       20833,     20836, eat_drink      ,     3
vp6/run1_2018-05-23-10-21-45.kinect_color ,       20849,     20858, electronics    ,     9
vp6/run1_2018-05-23-10-21-45.kinect_color ,       21121,     21167, reaching_behind,    46
vp6/run1_2018-05-23-10-21-45.kinect_color ,       21167,     21176, reaching_behind,     9
vp6/run1_2018-05-23-10-21-45.kinect_color ,       21176,     21221, eat_drink      ,    45
vp6/run1_2018-05-23-10-21-45.kinect_color ,       21221,     21244, eat_drink      ,    23
vp6/run1_2018-05-23-10-21-45.kinect_color ,       21244,     21289, eat_drink      ,    45
vp6/run1_2018-05-23-10-21-45.kinect_color ,       21289,     21335, eat_drink      ,    46
vp6/run1_2018-05-23-10-21-45.kinect_color ,       21335,     21345, eat_drink      ,    10
vp6/run1_2018-05-23-10-21-45.kinect_color ,       21386,     21419, reaching_behind,    33
vp6/run1_2018-05-23-10-21-45.kinect_color ,       23159,     23204, reaching_behind,    45
vp6/run1_2018-05-23-10-21-45.kinect_color ,       23204,     23249, reaching_behind,    45
vp6/run1_2018-05-23-10-21-45.kinect_color ,       23249,     23294, reaching_behind,    45
vp6/run1_2018-05-23-10-21-45.kinect_color ,       23294,     23303, reaching_behind,     9
vp6/run1_2018-05-23-10-21-45.kinect_color ,       23303,     23348, eat_drink      ,    45
vp6/run1_2018-05-23-10-21-45.kinect_color ,       23348,     23376, eat_drink      ,    28
vp6/run1_2018-05-23-10-21-45.kinect_color ,       23376,     23422, eat_drink      ,    46
vp6/run1_2018-05-23-10-21-45.kinect_color ,       23422,     23456, eat_drink      ,    34
vp6/run1_2018-05-23-10-21-45.kinect_color ,       23456,     23502, eat_drink      ,    46
vp6/run1_2018-05-23-10-21-45.kinect_color ,       23502,     23507, eat_drink      ,     5
vp6/run1_2018-05-23-10-21-45.kinect_color ,       23507,     23549, reaching_behind,    42
vp6/run1_2018-05-23-10-21-45.kinect_color ,       23549,     23583, electronics    ,    34
vp6/run1_2018-05-23-10-21-45.kinect_color ,       23852,     23898, reaching_behind,    46
vp6/run1_2018-05-23-10-21-45.kinect_color ,       23898,     23902, reaching_behind,     4
vp6/run1_2018-05-23-10-21-45.kinect_color ,       23902,     23948, electronics    ,    46
vp6/run1_2018-05-23-10-21-45.kinect_color ,       23948,     23993, electronics    ,    45
vp6/run1_2018-05-23-10-21-45.kinect_color ,       23993,     24038, electronics    ,    45
vp6/run1_2018-05-23-10-21-45.kinect_color ,       24038,     24085, electronics    ,    47
vp6/run1_2018-05-23-10-21-45.kinect_color ,       24085,     24103, electronics    ,    18
vp6/run1_2018-05-23-10-21-45.kinect_color ,       24103,     24140, reaching_behind,    37
vp6/run1_2018-05-23-10-21-45.kinect_color ,       24220,     24265, reaching_behind,    45
vp6/run1_2018-05-23-10-21-45.kinect_color ,       24265,     24311, reaching_behind,    46
vp6/run1_2018-05-23-10-21-45.kinect_color ,       24311,     24313, reaching_behind,     2
vp6/run1_2018-05-23-10-21-45.kinect_color ,       24552,     24582, reaching_behind,    30
vp6/run1_2018-05-23-10-21-45.kinect_color ,       24582,     24627, electronics    ,    45
vp6/run1_2018-05-23-10-21-45.kinect_color ,       24627,     24652, electronics    ,    25
vp6/run1_2018-05-23-10-21-45.kinect_color ,       25603,     25648, reaching_behind,    45
vp6/run1_2018-05-23-10-21-45.kinect_color ,       25648,     25658, reaching_behind,    10
vp6/run1_2018-05-23-10-21-45.kinect_color ,       25670,     25680, electronics    ,    10
vp6/run1_2018-05-23-10-21-45.kinect_color ,       25726,     25736, electronics    ,    10
vp6/run1_2018-05-23-10-21-45.kinect_color ,       26679,     26724, reaching_behind,    45
vp6/run1_2018-05-23-10-21-45.kinect_color ,       26724,     26769, reaching_behind,    45
vp6/run1_2018-05-23-10-21-45.kinect_color ,       26769,     26787, reaching_behind,    18
vp6/run1_2018-05-23-10-21-45.kinect_color ,       26857,     26864, electronics    ,     7
vp6/run2_2018-05-23-11-05-00.kinect_color ,         628,       635, electronics    ,     7
vp6/run2_2018-05-23-11-05-00.kinect_color ,        3486,      3493, electronics    ,     7
vp6/run2_2018-05-23-11-05-00.kinect_color ,        4365,      4411, reaching_behind,    46
vp6/run2_2018-05-23-11-05-00.kinect_color ,        4411,      4421, reaching_behind,    10
vp6/run2_2018-05-23-11-05-00.kinect_color ,        4421,      4466, reaching_behind,    45
vp6/run2_2018-05-23-11-05-00.kinect_color ,        4466,      4488, reaching_behind,    22
vp6/run2_2018-05-23-11-05-00.kinect_color ,        4510,      4528, reaching_behind,    18
vp6/run2_2018-05-23-11-05-00.kinect_color ,        4857,      4885, reaching_behind,    28
vp6/run2_2018-05-23-11-05-00.kinect_color ,        5134,      5147, reaching_behind,    13
vp6/run2_2018-05-23-11-05-00.kinect_color ,        5214,      5258, reaching_behind,    44
vp6/run2_2018-05-23-11-05-00.kinect_color ,        5265,      5275, electronics    ,    10
vp6/run2_2018-05-23-11-05-00.kinect_color ,        5520,      5563, reaching_behind,    43
vp6/run2_2018-05-23-11-05-00.kinect_color ,        6176,      6185, electronics    ,     9
vp6/run2_2018-05-23-11-05-00.kinect_color ,        6595,      6640, reaching_behind,    45
vp6/run2_2018-05-23-11-05-00.kinect_color ,        6640,      6647, reaching_behind,     7
vp6/run2_2018-05-23-11-05-00.kinect_color ,        6846,      6853, electronics    ,     7
vp6/run2_2018-05-23-11-05-00.kinect_color ,        6868,      6905, reaching_behind,    37
vp6/run2_2018-05-23-11-05-00.kinect_color ,        7321,      7367, reaching_behind,    46
vp6/run2_2018-05-23-11-05-00.kinect_color ,        7367,      7380, reaching_behind,    13
vp6/run2_2018-05-23-11-05-00.kinect_color ,        7380,      7426, reaching_behind,    46
vp6/run2_2018-05-23-11-05-00.kinect_color ,        7426,      7458, reaching_behind,    32
vp6/run2_2018-05-23-11-05-00.kinect_color ,        7458,      7504, eat_drink      ,    46
vp6/run2_2018-05-23-11-05-00.kinect_color ,        7504,      7549, eat_drink      ,    45
vp6/run2_2018-05-23-11-05-00.kinect_color ,        7549,      7595, eat_drink      ,    46
vp6/run2_2018-05-23-11-05-00.kinect_color ,        7595,      7640, eat_drink      ,    45
vp6/run2_2018-05-23-11-05-00.kinect_color ,        7640,      7685, eat_drink      ,    45
vp6/run2_2018-05-23-11-05-00.kinect_color ,        7685,      7730, eat_drink      ,    45
vp6/run2_2018-05-23-11-05-00.kinect_color ,        7730,      7775, eat_drink      ,    45
vp6/run2_2018-05-23-11-05-00.kinect_color ,        7775,      7822, eat_drink      ,    47
vp6/run2_2018-05-23-11-05-00.kinect_color ,        7822,      7867, eat_drink      ,    45
vp6/run2_2018-05-23-11-05-00.kinect_color ,        7867,      7912, eat_drink      ,    45
vp6/run2_2018-05-23-11-05-00.kinect_color ,        7912,      7957, eat_drink      ,    45
vp6/run2_2018-05-23-11-05-00.kinect_color ,        7957,      7986, eat_drink      ,    29
vp6/run2_2018-05-23-11-05-00.kinect_color ,        7986,      8022, reaching_behind,    36
vp6/run2_2018-05-23-11-05-00.kinect_color ,        8736,      8782, eat_drink      ,    46
vp6/run2_2018-05-23-11-05-00.kinect_color ,        8782,      8799, eat_drink      ,    17
vp6/run2_2018-05-23-11-05-00.kinect_color ,        8799,      8844, eat_drink      ,    45
vp6/run2_2018-05-23-11-05-00.kinect_color ,        8844,      8890, eat_drink      ,    46
vp6/run2_2018-05-23-11-05-00.kinect_color ,        8890,      8911, eat_drink      ,    21
vp6/run2_2018-05-23-11-05-00.kinect_color ,        8911,      8957, eat_drink      ,    46
vp6/run2_2018-05-23-11-05-00.kinect_color ,        8957,      8965, eat_drink      ,     8
vp6/run2_2018-05-23-11-05-00.kinect_color ,        8965,      9011, reaching_behind,    46
vp6/run2_2018-05-23-11-05-00.kinect_color ,        9011,      9033, reaching_behind,    22
vp6/run2_2018-05-23-11-05-00.kinect_color ,        9041,      9049, electronics    ,     8
vp6/run2_2018-05-23-11-05-00.kinect_color ,        9370,      9383, electronics    ,    13
vp6/run2_2018-05-23-11-05-00.kinect_color ,       10613,     10624, electronics    ,    11
vp6/run2_2018-05-23-11-05-00.kinect_color ,       13106,     13119, electronics    ,    13
vp6/run2_2018-05-23-11-05-00.kinect_color ,       13125,     13170, reaching_behind,    45
vp6/run2_2018-05-23-11-05-00.kinect_color ,       13170,     13207, reaching_behind,    37
vp6/run2_2018-05-23-11-05-00.kinect_color ,       13207,     13243, eat_drink      ,    36
vp6/run2_2018-05-23-11-05-00.kinect_color ,       13243,     13289, eat_drink      ,    46
vp6/run2_2018-05-23-11-05-00.kinect_color ,       13289,     13301, eat_drink      ,    12
vp6/run2_2018-05-23-11-05-00.kinect_color ,       13301,     13345, eat_drink      ,    44
vp6/run2_2018-05-23-11-05-00.kinect_color ,       13345,     13373, reaching_behind,    28
vp6/run2_2018-05-23-11-05-00.kinect_color ,       13373,     13419, reaching_behind,    46
vp6/run2_2018-05-23-11-05-00.kinect_color ,       13419,     13425, reaching_behind,     6
vp6/run2_2018-05-23-11-05-00.kinect_color ,       13425,     13470, eat_drink      ,    45
vp6/run2_2018-05-23-11-05-00.kinect_color ,       13470,     13503, eat_drink      ,    33
vp6/run2_2018-05-23-11-05-00.kinect_color ,       13503,     13542, reaching_behind,    39
vp6/run2_2018-05-23-11-05-00.kinect_color ,       13557,     13565, electronics    ,     8
vp6/run2_2018-05-23-11-05-00.kinect_color ,       13843,     13888, reaching_behind,    45
vp6/run2_2018-05-23-11-05-00.kinect_color ,       13888,     13934, electronics    ,    46
vp6/run2_2018-05-23-11-05-00.kinect_color ,       13934,     13955, electronics    ,    21
vp6/run2_2018-05-23-11-05-00.kinect_color ,       13955,     13998, reaching_behind,    43
vp6/run2_2018-05-23-11-05-00.kinect_color ,       14497,     14543, electronics    ,    46
vp6/run2_2018-05-23-11-05-00.kinect_color ,       14543,     14588, reaching_behind,    45
vp6/run2_2018-05-23-11-05-00.kinect_color ,       14588,     14622, reaching_behind,    34
vp6/run2_2018-05-23-11-05-00.kinect_color ,       14868,     14913, reaching_behind,    45
vp6/run2_2018-05-23-11-05-00.kinect_color ,       14913,     14918, reaching_behind,     5
vp6/run2_2018-05-23-11-05-00.kinect_color ,       14918,     14963, eat_drink      ,    45
vp6/run2_2018-05-23-11-05-00.kinect_color ,       14963,     15009, eat_drink      ,    46
vp6/run2_2018-05-23-11-05-00.kinect_color ,       15009,     15054, eat_drink      ,    45
vp6/run2_2018-05-23-11-05-00.kinect_color ,       15054,     15099, eat_drink      ,    45
vp6/run2_2018-05-23-11-05-00.kinect_color ,       15099,     15144, eat_drink      ,    45
vp6/run2_2018-05-23-11-05-00.kinect_color ,       15144,     15167, eat_drink      ,    23
vp6/run2_2018-05-23-11-05-00.kinect_color ,       15231,     15276, reaching_behind,    45
vp6/run2_2018-05-23-11-05-00.kinect_color ,       15276,     15315, reaching_behind,    39
vp6/run2_2018-05-23-11-05-00.kinect_color ,       15315,     15361, reaching_behind,    46
vp6/run2_2018-05-23-11-05-00.kinect_color ,       15361,     15372, reaching_behind,    11
vp6/run2_2018-05-23-11-05-00.kinect_color ,       15692,     15739, reaching_behind,    47
vp6/run2_2018-05-23-11-05-00.kinect_color ,       15739,     15784, reaching_behind,    45
vp6/run2_2018-05-23-11-05-00.kinect_color ,       15784,     15787, reaching_behind,     3
vp6/run2_2018-05-23-11-05-00.kinect_color ,       15787,     15833, electronics    ,    46
vp6/run2_2018-05-23-11-05-00.kinect_color ,       15833,     15876, electronics    ,    43
vp6/run2_2018-05-23-11-05-00.kinect_color ,       15876,     15921, electronics    ,    45
vp6/run2_2018-05-23-11-05-00.kinect_color ,       15921,     15967, electronics    ,    46
vp6/run2_2018-05-23-11-05-00.kinect_color ,       15967,     16012, electronics    ,    45
vp6/run2_2018-05-23-11-05-00.kinect_color ,       16012,     16056, electronics    ,    44
vp6/run2_2018-05-23-11-05-00.kinect_color ,       16056,     16102, electronics    ,    46
vp6/run2_2018-05-23-11-05-00.kinect_color ,       16102,     16147, electronics    ,    45
vp6/run2_2018-05-23-11-05-00.kinect_color ,       16147,     16193, electronics    ,    46
vp6/run2_2018-05-23-11-05-00.kinect_color ,       16193,     16195, electronics    ,     2
vp6/run2_2018-05-23-11-05-00.kinect_color ,       16237,     16283, reaching_behind,    46
vp6/run2_2018-05-23-11-05-00.kinect_color ,       16283,     16294, reaching_behind,    11
vp6/run2_2018-05-23-11-05-00.kinect_color ,       16294,     16339, electronics    ,    45
vp6/run2_2018-05-23-11-05-00.kinect_color ,       16339,     16384, electronics    ,    45
vp6/run2_2018-05-23-11-05-00.kinect_color ,       16384,     16431, electronics    ,    47
vp6/run2_2018-05-23-11-05-00.kinect_color ,       16431,     16476, electronics    ,    45
vp6/run2_2018-05-23-11-05-00.kinect_color ,       16476,     16521, electronics    ,    45
vp6/run2_2018-05-23-11-05-00.kinect_color ,       16521,     16567, electronics    ,    46
vp6/run2_2018-05-23-11-05-00.kinect_color ,       16567,     16612, electronics    ,    45
vp6/run2_2018-05-23-11-05-00.kinect_color ,       16612,     16657, electronics    ,    45
vp6/run2_2018-05-23-11-05-00.kinect_color ,       16657,     16702, electronics    ,    45
vp6/run2_2018-05-23-11-05-00.kinect_color ,       16702,     16737, electronics    ,    35
vp6/run2_2018-05-23-11-05-00.kinect_color ,       16737,     16782, reaching_behind,    45
vp6/run2_2018-05-23-11-05-00.kinect_color ,       16782,     16788, reaching_behind,     6
vp6/run2_2018-05-23-11-05-00.kinect_color ,       16807,     16852, electronics    ,    45
vp6/run2_2018-05-23-11-05-00.kinect_color ,       16852,     16897, electronics    ,    45
vp6/run2_2018-05-23-11-05-00.kinect_color ,       16897,     16931, electronics    ,    34
vp6/run2_2018-05-23-11-05-00.kinect_color ,       16931,     16976, electronics    ,    45
vp6/run2_2018-05-23-11-05-00.kinect_color ,       16976,     16995, electronics    ,    19
vp6/run2_2018-05-23-11-05-00.kinect_color ,       17418,     17425, electronics    ,     7
vp6/run2_2018-05-23-11-05-00.kinect_color ,       17450,     17481, reaching_behind,    31
vp6/run2_2018-05-23-11-05-00.kinect_color ,       17959,     18003, reaching_behind,    44
vp6/run2_2018-05-23-11-05-00.kinect_color ,       18018,     18026, electronics    ,     8
vp6/run2_2018-05-23-11-05-00.kinect_color ,       18309,     18355, reaching_behind,    46
vp6/run2_2018-05-23-11-05-00.kinect_color ,       18355,     18373, reaching_behind,    18
vp6/run2_2018-05-23-11-05-00.kinect_color ,       18988,     19022, reaching_behind,    34
vp6/run2_2018-05-23-11-05-00.kinect_color ,       19246,     19277, reaching_behind,    31
vp6/run2_2018-05-23-11-05-00.kinect_color ,       19297,     19302, electronics    ,     5
vp6/run2_2018-05-23-11-05-00.kinect_color ,       19877,     19923, reaching_behind,    46
vp6/run2_2018-05-23-11-05-00.kinect_color ,       19923,     19943, reaching_behind,    20
vp6/run2_2018-05-23-11-05-00.kinect_color ,       19960,     19963, electronics    ,     3
vp6/run2_2018-05-23-11-05-00.kinect_color ,       20792,     20818, electronics    ,    26
vp6/run2_2018-05-23-11-05-00.kinect_color ,       20989,     21021, electronics    ,    32
vp6/run2_2018-05-23-11-05-00.kinect_color ,       21096,     21102, electronics    ,     6
vp6/run2_2018-05-23-11-05-00.kinect_color ,       21271,     21304, reaching_behind,    33
vp7/run1_2018-05-23-13-16-52.kinect_color ,         767,       776, electronics    ,     9
vp7/run1_2018-05-23-13-16-52.kinect_color ,        4226,      4232, electronics    ,     6
vp7/run1_2018-05-23-13-16-52.kinect_color ,        4476,      4522, reaching_behind,    46
vp7/run1_2018-05-23-13-16-52.kinect_color ,        4522,      4568, reaching_behind,    46
vp7/run1_2018-05-23-13-16-52.kinect_color ,        4568,      4612, reaching_behind,    44
vp7/run1_2018-05-23-13-16-52.kinect_color ,        4612,      4657, eat_drink      ,    45
vp7/run1_2018-05-23-13-16-52.kinect_color ,        4657,      4703, eat_drink      ,    46
vp7/run1_2018-05-23-13-16-52.kinect_color ,        4703,      4749, eat_drink      ,    46
vp7/run1_2018-05-23-13-16-52.kinect_color ,        4749,      4796, eat_drink      ,    47
vp7/run1_2018-05-23-13-16-52.kinect_color ,        4796,      4841, eat_drink      ,    45
vp7/run1_2018-05-23-13-16-52.kinect_color ,        4841,      4886, eat_drink      ,    45
vp7/run1_2018-05-23-13-16-52.kinect_color ,        4886,      4932, eat_drink      ,    46
vp7/run1_2018-05-23-13-16-52.kinect_color ,        4932,      4940, eat_drink      ,     8
vp7/run1_2018-05-23-13-16-52.kinect_color ,        4940,      4984, reaching_behind,    44
vp7/run1_2018-05-23-13-16-52.kinect_color ,        4984,      5029, eat_drink      ,    45
vp7/run1_2018-05-23-13-16-52.kinect_color ,        5029,      5076, eat_drink      ,    47
vp7/run1_2018-05-23-13-16-52.kinect_color ,        5076,      5079, eat_drink      ,     3
vp7/run1_2018-05-23-13-16-52.kinect_color ,        5079,      5125, reaching_behind,    46
vp7/run1_2018-05-23-13-16-52.kinect_color ,        5125,      5129, reaching_behind,     4
vp7/run1_2018-05-23-13-16-52.kinect_color ,        5129,      5175, eat_drink      ,    46
vp7/run1_2018-05-23-13-16-52.kinect_color ,        5175,      5196, eat_drink      ,    21
vp7/run1_2018-05-23-13-16-52.kinect_color ,        5196,      5242, eat_drink      ,    46
vp7/run1_2018-05-23-13-16-52.kinect_color ,        5242,      5289, eat_drink      ,    47
vp7/run1_2018-05-23-13-16-52.kinect_color ,        5289,      5336, eat_drink      ,    47
vp7/run1_2018-05-23-13-16-52.kinect_color ,        5336,      5370, eat_drink      ,    34
vp7/run1_2018-05-23-13-16-52.kinect_color ,        5370,      5416, eat_drink      ,    46
vp7/run1_2018-05-23-13-16-52.kinect_color ,        5416,      5453, reaching_behind,    37
vp7/run1_2018-05-23-13-16-52.kinect_color ,        5478,      5494, electronics    ,    16
vp7/run1_2018-05-23-13-16-52.kinect_color ,        5841,      5886, reaching_behind,    45
vp7/run1_2018-05-23-13-16-52.kinect_color ,        6126,      6155, electronics    ,    29
vp7/run1_2018-05-23-13-16-52.kinect_color ,        6197,      6210, electronics    ,    13
vp7/run1_2018-05-23-13-16-52.kinect_color ,        6382,      6428, reaching_behind,    46
vp7/run1_2018-05-23-13-16-52.kinect_color ,        6653,      6683, reaching_behind,    30
vp7/run1_2018-05-23-13-16-52.kinect_color ,        6795,      6802, electronics    ,     7
vp7/run1_2018-05-23-13-16-52.kinect_color ,        7476,      7524, reaching_behind,    48
vp7/run1_2018-05-23-13-16-52.kinect_color ,        7524,      7528, reaching_behind,     4
vp7/run1_2018-05-23-13-16-52.kinect_color ,        7528,      7574, electronics    ,    46
vp7/run1_2018-05-23-13-16-52.kinect_color ,        7574,      7606, electronics    ,    32
vp7/run1_2018-05-23-13-16-52.kinect_color ,        7606,      7653, electronics    ,    47
vp7/run1_2018-05-23-13-16-52.kinect_color ,        7653,      7698, electronics    ,    45
vp7/run1_2018-05-23-13-16-52.kinect_color ,        7698,      7724, electronics    ,    26
vp7/run1_2018-05-23-13-16-52.kinect_color ,        7726,      7774, electronics    ,    48
vp7/run1_2018-05-23-13-16-52.kinect_color ,        7774,      7820, electronics    ,    46
vp7/run1_2018-05-23-13-16-52.kinect_color ,        7820,      7865, electronics    ,    45
vp7/run1_2018-05-23-13-16-52.kinect_color ,        7865,      7907, reaching_behind,    42
vp7/run1_2018-05-23-13-16-52.kinect_color ,        7907,      7955, reaching_behind,    48
vp7/run1_2018-05-23-13-16-52.kinect_color ,        7955,      7966, reaching_behind,    11
vp7/run1_2018-05-23-13-16-52.kinect_color ,        8069,      8116, reaching_behind,    47
vp7/run1_2018-05-23-13-16-52.kinect_color ,        8116,      8162, reaching_behind,    46
vp7/run1_2018-05-23-13-16-52.kinect_color ,        8162,      8168, reaching_behind,     6
vp7/run1_2018-05-23-13-16-52.kinect_color ,        8855,      8874, electronics    ,    19
vp7/run1_2018-05-23-13-16-52.kinect_color ,        8888,      8930, electronics    ,    42
vp7/run1_2018-05-23-13-16-52.kinect_color ,        9076,      9114, electronics    ,    38
vp7/run1_2018-05-23-13-16-52.kinect_color ,        9223,      9270, reaching_behind,    47
vp7/run1_2018-05-23-13-16-52.kinect_color ,        9270,      9288, reaching_behind,    18
vp7/run1_2018-05-23-13-16-52.kinect_color ,        9288,      9304, electronics    ,    16
vp7/run1_2018-05-23-13-16-52.kinect_color ,        9469,      9505, reaching_behind,    36
vp7/run1_2018-05-23-13-16-52.kinect_color ,        9539,      9576, reaching_behind,    37
vp7/run1_2018-05-23-13-16-52.kinect_color ,        9724,      9756, reaching_behind,    32
vp7/run1_2018-05-23-13-16-52.kinect_color ,        9885,      9930, reaching_behind,    45
vp7/run1_2018-05-23-13-16-52.kinect_color ,        9930,      9967, reaching_behind,    37
vp7/run1_2018-05-23-13-16-52.kinect_color ,        9967,      9973, electronics    ,     6
vp7/run1_2018-05-23-13-16-52.kinect_color ,       10129,     10176, reaching_behind,    47
vp7/run1_2018-05-23-13-16-52.kinect_color ,       10176,     10187, reaching_behind,    11
vp7/run1_2018-05-23-13-16-52.kinect_color ,       10187,     10234, eat_drink      ,    47
vp7/run1_2018-05-23-13-16-52.kinect_color ,       10234,     10280, eat_drink      ,    46
vp7/run1_2018-05-23-13-16-52.kinect_color ,       10280,     10328, eat_drink      ,    48
vp7/run1_2018-05-23-13-16-52.kinect_color ,       10328,     10375, eat_drink      ,    47
vp7/run1_2018-05-23-13-16-52.kinect_color ,       10375,     10422, eat_drink      ,    47
vp7/run1_2018-05-23-13-16-52.kinect_color ,       10422,     10469, eat_drink      ,    47
vp7/run1_2018-05-23-13-16-52.kinect_color ,       10469,     10516, eat_drink      ,    47
vp7/run1_2018-05-23-13-16-52.kinect_color ,       10516,     10553, eat_drink      ,    37
vp7/run1_2018-05-23-13-16-52.kinect_color ,       10553,     10600, reaching_behind,    47
vp7/run1_2018-05-23-13-16-52.kinect_color ,       10600,     10605, reaching_behind,     5
vp7/run1_2018-05-23-13-16-52.kinect_color ,       10695,     10743, reaching_behind,    48
vp7/run1_2018-05-23-13-16-52.kinect_color ,       10743,     10762, reaching_behind,    19
vp7/run1_2018-05-23-13-16-52.kinect_color ,       10844,     10891, reaching_behind,    47
vp7/run1_2018-05-23-13-16-52.kinect_color ,       10891,     10933, reaching_behind,    42
vp7/run1_2018-05-23-13-16-52.kinect_color ,       10933,     10979, electronics    ,    46
vp7/run1_2018-05-23-13-16-52.kinect_color ,       10979,     11018, electronics    ,    39
vp7/run1_2018-05-23-13-16-52.kinect_color ,       11018,     11065, electronics    ,    47
vp7/run1_2018-05-23-13-16-52.kinect_color ,       11065,     11113, electronics    ,    48
vp7/run1_2018-05-23-13-16-52.kinect_color ,       11113,     11159, electronics    ,    46
vp7/run1_2018-05-23-13-16-52.kinect_color ,       11159,     11206, electronics    ,    47
vp7/run1_2018-05-23-13-16-52.kinect_color ,       11206,     11253, electronics    ,    47
vp7/run1_2018-05-23-13-16-52.kinect_color ,       11253,     11301, electronics    ,    48
vp7/run1_2018-05-23-13-16-52.kinect_color ,       11301,     11349, electronics    ,    48
vp7/run1_2018-05-23-13-16-52.kinect_color ,       11349,     11396, electronics    ,    47
vp7/run1_2018-05-23-13-16-52.kinect_color ,       11396,     11443, electronics    ,    47
vp7/run1_2018-05-23-13-16-52.kinect_color ,       11443,     11491, electronics    ,    48
vp7/run1_2018-05-23-13-16-52.kinect_color ,       11491,     11504, electronics    ,    13
vp7/run1_2018-05-23-13-16-52.kinect_color ,       11504,     11534, reaching_behind,    30
vp7/run1_2018-05-23-13-16-52.kinect_color ,       11534,     11581, electronics    ,    47
vp7/run1_2018-05-23-13-16-52.kinect_color ,       11581,     11628, electronics    ,    47
vp7/run1_2018-05-23-13-16-52.kinect_color ,       11628,     11676, electronics    ,    48
vp7/run1_2018-05-23-13-16-52.kinect_color ,       11676,     11723, electronics    ,    47
vp7/run1_2018-05-23-13-16-52.kinect_color ,       11723,     11769, electronics    ,    46
vp7/run1_2018-05-23-13-16-52.kinect_color ,       11769,     11816, electronics    ,    47
vp7/run1_2018-05-23-13-16-52.kinect_color ,       11816,     11862, electronics    ,    46
vp7/run1_2018-05-23-13-16-52.kinect_color ,       11862,     11911, electronics    ,    49
vp7/run1_2018-05-23-13-16-52.kinect_color ,       11911,     11957, electronics    ,    46
vp7/run1_2018-05-23-13-16-52.kinect_color ,       11957,     11961, electronics    ,     4
vp7/run1_2018-05-23-13-16-52.kinect_color ,       11963,     12009, reaching_behind,    46
vp7/run1_2018-05-23-13-16-52.kinect_color ,       12011,     12057, electronics    ,    46
vp7/run1_2018-05-23-13-16-52.kinect_color ,       12057,     12104, electronics    ,    47
vp7/run1_2018-05-23-13-16-52.kinect_color ,       12104,     12126, electronics    ,    22
vp7/run1_2018-05-23-13-16-52.kinect_color ,       12126,     12174, reaching_behind,    48
vp7/run1_2018-05-23-13-16-52.kinect_color ,       12174,     12182, reaching_behind,     8
vp7/run1_2018-05-23-13-16-52.kinect_color ,       12259,     12267, electronics    ,     8
vp7/run1_2018-05-23-13-16-52.kinect_color ,       12734,     12774, electronics    ,    40
vp7/run1_2018-05-23-13-16-52.kinect_color ,       12793,     12831, reaching_behind,    38
vp7/run1_2018-05-23-13-16-52.kinect_color ,       12831,     12877, eat_drink      ,    46
vp7/run1_2018-05-23-13-16-52.kinect_color ,       12877,     12924, eat_drink      ,    47
vp7/run1_2018-05-23-13-16-52.kinect_color ,       12924,     12969, eat_drink      ,    45
vp7/run1_2018-05-23-13-16-52.kinect_color ,       12969,     13016, eat_drink      ,    47
vp7/run1_2018-05-23-13-16-52.kinect_color ,       13016,     13062, eat_drink      ,    46
vp7/run1_2018-05-23-13-16-52.kinect_color ,       13062,     13108, eat_drink      ,    46
vp7/run1_2018-05-23-13-16-52.kinect_color ,       13108,     13155, eat_drink      ,    47
vp7/run1_2018-05-23-13-16-52.kinect_color ,       13155,     13202, eat_drink      ,    47
vp7/run1_2018-05-23-13-16-52.kinect_color ,       13202,     13249, eat_drink      ,    47
vp7/run1_2018-05-23-13-16-52.kinect_color ,       13249,     13295, eat_drink      ,    46
vp7/run1_2018-05-23-13-16-52.kinect_color ,       13295,     13342, eat_drink      ,    47
vp7/run1_2018-05-23-13-16-52.kinect_color ,       13342,     13390, eat_drink      ,    48
vp7/run1_2018-05-23-13-16-52.kinect_color ,       13390,     13437, eat_drink      ,    47
vp7/run1_2018-05-23-13-16-52.kinect_color ,       13437,     13484, eat_drink      ,    47
vp7/run1_2018-05-23-13-16-52.kinect_color ,       13484,     13529, eat_drink      ,    45
vp7/run1_2018-05-23-13-16-52.kinect_color ,       13529,     13576, eat_drink      ,    47
vp7/run1_2018-05-23-13-16-52.kinect_color ,       13576,     13623, eat_drink      ,    47
vp7/run1_2018-05-23-13-16-52.kinect_color ,       13623,     13671, eat_drink      ,    48
vp7/run1_2018-05-23-13-16-52.kinect_color ,       13671,     13717, eat_drink      ,    46
vp7/run1_2018-05-23-13-16-52.kinect_color ,       13717,     13723, eat_drink      ,     6
vp7/run1_2018-05-23-13-16-52.kinect_color ,       13723,     13768, reaching_behind,    45
vp7/run1_2018-05-23-13-16-52.kinect_color ,       13768,     13780, reaching_behind,    12
vp7/run1_2018-05-23-13-16-52.kinect_color ,       13796,     13843, eat_drink      ,    47
vp7/run1_2018-05-23-13-16-52.kinect_color ,       13843,     13889, eat_drink      ,    46
vp7/run1_2018-05-23-13-16-52.kinect_color ,       13889,     13935, eat_drink      ,    46
vp7/run1_2018-05-23-13-16-52.kinect_color ,       13935,     13982, eat_drink      ,    47
vp7/run1_2018-05-23-13-16-52.kinect_color ,       13982,     14029, eat_drink      ,    47
vp7/run1_2018-05-23-13-16-52.kinect_color ,       14029,     14035, eat_drink      ,     6
vp7/run1_2018-05-23-13-16-52.kinect_color ,       14108,     14155, eat_drink      ,    47
vp7/run1_2018-05-23-13-16-52.kinect_color ,       14155,     14200, eat_drink      ,    45
vp7/run1_2018-05-23-13-16-52.kinect_color ,       14200,     14237, eat_drink      ,    37
vp7/run1_2018-05-23-13-16-52.kinect_color ,       14237,     14284, eat_drink      ,    47
vp7/run1_2018-05-23-13-16-52.kinect_color ,       14284,     14330, eat_drink      ,    46
vp7/run1_2018-05-23-13-16-52.kinect_color ,       14330,     14370, eat_drink      ,    40
vp7/run1_2018-05-23-13-16-52.kinect_color ,       14399,     14447, reaching_behind,    48
vp7/run1_2018-05-23-13-16-52.kinect_color ,       14911,     14947, electronics    ,    36
vp7/run1_2018-05-23-13-16-52.kinect_color ,       14986,     14995, electronics    ,     9
vp7/run1_2018-05-23-13-16-52.kinect_color ,       15375,     15394, electronics    ,    19
vp7/run1_2018-05-23-13-16-52.kinect_color ,       15582,     15599, electronics    ,    17
vp7/run1_2018-05-23-13-16-52.kinect_color ,       15870,     15875, electronics    ,     5
vp7/run1_2018-05-23-13-16-52.kinect_color ,       16162,     16210, reaching_behind,    48
vp7/run1_2018-05-23-13-16-52.kinect_color ,       16210,     16222, reaching_behind,    12
vp7/run1_2018-05-23-13-16-52.kinect_color ,       16559,     16586, reaching_behind,    27
vp7/run1_2018-05-23-13-16-52.kinect_color ,       16586,     16634, electronics    ,    48
vp7/run1_2018-05-23-13-16-52.kinect_color ,       16634,     16640, electronics    ,     6
vp7/run1_2018-05-23-13-16-52.kinect_color ,       16640,     16685, reaching_behind,    45
vp7/run1_2018-05-23-13-16-52.kinect_color ,       16685,     16690, electronics    ,     5
vp7/run1_2018-05-23-13-16-52.kinect_color ,       16761,     16809, reaching_behind,    48
vp7/run1_2018-05-23-13-16-52.kinect_color ,       16809,     16812, reaching_behind,     3
vp7/run1_2018-05-23-13-16-52.kinect_color ,       16812,     16858, electronics    ,    46
vp7/run1_2018-05-23-13-16-52.kinect_color ,       16858,     16903, electronics    ,    45
vp7/run1_2018-05-23-13-16-52.kinect_color ,       16903,     16950, electronics    ,    47
vp7/run1_2018-05-23-13-16-52.kinect_color ,       16950,     16995, electronics    ,    45
vp7/run1_2018-05-23-13-16-52.kinect_color ,       16995,     17042, electronics    ,    47
vp7/run1_2018-05-23-13-16-52.kinect_color ,       17042,     17090, electronics    ,    48
vp7/run1_2018-05-23-13-16-52.kinect_color ,       17090,     17135, electronics    ,    45
vp7/run1_2018-05-23-13-16-52.kinect_color ,       17135,     17182, electronics    ,    47
vp7/run1_2018-05-23-13-16-52.kinect_color ,       17182,     17228, electronics    ,    46
vp7/run1_2018-05-23-13-16-52.kinect_color ,       17228,     17275, electronics    ,    47
vp7/run1_2018-05-23-13-16-52.kinect_color ,       17275,     17294, electronics    ,    19
vp7/run1_2018-05-23-13-16-52.kinect_color ,       17300,     17346, electronics    ,    46
vp7/run1_2018-05-23-13-16-52.kinect_color ,       17346,     17371, electronics    ,    25
vp7/run1_2018-05-23-13-16-52.kinect_color ,       17371,     17416, electronics    ,    45
vp7/run1_2018-05-23-13-16-52.kinect_color ,       17416,     17457, reaching_behind,    41
vp7/run1_2018-05-23-13-16-52.kinect_color ,       19410,     19431, reaching_behind,    21
vp7/run1_2018-05-23-13-16-52.kinect_color ,       19794,     19803, electronics    ,     9
vp7/run1_2018-05-23-13-16-52.kinect_color ,       20489,     20493, electronics    ,     4
vp7/run1_2018-05-23-13-16-52.kinect_color ,       20541,     20588, reaching_behind,    47
vp7/run1_2018-05-23-13-16-52.kinect_color ,       20696,     20718, reaching_behind,    22
vp7/run2b_2018-05-23-13-54-07.kinect_color,         495,       504, electronics    ,     9
vp7/run2b_2018-05-23-13-54-07.kinect_color,        3302,      3311, electronics    ,     9
vp7/run2b_2018-05-23-13-54-07.kinect_color,        3438,      3485, reaching_behind,    47
vp7/run2b_2018-05-23-13-54-07.kinect_color,        3518,      3528, electronics    ,    10
vp7/run2b_2018-05-23-13-54-07.kinect_color,        3534,      3540, electronics    ,     6
vp7/run2b_2018-05-23-13-54-07.kinect_color,        4195,      4243, reaching_behind,    48
vp7/run2b_2018-05-23-13-54-07.kinect_color,        4243,      4281, reaching_behind,    38
vp7/run2b_2018-05-23-13-54-07.kinect_color,        4556,      4604, reaching_behind,    48
vp7/run2b_2018-05-23-13-54-07.kinect_color,        4604,      4619, reaching_behind,    15
vp7/run2b_2018-05-23-13-54-07.kinect_color,        4619,      4661, reaching_behind,    42
vp7/run2b_2018-05-23-13-54-07.kinect_color,        4768,      4796, reaching_behind,    28
vp7/run2b_2018-05-23-13-54-07.kinect_color,        4796,      4803, electronics    ,     7
vp7/run2b_2018-05-23-13-54-07.kinect_color,        5478,      5524, reaching_behind,    46
vp7/run2b_2018-05-23-13-54-07.kinect_color,        5524,      5571, reaching_behind,    47
vp7/run2b_2018-05-23-13-54-07.kinect_color,        5571,      5583, reaching_behind,    12
vp7/run2b_2018-05-23-13-54-07.kinect_color,        5583,      5630, reaching_behind,    47
vp7/run2b_2018-05-23-13-54-07.kinect_color,        5630,      5675, reaching_behind,    45
vp7/run2b_2018-05-23-13-54-07.kinect_color,        5675,      5716, reaching_behind,    41
vp7/run2b_2018-05-23-13-54-07.kinect_color,        6322,      6362, reaching_behind,    40
vp7/run2b_2018-05-23-13-54-07.kinect_color,        6362,      6391, reaching_behind,    29
vp7/run2b_2018-05-23-13-54-07.kinect_color,        6508,      6555, reaching_behind,    47
vp7/run2b_2018-05-23-13-54-07.kinect_color,        6555,      6601, reaching_behind,    46
vp7/run2b_2018-05-23-13-54-07.kinect_color,        6601,      6641, reaching_behind,    40
vp7/run2b_2018-05-23-13-54-07.kinect_color,        6641,      6648, electronics    ,     7
vp7/run2b_2018-05-23-13-54-07.kinect_color,        6978,      7016, reaching_behind,    38
vp7/run2b_2018-05-23-13-54-07.kinect_color,        7016,      7025, electronics    ,     9
vp7/run2b_2018-05-23-13-54-07.kinect_color,        7164,      7180, electronics    ,    16
vp7/run2b_2018-05-23-13-54-07.kinect_color,        7431,      7465, reaching_behind,    34
vp7/run2b_2018-05-23-13-54-07.kinect_color,        7465,      7489, eat_drink      ,    24
vp7/run2b_2018-05-23-13-54-07.kinect_color,        7489,      7536, eat_drink      ,    47
vp7/run2b_2018-05-23-13-54-07.kinect_color,        7536,      7584, eat_drink      ,    48
vp7/run2b_2018-05-23-13-54-07.kinect_color,        7584,      7631, eat_drink      ,    47
vp7/run2b_2018-05-23-13-54-07.kinect_color,        7631,      7678, eat_drink      ,    47
vp7/run2b_2018-05-23-13-54-07.kinect_color,        7678,      7717, eat_drink      ,    39
vp7/run2b_2018-05-23-13-54-07.kinect_color,        7717,      7766, eat_drink      ,    49
vp7/run2b_2018-05-23-13-54-07.kinect_color,        7766,      7788, eat_drink      ,    22
vp7/run2b_2018-05-23-13-54-07.kinect_color,        7788,      7830, reaching_behind,    42
vp7/run2b_2018-05-23-13-54-07.kinect_color,        8022,      8062, electronics    ,    40
vp7/run2b_2018-05-23-13-54-07.kinect_color,        8732,      8760, reaching_behind,    28
vp7/run2b_2018-05-23-13-54-07.kinect_color,        8760,      8807, electronics    ,    47
vp7/run2b_2018-05-23-13-54-07.kinect_color,        8807,      8853, electronics    ,    46
vp7/run2b_2018-05-23-13-54-07.kinect_color,        8853,      8859, electronics    ,     6
vp7/run2b_2018-05-23-13-54-07.kinect_color,        8859,      8907, electronics    ,    48
vp7/run2b_2018-05-23-13-54-07.kinect_color,        8907,      8953, electronics    ,    46
vp7/run2b_2018-05-23-13-54-07.kinect_color,        8953,      8998, electronics    ,    45
vp7/run2b_2018-05-23-13-54-07.kinect_color,        8998,      9043, electronics    ,    45
vp7/run2b_2018-05-23-13-54-07.kinect_color,        9043,      9090, electronics    ,    47
vp7/run2b_2018-05-23-13-54-07.kinect_color,        9090,      9137, electronics    ,    47
vp7/run2b_2018-05-23-13-54-07.kinect_color,        9137,      9157, electronics    ,    20
vp7/run2b_2018-05-23-13-54-07.kinect_color,        9157,      9190, electronics    ,    33
vp7/run2b_2018-05-23-13-54-07.kinect_color,        9190,      9209, reaching_behind,    19
vp7/run2b_2018-05-23-13-54-07.kinect_color,        9720,      9738, reaching_behind,    18
vp7/run2b_2018-05-23-13-54-07.kinect_color,       10028,     10037, electronics    ,     9
vp7/run2b_2018-05-23-13-54-07.kinect_color,       10052,     10057, electronics    ,     5
vp7/run2b_2018-05-23-13-54-07.kinect_color,       10089,     10094, electronics    ,     5
vp7/run2b_2018-05-23-13-54-07.kinect_color,       10267,     10315, reaching_behind,    48
vp7/run2b_2018-05-23-13-54-07.kinect_color,       10315,     10361, reaching_behind,    46
vp7/run2b_2018-05-23-13-54-07.kinect_color,       10361,     10384, reaching_behind,    23
vp7/run2b_2018-05-23-13-54-07.kinect_color,       10384,     10398, reaching_behind,    14
vp7/run2b_2018-05-23-13-54-07.kinect_color,       10545,     10582, reaching_behind,    37
vp7/run2b_2018-05-23-13-54-07.kinect_color,       10582,     10629, electronics    ,    47
vp7/run2b_2018-05-23-13-54-07.kinect_color,       10629,     10635, electronics    ,     6
vp7/run2b_2018-05-23-13-54-07.kinect_color,       10635,     10681, electronics    ,    46
vp7/run2b_2018-05-23-13-54-07.kinect_color,       10681,     10729, electronics    ,    48
vp7/run2b_2018-05-23-13-54-07.kinect_color,       10729,     10774, electronics    ,    45
vp7/run2b_2018-05-23-13-54-07.kinect_color,       10774,     10821, electronics    ,    47
vp7/run2b_2018-05-23-13-54-07.kinect_color,       10821,     10868, electronics    ,    47
vp7/run2b_2018-05-23-13-54-07.kinect_color,       10868,     10914, electronics    ,    46
vp7/run2b_2018-05-23-13-54-07.kinect_color,       10914,     10961, electronics    ,    47
vp7/run2b_2018-05-23-13-54-07.kinect_color,       10961,     11007, electronics    ,    46
vp7/run2b_2018-05-23-13-54-07.kinect_color,       11007,     11053, electronics    ,    46
vp7/run2b_2018-05-23-13-54-07.kinect_color,       11053,     11057, electronics    ,     4
vp7/run2b_2018-05-23-13-54-07.kinect_color,       11057,     11074, electronics    ,    17
vp7/run2b_2018-05-23-13-54-07.kinect_color,       11074,     11122, reaching_behind,    48
vp7/run2b_2018-05-23-13-54-07.kinect_color,       11122,     11152, reaching_behind,    30
vp7/run2b_2018-05-23-13-54-07.kinect_color,       11180,     11206, reaching_behind,    26
vp7/run2b_2018-05-23-13-54-07.kinect_color,       11206,     11227, reaching_behind,    21
vp7/run2b_2018-05-23-13-54-07.kinect_color,       11229,     11275, electronics    ,    46
vp7/run2b_2018-05-23-13-54-07.kinect_color,       11275,     11321, electronics    ,    46
vp7/run2b_2018-05-23-13-54-07.kinect_color,       11321,     11368, electronics    ,    47
vp7/run2b_2018-05-23-13-54-07.kinect_color,       11368,     11415, electronics    ,    47
vp7/run2b_2018-05-23-13-54-07.kinect_color,       11415,     11461, electronics    ,    46
vp7/run2b_2018-05-23-13-54-07.kinect_color,       11461,     11490, reaching_behind,    29
vp7/run2b_2018-05-23-13-54-07.kinect_color,       11490,     11493, electronics    ,     3
vp7/run2b_2018-05-23-13-54-07.kinect_color,       11493,     11520, reaching_behind,    27
vp7/run2b_2018-05-23-13-54-07.kinect_color,       11520,     11567, reaching_behind,    47
vp7/run2b_2018-05-23-13-54-07.kinect_color,       11567,     11579, reaching_behind,    12
vp7/run2b_2018-05-23-13-54-07.kinect_color,       11579,     11589, electronics    ,    10
vp7/run2b_2018-05-23-13-54-07.kinect_color,       11813,     11843, reaching_behind,    30
vp7/run2b_2018-05-23-13-54-07.kinect_color,       11843,     11874, reaching_behind,    31
vp7/run2b_2018-05-23-13-54-07.kinect_color,       11874,     11906, electronics    ,    32
vp7/run2b_2018-05-23-13-54-07.kinect_color,       11906,     11952, electronics    ,    46
vp7/run2b_2018-05-23-13-54-07.kinect_color,       11952,     11998, electronics    ,    46
vp7/run2b_2018-05-23-13-54-07.kinect_color,       11998,     12045, electronics    ,    47
vp7/run2b_2018-05-23-13-54-07.kinect_color,       12045,     12092, electronics    ,    47
vp7/run2b_2018-05-23-13-54-07.kinect_color,       12092,     12127, electronics    ,    35
vp7/run2b_2018-05-23-13-54-07.kinect_color,       12127,     12144, electronics    ,    17
vp7/run2b_2018-05-23-13-54-07.kinect_color,       12144,     12163, electronics    ,    19
vp7/run2b_2018-05-23-13-54-07.kinect_color,       12163,     12177, electronics    ,    14
vp7/run2b_2018-05-23-13-54-07.kinect_color,       12177,     12213, reaching_behind,    36
vp7/run2b_2018-05-23-13-54-07.kinect_color,       12271,     12286, reaching_behind,    15
vp7/run2b_2018-05-23-13-54-07.kinect_color,       12385,     12389, electronics    ,     4
vp7/run2b_2018-05-23-13-54-07.kinect_color,       13096,     13139, reaching_behind,    43
vp7/run2b_2018-05-23-13-54-07.kinect_color,       13145,     13152, electronics    ,     7
vp7/run2b_2018-05-23-13-54-07.kinect_color,       13614,     13625, electronics    ,    11
vp7/run2b_2018-05-23-13-54-07.kinect_color,       13669,     13713, reaching_behind,    44
vp8/run1d_2018-05-23-14-54-38.kinect_color,         496,       503, electronics    ,     7
vp8/run1d_2018-05-23-14-54-38.kinect_color,        3355,      3363, electronics    ,     8
vp8/run1d_2018-05-23-14-54-38.kinect_color,        3627,      3673, reaching_behind,    46
vp8/run1d_2018-05-23-14-54-38.kinect_color,        3673,      3677, reaching_behind,     4
vp8/run1d_2018-05-23-14-54-38.kinect_color,        3677,      3712, reaching_behind,    35
vp8/run1d_2018-05-23-14-54-38.kinect_color,        4477,      4522, reaching_behind,    45
vp8/run1d_2018-05-23-14-54-38.kinect_color,        4522,      4531, reaching_behind,     9
vp8/run1d_2018-05-23-14-54-38.kinect_color,        4531,      4577, reaching_behind,    46
vp8/run1d_2018-05-23-14-54-38.kinect_color,        4813,      4858, reaching_behind,    45
vp8/run1d_2018-05-23-14-54-38.kinect_color,        4858,      4888, reaching_behind,    30
vp8/run1d_2018-05-23-14-54-38.kinect_color,        4901,      4905, electronics    ,     4
vp8/run1d_2018-05-23-14-54-38.kinect_color,        6154,      6199, electronics    ,    45
vp8/run1d_2018-05-23-14-54-38.kinect_color,        6199,      6213, electronics    ,    14
vp8/run1d_2018-05-23-14-54-38.kinect_color,        6213,      6258, electronics    ,    45
vp8/run1d_2018-05-23-14-54-38.kinect_color,        6258,      6304, electronics    ,    46
vp8/run1d_2018-05-23-14-54-38.kinect_color,        6304,      6349, electronics    ,    45
vp8/run1d_2018-05-23-14-54-38.kinect_color,        6349,      6394, electronics    ,    45
vp8/run1d_2018-05-23-14-54-38.kinect_color,        6394,      6439, electronics    ,    45
vp8/run1d_2018-05-23-14-54-38.kinect_color,        6439,      6485, electronics    ,    46
vp8/run1d_2018-05-23-14-54-38.kinect_color,        6485,      6530, electronics    ,    45
vp8/run1d_2018-05-23-14-54-38.kinect_color,        6530,      6574, electronics    ,    44
vp8/run1d_2018-05-23-14-54-38.kinect_color,        6574,      6620, electronics    ,    46
vp8/run1d_2018-05-23-14-54-38.kinect_color,        6620,      6665, electronics    ,    45
vp8/run1d_2018-05-23-14-54-38.kinect_color,        6665,      6710, electronics    ,    45
vp8/run1d_2018-05-23-14-54-38.kinect_color,        6710,      6755, electronics    ,    45
vp8/run1d_2018-05-23-14-54-38.kinect_color,        6755,      6801, electronics    ,    46
vp8/run1d_2018-05-23-14-54-38.kinect_color,        6801,      6847, electronics    ,    46
vp8/run1d_2018-05-23-14-54-38.kinect_color,        6847,      6891, electronics    ,    44
vp8/run1d_2018-05-23-14-54-38.kinect_color,        6891,      6937, electronics    ,    46
vp8/run1d_2018-05-23-14-54-38.kinect_color,        6937,      6981, electronics    ,    44
vp8/run1d_2018-05-23-14-54-38.kinect_color,        6981,      7026, electronics    ,    45
vp8/run1d_2018-05-23-14-54-38.kinect_color,        7026,      7072, electronics    ,    46
vp8/run1d_2018-05-23-14-54-38.kinect_color,        7072,      7117, electronics    ,    45
vp8/run1d_2018-05-23-14-54-38.kinect_color,        7117,      7162, electronics    ,    45
vp8/run1d_2018-05-23-14-54-38.kinect_color,        7162,      7207, electronics    ,    45
vp8/run1d_2018-05-23-14-54-38.kinect_color,        7207,      7252, electronics    ,    45
vp8/run1d_2018-05-23-14-54-38.kinect_color,        7252,      7298, electronics    ,    46
vp8/run1d_2018-05-23-14-54-38.kinect_color,        7298,      7344, electronics    ,    46
vp8/run1d_2018-05-23-14-54-38.kinect_color,        7344,      7389, electronics    ,    45
vp8/run1d_2018-05-23-14-54-38.kinect_color,        7389,      7434, electronics    ,    45
vp8/run1d_2018-05-23-14-54-38.kinect_color,        7434,      7479, electronics    ,    45
vp8/run1d_2018-05-23-14-54-38.kinect_color,        7479,      7524, electronics    ,    45
vp8/run1d_2018-05-23-14-54-38.kinect_color,        7524,      7569, electronics    ,    45
vp8/run1d_2018-05-23-14-54-38.kinect_color,        7569,      7615, electronics    ,    46
vp8/run1d_2018-05-23-14-54-38.kinect_color,        7615,      7660, electronics    ,    45
vp8/run1d_2018-05-23-14-54-38.kinect_color,        7660,      7706, electronics    ,    46
vp8/run1d_2018-05-23-14-54-38.kinect_color,        7706,      7751, electronics    ,    45
vp8/run1d_2018-05-23-14-54-38.kinect_color,        7751,      7796, electronics    ,    45
vp8/run1d_2018-05-23-14-54-38.kinect_color,        7796,      7841, electronics    ,    45
vp8/run1d_2018-05-23-14-54-38.kinect_color,        7841,      7884, electronics    ,    43
vp8/run1d_2018-05-23-14-54-38.kinect_color,        7884,      7921, reaching_behind,    37
vp8/run1d_2018-05-23-14-54-38.kinect_color,        7921,      7967, electronics    ,    46
vp8/run1d_2018-05-23-14-54-38.kinect_color,        7967,      8012, electronics    ,    45
vp8/run1d_2018-05-23-14-54-38.kinect_color,        8012,      8058, electronics    ,    46
vp8/run1d_2018-05-23-14-54-38.kinect_color,        8058,      8103, electronics    ,    45
vp8/run1d_2018-05-23-14-54-38.kinect_color,        8103,      8149, electronics    ,    46
vp8/run1d_2018-05-23-14-54-38.kinect_color,        8149,      8194, electronics    ,    45
vp8/run1d_2018-05-23-14-54-38.kinect_color,        8194,      8239, electronics    ,    45
vp8/run1d_2018-05-23-14-54-38.kinect_color,        8239,      8285, electronics    ,    46
vp8/run1d_2018-05-23-14-54-38.kinect_color,        8285,      8329, electronics    ,    44
vp8/run1d_2018-05-23-14-54-38.kinect_color,        8329,      8358, electronics    ,    29
vp8/run1d_2018-05-23-14-54-38.kinect_color,        8358,      8405, reaching_behind,    47
vp8/run1d_2018-05-23-14-54-38.kinect_color,        8405,      8420, reaching_behind,    15
vp8/run1d_2018-05-23-14-54-38.kinect_color,        8420,      8458, electronics    ,    38
vp8/run1d_2018-05-23-14-54-38.kinect_color,        8684,      8703, electronics    ,    19
vp8/run1d_2018-05-23-14-54-38.kinect_color,        9531,      9569, reaching_behind,    38
vp8/run1d_2018-05-23-14-54-38.kinect_color,        9569,      9614, electronics    ,    45
vp8/run1d_2018-05-23-14-54-38.kinect_color,        9614,      9660, electronics    ,    46
vp8/run1d_2018-05-23-14-54-38.kinect_color,        9660,      9705, electronics    ,    45
vp8/run1d_2018-05-23-14-54-38.kinect_color,        9705,      9750, electronics    ,    45
vp8/run1d_2018-05-23-14-54-38.kinect_color,        9750,      9795, electronics    ,    45
vp8/run1d_2018-05-23-14-54-38.kinect_color,        9795,      9841, electronics    ,    46
vp8/run1d_2018-05-23-14-54-38.kinect_color,        9841,      9887, electronics    ,    46
vp8/run1d_2018-05-23-14-54-38.kinect_color,        9887,      9933, electronics    ,    46
vp8/run1d_2018-05-23-14-54-38.kinect_color,        9933,      9978, electronics    ,    45
vp8/run1d_2018-05-23-14-54-38.kinect_color,        9978,      9999, electronics    ,    21
vp8/run1d_2018-05-23-14-54-38.kinect_color,        9999,     10044, reaching_behind,    45
vp8/run1d_2018-05-23-14-54-38.kinect_color,       10044,     10049, reaching_behind,     5
vp8/run1d_2018-05-23-14-54-38.kinect_color,       10375,     10421, reaching_behind,    46
vp8/run1d_2018-05-23-14-54-38.kinect_color,       10421,     10466, reaching_behind,    45
vp8/run1d_2018-05-23-14-54-38.kinect_color,       10466,     10477, reaching_behind,    11
vp8/run1d_2018-05-23-14-54-38.kinect_color,       10478,     10524, reaching_behind,    46
vp8/run1d_2018-05-23-14-54-38.kinect_color,       10524,     10571, reaching_behind,    47
vp8/run1d_2018-05-23-14-54-38.kinect_color,       10571,     10576, reaching_behind,     5
vp8/run1d_2018-05-23-14-54-38.kinect_color,       10681,     10685, electronics    ,     4
vp8/run1d_2018-05-23-14-54-38.kinect_color,       11051,     11097, reaching_behind,    46
vp8/run1d_2018-05-23-14-54-38.kinect_color,       12395,     12439, reaching_behind,    44
vp8/run1d_2018-05-23-14-54-38.kinect_color,       12439,     12445, reaching_behind,     6
vp8/run1d_2018-05-23-14-54-38.kinect_color,       12445,     12488, reaching_behind,    43
vp8/run1d_2018-05-23-14-54-38.kinect_color,       12733,     12778, reaching_behind,    45
vp8/run1d_2018-05-23-14-54-38.kinect_color,       12778,     12792, reaching_behind,    14
vp8/run1d_2018-05-23-14-54-38.kinect_color,       13285,     13331, reaching_behind,    46
vp8/run1d_2018-05-23-14-54-38.kinect_color,       13331,     13364, reaching_behind,    33
vp8/run1d_2018-05-23-14-54-38.kinect_color,       13364,     13409, reaching_behind,    45
vp8/run1d_2018-05-23-14-54-38.kinect_color,       13409,     13433, reaching_behind,    24
vp8/run1d_2018-05-23-14-54-38.kinect_color,       14088,     14095, electronics    ,     7
vp8/run1d_2018-05-23-14-54-38.kinect_color,       14135,     14145, electronics    ,    10
vp8/run1d_2018-05-23-14-54-38.kinect_color,       14443,     14488, reaching_behind,    45
vp8/run1d_2018-05-23-14-54-38.kinect_color,       14488,     14530, reaching_behind,    42
vp8/run1d_2018-05-23-14-54-38.kinect_color,       14530,     14546, reaching_behind,    16
vp8/run1d_2018-05-23-14-54-38.kinect_color,       14608,     14645, reaching_behind,    37
vp8/run1d_2018-05-23-14-54-38.kinect_color,       14645,     14690, eat_drink      ,    45
vp8/run1d_2018-05-23-14-54-38.kinect_color,       14690,     14735, eat_drink      ,    45
vp8/run1d_2018-05-23-14-54-38.kinect_color,       14735,     14780, eat_drink      ,    45
vp8/run1d_2018-05-23-14-54-38.kinect_color,       14780,     14825, eat_drink      ,    45
vp8/run1d_2018-05-23-14-54-38.kinect_color,       14825,     14872, eat_drink      ,    47
vp8/run1d_2018-05-23-14-54-38.kinect_color,       14872,     14918, eat_drink      ,    46
vp8/run1d_2018-05-23-14-54-38.kinect_color,       14918,     14962, eat_drink      ,    44
vp8/run1d_2018-05-23-14-54-38.kinect_color,       14962,     15009, eat_drink      ,    47
vp8/run1d_2018-05-23-14-54-38.kinect_color,       15009,     15054, eat_drink      ,    45
vp8/run1d_2018-05-23-14-54-38.kinect_color,       15054,     15099, eat_drink      ,    45
vp8/run1d_2018-05-23-14-54-38.kinect_color,       15099,     15146, eat_drink      ,    47
vp8/run1d_2018-05-23-14-54-38.kinect_color,       15146,     15190, eat_drink      ,    44
vp8/run1d_2018-05-23-14-54-38.kinect_color,       15190,     15236, eat_drink      ,    46
vp8/run1d_2018-05-23-14-54-38.kinect_color,       15236,     15281, eat_drink      ,    45
vp8/run1d_2018-05-23-14-54-38.kinect_color,       15281,     15326, eat_drink      ,    45
vp8/run1d_2018-05-23-14-54-38.kinect_color,       15326,     15371, eat_drink      ,    45
vp8/run1d_2018-05-23-14-54-38.kinect_color,       15371,     15417, eat_drink      ,    46
vp8/run1d_2018-05-23-14-54-38.kinect_color,       15417,     15463, eat_drink      ,    46
vp8/run1d_2018-05-23-14-54-38.kinect_color,       15463,     15508, eat_drink      ,    45
vp8/run1d_2018-05-23-14-54-38.kinect_color,       15508,     15555, eat_drink      ,    47
vp8/run1d_2018-05-23-14-54-38.kinect_color,       15555,     15599, eat_drink      ,    44
vp8/run1d_2018-05-23-14-54-38.kinect_color,       15599,     15645, eat_drink      ,    46
vp8/run1d_2018-05-23-14-54-38.kinect_color,       15645,     15690, eat_drink      ,    45
vp8/run1d_2018-05-23-14-54-38.kinect_color,       15690,     15735, eat_drink      ,    45
vp8/run1d_2018-05-23-14-54-38.kinect_color,       15735,     15780, eat_drink      ,    45
vp8/run1d_2018-05-23-14-54-38.kinect_color,       15780,     15825, eat_drink      ,    45
vp8/run1d_2018-05-23-14-54-38.kinect_color,       15825,     15871, eat_drink      ,    46
vp8/run1d_2018-05-23-14-54-38.kinect_color,       15871,     15916, eat_drink      ,    45
vp8/run1d_2018-05-23-14-54-38.kinect_color,       15916,     15962, eat_drink      ,    46
vp8/run1d_2018-05-23-14-54-38.kinect_color,       15962,     16007, eat_drink      ,    45
vp8/run1d_2018-05-23-14-54-38.kinect_color,       16007,     16053, eat_drink      ,    46
vp8/run1d_2018-05-23-14-54-38.kinect_color,       16053,     16098, eat_drink      ,    45
vp8/run1d_2018-05-23-14-54-38.kinect_color,       16098,     16144, eat_drink      ,    46
vp8/run1d_2018-05-23-14-54-38.kinect_color,       16144,     16189, eat_drink      ,    45
vp8/run1d_2018-05-23-14-54-38.kinect_color,       16189,     16191, eat_drink      ,     2
vp8/run1d_2018-05-23-14-54-38.kinect_color,       16191,     16235, reaching_behind,    44
vp8/run1d_2018-05-23-14-54-38.kinect_color,       16485,     16513, reaching_behind,    28
vp8/run1d_2018-05-23-14-54-38.kinect_color,       16588,     16602, reaching_behind,    14
vp8/run1d_2018-05-23-14-54-38.kinect_color,       16602,     16622, reaching_behind,    20
vp8/run1d_2018-05-23-14-54-38.kinect_color,       16622,     16662, eat_drink      ,    40
vp8/run1d_2018-05-23-14-54-38.kinect_color,       16662,     16707, eat_drink      ,    45
vp8/run1d_2018-05-23-14-54-38.kinect_color,       16707,     16752, eat_drink      ,    45
vp8/run1d_2018-05-23-14-54-38.kinect_color,       16752,     16790, eat_drink      ,    38
vp8/run1d_2018-05-23-14-54-38.kinect_color,       16790,     16833, eat_drink      ,    43
vp8/run1d_2018-05-23-14-54-38.kinect_color,       16841,     16851, electronics    ,    10
vp8/run1d_2018-05-23-14-54-38.kinect_color,       16867,     16908, reaching_behind,    41
vp8/run1d_2018-05-23-14-54-38.kinect_color,       17640,     17685, reaching_behind,    45
vp8/run1d_2018-05-23-14-54-38.kinect_color,       17685,     17730, reaching_behind,    45
vp8/run1d_2018-05-23-14-54-38.kinect_color,       17730,     17775, reaching_behind,    45
vp8/run1d_2018-05-23-14-54-38.kinect_color,       17775,     17821, reaching_behind,    46
vp8/run1d_2018-05-23-14-54-38.kinect_color,       17821,     17866, reaching_behind,    45
vp8/run1d_2018-05-23-14-54-38.kinect_color,       17866,     17877, reaching_behind,    11
vp8/run1d_2018-05-23-14-54-38.kinect_color,       17885,     17894, electronics    ,     9
vp8/run1d_2018-05-23-14-54-38.kinect_color,       18500,     18529, electronics    ,    29
vp8/run1d_2018-05-23-14-54-38.kinect_color,       18661,     18705, reaching_behind,    44
vp8/run1d_2018-05-23-14-54-38.kinect_color,       18705,     18751, reaching_behind,    46
vp8/run1d_2018-05-23-14-54-38.kinect_color,       18751,     18759, reaching_behind,     8
vp8/run1d_2018-05-23-14-54-38.kinect_color,       18759,     18804, eat_drink      ,    45
vp8/run1d_2018-05-23-14-54-38.kinect_color,       18804,     18849, eat_drink      ,    45
vp8/run1d_2018-05-23-14-54-38.kinect_color,       18849,     18894, eat_drink      ,    45
vp8/run1d_2018-05-23-14-54-38.kinect_color,       18894,     18940, eat_drink      ,    46
vp8/run1d_2018-05-23-14-54-38.kinect_color,       18940,     18984, eat_drink      ,    44
vp8/run1d_2018-05-23-14-54-38.kinect_color,       18984,     19030, eat_drink      ,    46
vp8/run1d_2018-05-23-14-54-38.kinect_color,       19030,     19076, eat_drink      ,    46
vp8/run1d_2018-05-23-14-54-38.kinect_color,       19076,     19121, eat_drink      ,    45
vp8/run1d_2018-05-23-14-54-38.kinect_color,       19121,     19166, eat_drink      ,    45
vp8/run1d_2018-05-23-14-54-38.kinect_color,       19166,     19211, eat_drink      ,    45
vp8/run1d_2018-05-23-14-54-38.kinect_color,       19211,     19256, eat_drink      ,    45
vp8/run1d_2018-05-23-14-54-38.kinect_color,       19256,     19301, eat_drink      ,    45
vp8/run1d_2018-05-23-14-54-38.kinect_color,       19301,     19346, eat_drink      ,    45
vp8/run1d_2018-05-23-14-54-38.kinect_color,       19346,     19393, eat_drink      ,    47
vp8/run1d_2018-05-23-14-54-38.kinect_color,       19393,     19439, eat_drink      ,    46
vp8/run1d_2018-05-23-14-54-38.kinect_color,       19439,     19485, eat_drink      ,    46
vp8/run1d_2018-05-23-14-54-38.kinect_color,       19485,     19531, eat_drink      ,    46
vp8/run1d_2018-05-23-14-54-38.kinect_color,       19531,     19577, eat_drink      ,    46
vp8/run1d_2018-05-23-14-54-38.kinect_color,       19577,     19623, eat_drink      ,    46
vp8/run1d_2018-05-23-14-54-38.kinect_color,       19623,     19668, eat_drink      ,    45
vp8/run1d_2018-05-23-14-54-38.kinect_color,       19668,     19713, eat_drink      ,    45
vp8/run1d_2018-05-23-14-54-38.kinect_color,       19713,     19758, eat_drink      ,    45
vp8/run1d_2018-05-23-14-54-38.kinect_color,       19758,     19785, eat_drink      ,    27
vp8/run1d_2018-05-23-14-54-38.kinect_color,       19785,     19831, reaching_behind,    46
vp8/run1d_2018-05-23-14-54-38.kinect_color,       19831,     19839, reaching_behind,     8
vp8/run1d_2018-05-23-14-54-38.kinect_color,       20529,     20566, reaching_behind,    37
vp8/run1d_2018-05-23-14-54-38.kinect_color,       20566,     20611, reaching_behind,    45
vp8/run1d_2018-05-23-14-54-38.kinect_color,       20611,     20617, reaching_behind,     6
vp8/run1d_2018-05-23-14-54-38.kinect_color,       20617,     20642, reaching_behind,    25
vp8/run1d_2018-05-23-14-54-38.kinect_color,       20642,     20685, eat_drink      ,    43
vp8/run1d_2018-05-23-14-54-38.kinect_color,       20685,     20731, eat_drink      ,    46
vp8/run1d_2018-05-23-14-54-38.kinect_color,       20731,     20776, eat_drink      ,    45
vp8/run1d_2018-05-23-14-54-38.kinect_color,       20776,     20821, eat_drink      ,    45
vp8/run1d_2018-05-23-14-54-38.kinect_color,       20821,     20861, eat_drink      ,    40
vp8/run1d_2018-05-23-14-54-38.kinect_color,       20861,     20904, eat_drink      ,    43
vp8/run1d_2018-05-23-14-54-38.kinect_color,       20904,     20949, reaching_behind,    45
vp8/run1d_2018-05-23-14-54-38.kinect_color,       20949,     20956, reaching_behind,     7
vp8/run1d_2018-05-23-14-54-38.kinect_color,       21022,     21067, electronics    ,    45
vp8/run1d_2018-05-23-14-54-38.kinect_color,       21067,     21097, electronics    ,    30
vp8/run1d_2018-05-23-14-54-38.kinect_color,       21416,     21419, electronics    ,     3
vp8/run1d_2018-05-23-14-54-38.kinect_color,       22105,     22152, reaching_behind,    47
vp8/run1d_2018-05-23-14-54-38.kinect_color,       22152,     22197, reaching_behind,    45
vp8/run1d_2018-05-23-14-54-38.kinect_color,       22197,     22201, reaching_behind,     4
vp8/run1d_2018-05-23-14-54-38.kinect_color,       22216,     22229, electronics    ,    13
vp8/run1d_2018-05-23-14-54-38.kinect_color,       22800,     22833, electronics    ,    33
vp8/run2_2018-05-23-15-30-27.kinect_color ,         274,       291, electronics    ,    17
vp8/run2_2018-05-23-15-30-27.kinect_color ,        3080,      3089, electronics    ,     9
vp8/run2_2018-05-23-15-30-27.kinect_color ,        3613,      3659, reaching_behind,    46
vp8/run2_2018-05-23-15-30-27.kinect_color ,        3659,      3670, reaching_behind,    11
vp8/run2_2018-05-23-15-30-27.kinect_color ,        3670,      3715, eat_drink      ,    45
vp8/run2_2018-05-23-15-30-27.kinect_color ,        3715,      3727, eat_drink      ,    12
vp8/run2_2018-05-23-15-30-27.kinect_color ,        3727,      3772, eat_drink      ,    45
vp8/run2_2018-05-23-15-30-27.kinect_color ,        3772,      3818, eat_drink      ,    46
vp8/run2_2018-05-23-15-30-27.kinect_color ,        3818,      3863, eat_drink      ,    45
vp8/run2_2018-05-23-15-30-27.kinect_color ,        3863,      3908, eat_drink      ,    45
vp8/run2_2018-05-23-15-30-27.kinect_color ,        3908,      3953, eat_drink      ,    45
vp8/run2_2018-05-23-15-30-27.kinect_color ,        3953,      3999, eat_drink      ,    46
vp8/run2_2018-05-23-15-30-27.kinect_color ,        3999,      4020, eat_drink      ,    21
vp8/run2_2018-05-23-15-30-27.kinect_color ,        4074,      4119, reaching_behind,    45
vp8/run2_2018-05-23-15-30-27.kinect_color ,        4119,      4134, reaching_behind,    15
vp8/run2_2018-05-23-15-30-27.kinect_color ,        4469,      4506, reaching_behind,    37
vp8/run2_2018-05-23-15-30-27.kinect_color ,        4506,      4546, eat_drink      ,    40
vp8/run2_2018-05-23-15-30-27.kinect_color ,        4546,      4590, eat_drink      ,    44
vp8/run2_2018-05-23-15-30-27.kinect_color ,        4590,      4636, eat_drink      ,    46
vp8/run2_2018-05-23-15-30-27.kinect_color ,        4636,      4642, eat_drink      ,     6
vp8/run2_2018-05-23-15-30-27.kinect_color ,        4642,      4676, eat_drink      ,    34
vp8/run2_2018-05-23-15-30-27.kinect_color ,        4676,      4694, reaching_behind,    18
vp8/run2_2018-05-23-15-30-27.kinect_color ,        4694,      4739, reaching_behind,    45
vp8/run2_2018-05-23-15-30-27.kinect_color ,        4739,      4750, reaching_behind,    11
vp8/run2_2018-05-23-15-30-27.kinect_color ,        4750,      4760, eat_drink      ,    10
vp8/run2_2018-05-23-15-30-27.kinect_color ,        4760,      4805, eat_drink      ,    45
vp8/run2_2018-05-23-15-30-27.kinect_color ,        4805,      4850, eat_drink      ,    45
vp8/run2_2018-05-23-15-30-27.kinect_color ,        4850,      4895, eat_drink      ,    45
vp8/run2_2018-05-23-15-30-27.kinect_color ,        4895,      4941, eat_drink      ,    46
vp8/run2_2018-05-23-15-30-27.kinect_color ,        4941,      4986, eat_drink      ,    45
vp8/run2_2018-05-23-15-30-27.kinect_color ,        4986,      5031, eat_drink      ,    45
vp8/run2_2018-05-23-15-30-27.kinect_color ,        5031,      5076, eat_drink      ,    45
vp8/run2_2018-05-23-15-30-27.kinect_color ,        5076,      5122, eat_drink      ,    46
vp8/run2_2018-05-23-15-30-27.kinect_color ,        5122,      5166, eat_drink      ,    44
vp8/run2_2018-05-23-15-30-27.kinect_color ,        5166,      5186, eat_drink      ,    20
vp8/run2_2018-05-23-15-30-27.kinect_color ,        5186,      5215, reaching_behind,    29
vp8/run2_2018-05-23-15-30-27.kinect_color ,        5219,      5231, electronics    ,    12
vp8/run2_2018-05-23-15-30-27.kinect_color ,        5484,      5505, reaching_behind,    21
vp8/run2_2018-05-23-15-30-27.kinect_color ,        5643,      5688, reaching_behind,    45
vp8/run2_2018-05-23-15-30-27.kinect_color ,        5688,      5696, reaching_behind,     8
vp8/run2_2018-05-23-15-30-27.kinect_color ,        5696,      5740, electronics    ,    44
vp8/run2_2018-05-23-15-30-27.kinect_color ,        5740,      5786, electronics    ,    46
vp8/run2_2018-05-23-15-30-27.kinect_color ,        5786,      5828, electronics    ,    42
vp8/run2_2018-05-23-15-30-27.kinect_color ,        5828,      5874, reaching_behind,    46
vp8/run2_2018-05-23-15-30-27.kinect_color ,        5874,      5882, reaching_behind,     8
vp8/run2_2018-05-23-15-30-27.kinect_color ,        5882,      5921, reaching_behind,    39
vp8/run2_2018-05-23-15-30-27.kinect_color ,        5921,      5961, electronics    ,    40
vp8/run2_2018-05-23-15-30-27.kinect_color ,        5961,      6006, electronics    ,    45
vp8/run2_2018-05-23-15-30-27.kinect_color ,        6006,      6051, electronics    ,    45
vp8/run2_2018-05-23-15-30-27.kinect_color ,        6051,      6098, electronics    ,    47
vp8/run2_2018-05-23-15-30-27.kinect_color ,        6098,      6143, electronics    ,    45
vp8/run2_2018-05-23-15-30-27.kinect_color ,        6143,      6189, electronics    ,    46
vp8/run2_2018-05-23-15-30-27.kinect_color ,        6189,      6235, electronics    ,    46
vp8/run2_2018-05-23-15-30-27.kinect_color ,        6235,      6280, electronics    ,    45
vp8/run2_2018-05-23-15-30-27.kinect_color ,        6280,      6325, electronics    ,    45
vp8/run2_2018-05-23-15-30-27.kinect_color ,        6325,      6371, electronics    ,    46
vp8/run2_2018-05-23-15-30-27.kinect_color ,        6371,      6415, electronics    ,    44
vp8/run2_2018-05-23-15-30-27.kinect_color ,        6415,      6460, electronics    ,    45
vp8/run2_2018-05-23-15-30-27.kinect_color ,        6460,      6505, electronics    ,    45
vp8/run2_2018-05-23-15-30-27.kinect_color ,        6505,      6551, electronics    ,    46
vp8/run2_2018-05-23-15-30-27.kinect_color ,        6551,      6596, electronics    ,    45
vp8/run2_2018-05-23-15-30-27.kinect_color ,        6596,      6643, electronics    ,    47
vp8/run2_2018-05-23-15-30-27.kinect_color ,        6643,      6687, electronics    ,    44
vp8/run2_2018-05-23-15-30-27.kinect_color ,        6687,      6733, electronics    ,    46
vp8/run2_2018-05-23-15-30-27.kinect_color ,        6733,      6771, electronics    ,    38
vp8/run2_2018-05-23-15-30-27.kinect_color ,        6771,      6776, electronics    ,     5
vp8/run2_2018-05-23-15-30-27.kinect_color ,        6776,      6821, reaching_behind,    45
vp8/run2_2018-05-23-15-30-27.kinect_color ,        6821,      6858, reaching_behind,    37
vp8/run2_2018-05-23-15-30-27.kinect_color ,        7195,      7240, reaching_behind,    45
vp8/run2_2018-05-23-15-30-27.kinect_color ,        7240,      7274, reaching_behind,    34
vp8/run2_2018-05-23-15-30-27.kinect_color ,        7274,      7289, reaching_behind,    15
vp8/run2_2018-05-23-15-30-27.kinect_color ,        7289,      7319, reaching_behind,    30
vp8/run2_2018-05-23-15-30-27.kinect_color ,        7807,      7835, reaching_behind,    28
vp8/run2_2018-05-23-15-30-27.kinect_color ,        7835,      7865, reaching_behind,    30
vp8/run2_2018-05-23-15-30-27.kinect_color ,        8128,      8175, reaching_behind,    47
vp8/run2_2018-05-23-15-30-27.kinect_color ,        8182,      8214, electronics    ,    32
vp8/run2_2018-05-23-15-30-27.kinect_color ,        8424,      8469, reaching_behind,    45
vp8/run2_2018-05-23-15-30-27.kinect_color ,        8469,      8511, reaching_behind,    42
vp8/run2_2018-05-23-15-30-27.kinect_color ,        9381,      9412, reaching_behind,    31
vp8/run2_2018-05-23-15-30-27.kinect_color ,        9412,      9437, reaching_behind,    25
vp8/run2_2018-05-23-15-30-27.kinect_color ,        9437,      9463, reaching_behind,    26
vp8/run2_2018-05-23-15-30-27.kinect_color ,        9707,      9731, reaching_behind,    24
vp8/run2_2018-05-23-15-30-27.kinect_color ,        9736,      9745, electronics    ,     9
vp8/run2_2018-05-23-15-30-27.kinect_color ,       10133,     10170, electronics    ,    37
vp8/run2_2018-05-23-15-30-27.kinect_color ,       10261,     10305, reaching_behind,    44
vp8/run2_2018-05-23-15-30-27.kinect_color ,       10305,     10315, reaching_behind,    10
vp8/run2_2018-05-23-15-30-27.kinect_color ,       10315,     10351, eat_drink      ,    36
vp8/run2_2018-05-23-15-30-27.kinect_color ,       10351,     10396, eat_drink      ,    45
vp8/run2_2018-05-23-15-30-27.kinect_color ,       10396,     10441, eat_drink      ,    45
vp8/run2_2018-05-23-15-30-27.kinect_color ,       10441,     10486, eat_drink      ,    45
vp8/run2_2018-05-23-15-30-27.kinect_color ,       10486,     10532, eat_drink      ,    46
vp8/run2_2018-05-23-15-30-27.kinect_color ,       10532,     10577, eat_drink      ,    45
vp8/run2_2018-05-23-15-30-27.kinect_color ,       10577,     10622, eat_drink      ,    45
vp8/run2_2018-05-23-15-30-27.kinect_color ,       10622,     10668, eat_drink      ,    46
vp8/run2_2018-05-23-15-30-27.kinect_color ,       10668,     10713, eat_drink      ,    45
vp8/run2_2018-05-23-15-30-27.kinect_color ,       10713,     10759, eat_drink      ,    46
vp8/run2_2018-05-23-15-30-27.kinect_color ,       10759,     10804, eat_drink      ,    45
vp8/run2_2018-05-23-15-30-27.kinect_color ,       10804,     10849, eat_drink      ,    45
vp8/run2_2018-05-23-15-30-27.kinect_color ,       10849,     10894, eat_drink      ,    45
vp8/run2_2018-05-23-15-30-27.kinect_color ,       10894,     10900, eat_drink      ,     6
vp8/run2_2018-05-23-15-30-27.kinect_color ,       10900,     10925, reaching_behind,    25
vp8/run2_2018-05-23-15-30-27.kinect_color ,       10925,     10970, eat_drink      ,    45
vp8/run2_2018-05-23-15-30-27.kinect_color ,       10970,     11016, eat_drink      ,    46
vp8/run2_2018-05-23-15-30-27.kinect_color ,       11016,     11061, eat_drink      ,    45
vp8/run2_2018-05-23-15-30-27.kinect_color ,       11061,     11102, eat_drink      ,    41
vp8/run2_2018-05-23-15-30-27.kinect_color ,       12190,     12223, reaching_behind,    33
vp8/run2_2018-05-23-15-30-27.kinect_color ,       12223,     12243, eat_drink      ,    20
vp8/run2_2018-05-23-15-30-27.kinect_color ,       12243,     12265, reaching_behind,    22
vp8/run2_2018-05-23-15-30-27.kinect_color ,       12942,     12966, electronics    ,    24
vp8/run2_2018-05-23-15-30-27.kinect_color ,       13254,     13299, electronics    ,    45
vp8/run2_2018-05-23-15-30-27.kinect_color ,       13299,     13344, electronics    ,    45
vp8/run2_2018-05-23-15-30-27.kinect_color ,       13344,     13347, electronics    ,     3
vp8/run2_2018-05-23-15-30-27.kinect_color ,       13370,     13373, electronics    ,     3
vp8/run2_2018-05-23-15-30-27.kinect_color ,       13584,     13597, electronics    ,    13
vp8/run2_2018-05-23-15-30-27.kinect_color ,       14099,     14144, reaching_behind,    45
vp8/run2_2018-05-23-15-30-27.kinect_color ,       14144,     14153, reaching_behind,     9
vp8/run2_2018-05-23-15-30-27.kinect_color ,       14441,     14451, electronics    ,    10
vp8/run2_2018-05-23-15-30-27.kinect_color ,       14768,     14787, reaching_behind,    19
vp8/run2_2018-05-23-15-30-27.kinect_color ,       14843,     14888, reaching_behind,    45
vp8/run2_2018-05-23-15-30-27.kinect_color ,       14888,     14934, reaching_behind,    46
vp8/run2_2018-05-23-15-30-27.kinect_color ,       14934,     14937, reaching_behind,     3
vp8/run2_2018-05-23-15-30-27.kinect_color ,       15177,     15183, electronics    ,     6
vp8/run2_2018-05-23-15-30-27.kinect_color ,       15873,     15918, reaching_behind,    45
vp8/run2_2018-05-23-15-30-27.kinect_color ,       15918,     15937, reaching_behind,    19
vp8/run2_2018-05-23-15-30-27.kinect_color ,       16038,     16047, electronics    ,     9
vp8/run2_2018-05-23-15-30-27.kinect_color ,       16312,     16357, electronics    ,    45
vp8/run2_2018-05-23-15-30-27.kinect_color ,       16357,     16402, electronics    ,    45
vp8/run2_2018-05-23-15-30-27.kinect_color ,       16402,     16427, electronics    ,    25
vp8/run2_2018-05-23-15-30-27.kinect_color ,       16427,     16473, electronics    ,    46
vp8/run2_2018-05-23-15-30-27.kinect_color ,       16473,     16518, electronics    ,    45
vp8/run2_2018-05-23-15-30-27.kinect_color ,       16518,     16563, electronics    ,    45
vp8/run2_2018-05-23-15-30-27.kinect_color ,       16563,     16609, electronics    ,    46
vp8/run2_2018-05-23-15-30-27.kinect_color ,       16609,     16654, electronics    ,    45
vp8/run2_2018-05-23-15-30-27.kinect_color ,       16654,     16699, electronics    ,    45
vp8/run2_2018-05-23-15-30-27.kinect_color ,       16699,     16744, electronics    ,    45
vp8/run2_2018-05-23-15-30-27.kinect_color ,       16744,     16789, electronics    ,    45
vp8/run2_2018-05-23-15-30-27.kinect_color ,       16789,     16835, electronics    ,    46
vp8/run2_2018-05-23-15-30-27.kinect_color ,       16835,     16880, electronics    ,    45
vp8/run2_2018-05-23-15-30-27.kinect_color ,       16880,     16925, electronics    ,    45
vp8/run2_2018-05-23-15-30-27.kinect_color ,       16925,     16970, electronics    ,    45
vp8/run2_2018-05-23-15-30-27.kinect_color ,       16970,     17016, electronics    ,    46
vp8/run2_2018-05-23-15-30-27.kinect_color ,       17016,     17062, electronics    ,    46
vp8/run2_2018-05-23-15-30-27.kinect_color ,       17062,     17107, electronics    ,    45
vp8/run2_2018-05-23-15-30-27.kinect_color ,       17107,     17153, electronics    ,    46
vp8/run2_2018-05-23-15-30-27.kinect_color ,       17153,     17199, electronics    ,    46
vp8/run2_2018-05-23-15-30-27.kinect_color ,       17199,     17245, electronics    ,    46
vp8/run2_2018-05-23-15-30-27.kinect_color ,       17245,     17290, electronics    ,    45
vp8/run2_2018-05-23-15-30-27.kinect_color ,       17290,     17337, electronics    ,    47
vp8/run2_2018-05-23-15-30-27.kinect_color ,       17337,     17384, electronics    ,    47
vp8/run2_2018-05-23-15-30-27.kinect_color ,       17384,     17429, electronics    ,    45
vp8/run2_2018-05-23-15-30-27.kinect_color ,       17429,     17475, electronics    ,    46
vp8/run2_2018-05-23-15-30-27.kinect_color ,       17475,     17520, electronics    ,    45
vp8/run2_2018-05-23-15-30-27.kinect_color ,       17520,     17566, electronics    ,    46
vp8/run2_2018-05-23-15-30-27.kinect_color ,       17566,     17611, electronics    ,    45
vp8/run2_2018-05-23-15-30-27.kinect_color ,       17611,     17657, electronics    ,    46
vp8/run2_2018-05-23-15-30-27.kinect_color ,       17657,     17702, electronics    ,    45
vp8/run2_2018-05-23-15-30-27.kinect_color ,       17702,     17748, electronics    ,    46
vp8/run2_2018-05-23-15-30-27.kinect_color ,       17748,     17794, electronics    ,    46
vp8/run2_2018-05-23-15-30-27.kinect_color ,       17794,     17839, electronics    ,    45
vp8/run2_2018-05-23-15-30-27.kinect_color ,       17839,     17885, electronics    ,    46
vp8/run2_2018-05-23-15-30-27.kinect_color ,       17885,     17930, electronics    ,    45
vp8/run2_2018-05-23-15-30-27.kinect_color ,       17930,     17957, electronics    ,    27
vp8/run2_2018-05-23-15-30-27.kinect_color ,       17957,     18003, electronics    ,    46
vp8/run2_2018-05-23-15-30-27.kinect_color ,       18003,     18048, electronics    ,    45
vp8/run2_2018-05-23-15-30-27.kinect_color ,       18048,     18078, electronics    ,    30
vp8/run2_2018-05-23-15-30-27.kinect_color ,       18078,     18123, reaching_behind,    45
vp8/run2_2018-05-23-15-30-27.kinect_color ,       18123,     18169, reaching_behind,    46
vp8/run2_2018-05-23-15-30-27.kinect_color ,       18169,     18198, reaching_behind,    29
vp8/run2_2018-05-23-15-30-27.kinect_color ,       18227,     18272, reaching_behind,    45
vp8/run2_2018-05-23-15-30-27.kinect_color ,       18272,     18295, reaching_behind,    23
vp8/run2_2018-05-23-15-30-27.kinect_color ,       18296,     18342, electronics    ,    46
vp8/run2_2018-05-23-15-30-27.kinect_color ,       18342,     18388, electronics    ,    46
vp8/run2_2018-05-23-15-30-27.kinect_color ,       18388,     18434, electronics    ,    46
vp8/run2_2018-05-23-15-30-27.kinect_color ,       18434,     18479, electronics    ,    45
vp8/run2_2018-05-23-15-30-27.kinect_color ,       18479,     18524, electronics    ,    45
vp8/run2_2018-05-23-15-30-27.kinect_color ,       18524,     18569, electronics    ,    45
vp8/run2_2018-05-23-15-30-27.kinect_color ,       18569,     18615, electronics    ,    46
vp8/run2_2018-05-23-15-30-27.kinect_color ,       18615,     18660, electronics    ,    45
vp8/run2_2018-05-23-15-30-27.kinect_color ,       18660,     18705, electronics    ,    45
vp8/run2_2018-05-23-15-30-27.kinect_color ,       18705,     18751, electronics    ,    46
vp8/run2_2018-05-23-15-30-27.kinect_color ,       18751,     18778, reaching_behind,    27
vp8/run2_2018-05-23-15-30-27.kinect_color ,       18782,     18807, electronics    ,    25
vp8/run2_2018-05-23-15-30-27.kinect_color ,       19213,     19258, reaching_behind,    45
vp8/run2_2018-05-23-15-30-27.kinect_color ,       19258,     19275, reaching_behind,    17
vp8/run2_2018-05-23-15-30-27.kinect_color ,       19277,     19286, electronics    ,     9
vp8/run2_2018-05-23-15-30-27.kinect_color ,       19502,     19526, reaching_behind,    24
vp8/run2_2018-05-23-15-30-27.kinect_color ,       19526,     19564, reaching_behind,    38
vp9/run1b_2018-05-23-16-19-17.kinect_color,         693,       702, electronics    ,     9
vp9/run1b_2018-05-23-16-19-17.kinect_color,        3694,      3699, electronics    ,     5
vp9/run1b_2018-05-23-16-19-17.kinect_color,        4044,      4081, reaching_behind,    37
vp9/run1b_2018-05-23-16-19-17.kinect_color,        4081,      4126, eat_drink      ,    45
vp9/run1b_2018-05-23-16-19-17.kinect_color,        4126,      4153, eat_drink      ,    27
vp9/run1b_2018-05-23-16-19-17.kinect_color,        4153,      4199, eat_drink      ,    46
vp9/run1b_2018-05-23-16-19-17.kinect_color,        4199,      4202, eat_drink      ,     3
vp9/run1b_2018-05-23-16-19-17.kinect_color,        4202,      4248, eat_drink      ,    46
vp9/run1b_2018-05-23-16-19-17.kinect_color,        4248,      4262, eat_drink      ,    14
vp9/run1b_2018-05-23-16-19-17.kinect_color,        4401,      4427, electronics    ,    26
vp9/run1b_2018-05-23-16-19-17.kinect_color,        4512,      4557, eat_drink      ,    45
vp9/run1b_2018-05-23-16-19-17.kinect_color,        4557,      4593, eat_drink      ,    36
vp9/run1b_2018-05-23-16-19-17.kinect_color,        4593,      4638, eat_drink      ,    45
vp9/run1b_2018-05-23-16-19-17.kinect_color,        4638,      4645, eat_drink      ,     7
vp9/run1b_2018-05-23-16-19-17.kinect_color,        4645,      4692, eat_drink      ,    47
vp9/run1b_2018-05-23-16-19-17.kinect_color,        4692,      4699, eat_drink      ,     7
vp9/run1b_2018-05-23-16-19-17.kinect_color,        4701,      4747, reaching_behind,    46
vp9/run1b_2018-05-23-16-19-17.kinect_color,        4813,      4858, reaching_behind,    45
vp9/run1b_2018-05-23-16-19-17.kinect_color,        4858,      4904, eat_drink      ,    46
vp9/run1b_2018-05-23-16-19-17.kinect_color,        4904,      4949, eat_drink      ,    45
vp9/run1b_2018-05-23-16-19-17.kinect_color,        4949,      4988, eat_drink      ,    39
vp9/run1b_2018-05-23-16-19-17.kinect_color,        4988,      5020, reaching_behind,    32
vp9/run1b_2018-05-23-16-19-17.kinect_color,        5020,      5065, eat_drink      ,    45
vp9/run1b_2018-05-23-16-19-17.kinect_color,        5065,      5083, eat_drink      ,    18
vp9/run1b_2018-05-23-16-19-17.kinect_color,        5083,      5128, eat_drink      ,    45
vp9/run1b_2018-05-23-16-19-17.kinect_color,        5128,      5164, eat_drink      ,    36
vp9/run1b_2018-05-23-16-19-17.kinect_color,        5164,      5209, electronics    ,    45
vp9/run1b_2018-05-23-16-19-17.kinect_color,        5209,      5229, electronics    ,    20
vp9/run1b_2018-05-23-16-19-17.kinect_color,        5229,      5274, eat_drink      ,    45
vp9/run1b_2018-05-23-16-19-17.kinect_color,        5274,      5319, eat_drink      ,    45
vp9/run1b_2018-05-23-16-19-17.kinect_color,        5319,      5364, eat_drink      ,    45
vp9/run1b_2018-05-23-16-19-17.kinect_color,        5364,      5410, eat_drink      ,    46
vp9/run1b_2018-05-23-16-19-17.kinect_color,        5410,      5456, eat_drink      ,    46
vp9/run1b_2018-05-23-16-19-17.kinect_color,        5456,      5501, eat_drink      ,    45
vp9/run1b_2018-05-23-16-19-17.kinect_color,        5501,      5526, eat_drink      ,    25
vp9/run1b_2018-05-23-16-19-17.kinect_color,        5526,      5562, reaching_behind,    36
vp9/run1b_2018-05-23-16-19-17.kinect_color,        5569,      5580, electronics    ,    11
vp9/run1b_2018-05-23-16-19-17.kinect_color,        5886,      5930, reaching_behind,    44
vp9/run1b_2018-05-23-16-19-17.kinect_color,        5930,      5936, reaching_behind,     6
vp9/run1b_2018-05-23-16-19-17.kinect_color,        5936,      5981, eat_drink      ,    45
vp9/run1b_2018-05-23-16-19-17.kinect_color,        5981,      6028, eat_drink      ,    47
vp9/run1b_2018-05-23-16-19-17.kinect_color,        6028,      6046, eat_drink      ,    18
vp9/run1b_2018-05-23-16-19-17.kinect_color,        6119,      6128, electronics    ,     9
vp9/run1b_2018-05-23-16-19-17.kinect_color,        6222,      6261, electronics    ,    39
vp9/run1b_2018-05-23-16-19-17.kinect_color,        6275,      6320, eat_drink      ,    45
vp9/run1b_2018-05-23-16-19-17.kinect_color,        6320,      6366, eat_drink      ,    46
vp9/run1b_2018-05-23-16-19-17.kinect_color,        6366,      6411, eat_drink      ,    45
vp9/run1b_2018-05-23-16-19-17.kinect_color,        6411,      6456, eat_drink      ,    45
vp9/run1b_2018-05-23-16-19-17.kinect_color,        6456,      6501, eat_drink      ,    45
vp9/run1b_2018-05-23-16-19-17.kinect_color,        6501,      6537, eat_drink      ,    36
vp9/run1b_2018-05-23-16-19-17.kinect_color,        6650,      6670, electronics    ,    20
vp9/run1b_2018-05-23-16-19-17.kinect_color,        6911,      6954, electronics    ,    43
vp9/run1b_2018-05-23-16-19-17.kinect_color,        7310,      7355, reaching_behind,    45
vp9/run1b_2018-05-23-16-19-17.kinect_color,        7355,      7363, reaching_behind,     8
vp9/run1b_2018-05-23-16-19-17.kinect_color,        7423,      7469, reaching_behind,    46
vp9/run1b_2018-05-23-16-19-17.kinect_color,        7469,      7516, reaching_behind,    47
vp9/run1b_2018-05-23-16-19-17.kinect_color,        7516,      7561, reaching_behind,    45
vp9/run1b_2018-05-23-16-19-17.kinect_color,        7561,      7582, reaching_behind,    21
vp9/run1b_2018-05-23-16-19-17.kinect_color,        8107,      8149, reaching_behind,    42
vp9/run1b_2018-05-23-16-19-17.kinect_color,        8331,      8338, electronics    ,     7
vp9/run1b_2018-05-23-16-19-17.kinect_color,        8427,      8463, reaching_behind,    36
vp9/run1b_2018-05-23-16-19-17.kinect_color,        8571,      8599, reaching_behind,    28
vp9/run1b_2018-05-23-16-19-17.kinect_color,        8599,      8614, reaching_behind,    15
vp9/run1b_2018-05-23-16-19-17.kinect_color,        8638,      8683, reaching_behind,    45
vp9/run1b_2018-05-23-16-19-17.kinect_color,        8683,      8724, reaching_behind,    41
vp9/run1b_2018-05-23-16-19-17.kinect_color,        8724,      8765, reaching_behind,    41
vp9/run1b_2018-05-23-16-19-17.kinect_color,        8765,      8810, eat_drink      ,    45
vp9/run1b_2018-05-23-16-19-17.kinect_color,        8810,      8856, eat_drink      ,    46
vp9/run1b_2018-05-23-16-19-17.kinect_color,        8856,      8901, eat_drink      ,    45
vp9/run1b_2018-05-23-16-19-17.kinect_color,        8901,      8945, eat_drink      ,    44
vp9/run1b_2018-05-23-16-19-17.kinect_color,        8945,      8957, eat_drink      ,    12
vp9/run1b_2018-05-23-16-19-17.kinect_color,        8957,      8984, reaching_behind,    27
vp9/run1b_2018-05-23-16-19-17.kinect_color,        9104,      9116, reaching_behind,    12
vp9/run1b_2018-05-23-16-19-17.kinect_color,        9315,      9330, electronics    ,    15
vp9/run1b_2018-05-23-16-19-17.kinect_color,        9383,      9416, reaching_behind,    33
vp9/run1b_2018-05-23-16-19-17.kinect_color,        9585,      9591, electronics    ,     6
vp9/run1b_2018-05-23-16-19-17.kinect_color,        9606,      9649, reaching_behind,    43
vp9/run1b_2018-05-23-16-19-17.kinect_color,        9649,      9693, eat_drink      ,    44
vp9/run1b_2018-05-23-16-19-17.kinect_color,        9693,      9739, eat_drink      ,    46
vp9/run1b_2018-05-23-16-19-17.kinect_color,        9739,      9756, eat_drink      ,    17
vp9/run1b_2018-05-23-16-19-17.kinect_color,        9771,      9815, eat_drink      ,    44
vp9/run1b_2018-05-23-16-19-17.kinect_color,        9815,      9861, eat_drink      ,    46
vp9/run1b_2018-05-23-16-19-17.kinect_color,        9861,      9906, eat_drink      ,    45
vp9/run1b_2018-05-23-16-19-17.kinect_color,        9906,      9953, eat_drink      ,    47
vp9/run1b_2018-05-23-16-19-17.kinect_color,        9953,      9998, eat_drink      ,    45
vp9/run1b_2018-05-23-16-19-17.kinect_color,        9998,     10009, eat_drink      ,    11
vp9/run1b_2018-05-23-16-19-17.kinect_color,       10079,     10100, reaching_behind,    21
vp9/run1b_2018-05-23-16-19-17.kinect_color,       10100,     10128, reaching_behind,    28
vp9/run1b_2018-05-23-16-19-17.kinect_color,       10782,     10820, reaching_behind,    38
vp9/run1b_2018-05-23-16-19-17.kinect_color,       10820,     10852, reaching_behind,    32
vp9/run1b_2018-05-23-16-19-17.kinect_color,       10948,     10953, electronics    ,     5
vp9/run1b_2018-05-23-16-19-17.kinect_color,       10966,     10983, reaching_behind,    17
vp9/run1b_2018-05-23-16-19-17.kinect_color,       10983,     11025, reaching_behind,    42
vp9/run1b_2018-05-23-16-19-17.kinect_color,       11025,     11071, eat_drink      ,    46
vp9/run1b_2018-05-23-16-19-17.kinect_color,       11071,     11116, eat_drink      ,    45
vp9/run1b_2018-05-23-16-19-17.kinect_color,       11116,     11134, eat_drink      ,    18
vp9/run1b_2018-05-23-16-19-17.kinect_color,       11469,     11514, eat_drink      ,    45
vp9/run1b_2018-05-23-16-19-17.kinect_color,       11514,     11557, eat_drink      ,    43
vp9/run1b_2018-05-23-16-19-17.kinect_color,       11566,     11602, reaching_behind,    36
vp9/run1b_2018-05-23-16-19-17.kinect_color,       11654,     11700, eat_drink      ,    46
vp9/run1b_2018-05-23-16-19-17.kinect_color,       11700,     11716, eat_drink      ,    16
vp9/run1b_2018-05-23-16-19-17.kinect_color,       11716,     11762, eat_drink      ,    46
vp9/run1b_2018-05-23-16-19-17.kinect_color,       11762,     11807, eat_drink      ,    45
vp9/run1b_2018-05-23-16-19-17.kinect_color,       11807,     11852, eat_drink      ,    45
vp9/run1b_2018-05-23-16-19-17.kinect_color,       11852,     11890, eat_drink      ,    38
vp9/run1b_2018-05-23-16-19-17.kinect_color,       11890,     11935, eat_drink      ,    45
vp9/run1b_2018-05-23-16-19-17.kinect_color,       11935,     11954, eat_drink      ,    19
vp9/run1b_2018-05-23-16-19-17.kinect_color,       11966,     11974, electronics    ,     8
vp9/run1b_2018-05-23-16-19-17.kinect_color,       11984,     12021, reaching_behind,    37
vp9/run1b_2018-05-23-16-19-17.kinect_color,       12030,     12040, reaching_behind,    10
vp9/run1b_2018-05-23-16-19-17.kinect_color,       12606,     12651, electronics    ,    45
vp9/run1b_2018-05-23-16-19-17.kinect_color,       12651,     12697, electronics    ,    46
vp9/run1b_2018-05-23-16-19-17.kinect_color,       12697,     12744, electronics    ,    47
vp9/run1b_2018-05-23-16-19-17.kinect_color,       12744,     12754, electronics    ,    10
vp9/run1b_2018-05-23-16-19-17.kinect_color,       12754,     12800, electronics    ,    46
vp9/run1b_2018-05-23-16-19-17.kinect_color,       12800,     12844, electronics    ,    44
vp9/run1b_2018-05-23-16-19-17.kinect_color,       12844,     12890, electronics    ,    46
vp9/run1b_2018-05-23-16-19-17.kinect_color,       12890,     12935, electronics    ,    45
vp9/run1b_2018-05-23-16-19-17.kinect_color,       12935,     12980, electronics    ,    45
vp9/run1b_2018-05-23-16-19-17.kinect_color,       12980,     13026, electronics    ,    46
vp9/run1b_2018-05-23-16-19-17.kinect_color,       13026,     13072, electronics    ,    46
vp9/run1b_2018-05-23-16-19-17.kinect_color,       13072,     13118, electronics    ,    46
vp9/run1b_2018-05-23-16-19-17.kinect_color,       13118,     13164, electronics    ,    46
vp9/run1b_2018-05-23-16-19-17.kinect_color,       13164,     13209, electronics    ,    45
vp9/run1b_2018-05-23-16-19-17.kinect_color,       13209,     13254, electronics    ,    45
vp9/run1b_2018-05-23-16-19-17.kinect_color,       13254,     13287, electronics    ,    33
vp9/run1b_2018-05-23-16-19-17.kinect_color,       13287,     13331, reaching_behind,    44
vp9/run1b_2018-05-23-16-19-17.kinect_color,       13331,     13340, reaching_behind,     9
vp9/run1b_2018-05-23-16-19-17.kinect_color,       13340,     13386, electronics    ,    46
vp9/run1b_2018-05-23-16-19-17.kinect_color,       13386,     13431, electronics    ,    45
vp9/run1b_2018-05-23-16-19-17.kinect_color,       13431,     13477, electronics    ,    46
vp9/run1b_2018-05-23-16-19-17.kinect_color,       13477,     13522, electronics    ,    45
vp9/run1b_2018-05-23-16-19-17.kinect_color,       13522,     13567, electronics    ,    45
vp9/run1b_2018-05-23-16-19-17.kinect_color,       13567,     13612, electronics    ,    45
vp9/run1b_2018-05-23-16-19-17.kinect_color,       13612,     13657, electronics    ,    45
vp9/run1b_2018-05-23-16-19-17.kinect_color,       13657,     13703, electronics    ,    46
vp9/run1b_2018-05-23-16-19-17.kinect_color,       13703,     13748, electronics    ,    45
vp9/run1b_2018-05-23-16-19-17.kinect_color,       13748,     13794, electronics    ,    46
vp9/run1b_2018-05-23-16-19-17.kinect_color,       13794,     13840, electronics    ,    46
vp9/run1b_2018-05-23-16-19-17.kinect_color,       13840,     13885, electronics    ,    45
vp9/run1b_2018-05-23-16-19-17.kinect_color,       13885,     13930, electronics    ,    45
vp9/run1b_2018-05-23-16-19-17.kinect_color,       13930,     13975, electronics    ,    45
vp9/run1b_2018-05-23-16-19-17.kinect_color,       13975,     14021, electronics    ,    46
vp9/run1b_2018-05-23-16-19-17.kinect_color,       14021,     14066, electronics    ,    45
vp9/run1b_2018-05-23-16-19-17.kinect_color,       14066,     14111, electronics    ,    45
vp9/run1b_2018-05-23-16-19-17.kinect_color,       14111,     14156, electronics    ,    45
vp9/run1b_2018-05-23-16-19-17.kinect_color,       14156,     14201, electronics    ,    45
vp9/run1b_2018-05-23-16-19-17.kinect_color,       14201,     14246, electronics    ,    45
vp9/run1b_2018-05-23-16-19-17.kinect_color,       14246,     14291, electronics    ,    45
vp9/run1b_2018-05-23-16-19-17.kinect_color,       14291,     14336, electronics    ,    45
vp9/run1b_2018-05-23-16-19-17.kinect_color,       14336,     14344, electronics    ,     8
vp9/run1b_2018-05-23-16-19-17.kinect_color,       14344,     14390, reaching_behind,    46
vp9/run1b_2018-05-23-16-19-17.kinect_color,       14390,     14400, reaching_behind,    10
vp9/run1b_2018-05-23-16-19-17.kinect_color,       14400,     14424, electronics    ,    24
vp9/run1b_2018-05-23-16-19-17.kinect_color,       14549,     14555, electronics    ,     6
vp9/run1b_2018-05-23-16-19-17.kinect_color,       14766,     14811, reaching_behind,    45
vp9/run1b_2018-05-23-16-19-17.kinect_color,       14811,     14824, reaching_behind,    13
vp9/run1b_2018-05-23-16-19-17.kinect_color,       15211,     15226, electronics    ,    15
vp10/run1_2018-05-24-13-14-41.kinect_color,        1163,      1183, electronics    ,    20
vp10/run1_2018-05-24-13-14-41.kinect_color,        4150,      4156, electronics    ,     6
vp10/run1_2018-05-24-13-14-41.kinect_color,        4480,      4524, reaching_behind,    44
vp10/run1_2018-05-24-13-14-41.kinect_color,        4524,      4534, reaching_behind,    10
vp10/run1_2018-05-24-13-14-41.kinect_color,        4534,      4579, eat_drink      ,    45
vp10/run1_2018-05-24-13-14-41.kinect_color,        4579,      4606, eat_drink      ,    27
vp10/run1_2018-05-24-13-14-41.kinect_color,        4608,      4654, eat_drink      ,    46
vp10/run1_2018-05-24-13-14-41.kinect_color,        4654,      4699, eat_drink      ,    45
vp10/run1_2018-05-24-13-14-41.kinect_color,        4699,      4702, eat_drink      ,     3
vp10/run1_2018-05-24-13-14-41.kinect_color,        4702,      4716, reaching_behind,    14
vp10/run1_2018-05-24-13-14-41.kinect_color,        4716,      4758, reaching_behind,    42
vp10/run1_2018-05-24-13-14-41.kinect_color,        4760,      4806, eat_drink      ,    46
vp10/run1_2018-05-24-13-14-41.kinect_color,        4806,      4850, eat_drink      ,    44
vp10/run1_2018-05-24-13-14-41.kinect_color,        4850,      4896, eat_drink      ,    46
vp10/run1_2018-05-24-13-14-41.kinect_color,        4896,      4941, eat_drink      ,    45
vp10/run1_2018-05-24-13-14-41.kinect_color,        4941,      4986, eat_drink      ,    45
vp10/run1_2018-05-24-13-14-41.kinect_color,        4986,      5020, reaching_behind,    34
vp10/run1_2018-05-24-13-14-41.kinect_color,        5447,      5450, electronics    ,     3
vp10/run1_2018-05-24-13-14-41.kinect_color,        5469,      5503, reaching_behind,    34
vp10/run1_2018-05-24-13-14-41.kinect_color,        5503,      5529, eat_drink      ,    26
vp10/run1_2018-05-24-13-14-41.kinect_color,        5529,      5574, reaching_behind,    45
vp10/run1_2018-05-24-13-14-41.kinect_color,        5574,      5580, reaching_behind,     6
vp10/run1_2018-05-24-13-14-41.kinect_color,        5775,      5779, electronics    ,     4
vp10/run1_2018-05-24-13-14-41.kinect_color,        5826,      5830, electronics    ,     4
vp10/run1_2018-05-24-13-14-41.kinect_color,        5901,      5941, reaching_behind,    40
vp10/run1_2018-05-24-13-14-41.kinect_color,        5941,      5988, eat_drink      ,    47
vp10/run1_2018-05-24-13-14-41.kinect_color,        5988,      5996, eat_drink      ,     8
vp10/run1_2018-05-24-13-14-41.kinect_color,        5996,      6035, eat_drink      ,    39
vp10/run1_2018-05-24-13-14-41.kinect_color,        6035,      6081, eat_drink      ,    46
vp10/run1_2018-05-24-13-14-41.kinect_color,        6081,      6085, eat_drink      ,     4
vp10/run1_2018-05-24-13-14-41.kinect_color,        6085,      6099, reaching_behind,    14
vp10/run1_2018-05-24-13-14-41.kinect_color,        6099,      6132, reaching_behind,    33
vp10/run1_2018-05-24-13-14-41.kinect_color,        6132,      6177, eat_drink      ,    45
vp10/run1_2018-05-24-13-14-41.kinect_color,        6177,      6223, eat_drink      ,    46
vp10/run1_2018-05-24-13-14-41.kinect_color,        6223,      6243, eat_drink      ,    20
vp10/run1_2018-05-24-13-14-41.kinect_color,        6243,      6282, reaching_behind,    39
vp10/run1_2018-05-24-13-14-41.kinect_color,        6294,      6336, reaching_behind,    42
vp10/run1_2018-05-24-13-14-41.kinect_color,        7359,      7372, reaching_behind,    13
vp10/run1_2018-05-24-13-14-41.kinect_color,        7372,      7413, reaching_behind,    41
vp10/run1_2018-05-24-13-14-41.kinect_color,        7530,      7546, reaching_behind,    16
vp10/run1_2018-05-24-13-14-41.kinect_color,        7546,      7571, reaching_behind,    25
vp10/run1_2018-05-24-13-14-41.kinect_color,        7571,      7605, reaching_behind,    34
vp10/run1_2018-05-24-13-14-41.kinect_color,        7620,      7627, electronics    ,     7
vp10/run1_2018-05-24-13-14-41.kinect_color,        7663,      7686, reaching_behind,    23
vp10/run1_2018-05-24-13-14-41.kinect_color,        7686,      7724, eat_drink      ,    38
vp10/run1_2018-05-24-13-14-41.kinect_color,        7724,      7767, eat_drink      ,    43
vp10/run1_2018-05-24-13-14-41.kinect_color,        7767,      7813, eat_drink      ,    46
vp10/run1_2018-05-24-13-14-41.kinect_color,        7813,      7816, eat_drink      ,     3
vp10/run1_2018-05-24-13-14-41.kinect_color,        7816,      7843, reaching_behind,    27
vp10/run1_2018-05-24-13-14-41.kinect_color,        8834,      8854, reaching_behind,    20
vp10/run1_2018-05-24-13-14-41.kinect_color,        8866,      8873, electronics    ,     7
vp10/run1_2018-05-24-13-14-41.kinect_color,        9382,      9416, reaching_behind,    34
vp10/run1_2018-05-24-13-14-41.kinect_color,       10234,     10279, reaching_behind,    45
vp10/run1_2018-05-24-13-14-41.kinect_color,       10279,     10292, reaching_behind,    13
vp10/run1_2018-05-24-13-14-41.kinect_color,       10292,     10337, electronics    ,    45
vp10/run1_2018-05-24-13-14-41.kinect_color,       10337,     10383, electronics    ,    46
vp10/run1_2018-05-24-13-14-41.kinect_color,       10383,     10428, electronics    ,    45
vp10/run1_2018-05-24-13-14-41.kinect_color,       10428,     10474, electronics    ,    46
vp10/run1_2018-05-24-13-14-41.kinect_color,       10474,     10519, electronics    ,    45
vp10/run1_2018-05-24-13-14-41.kinect_color,       10519,     10564, electronics    ,    45
vp10/run1_2018-05-24-13-14-41.kinect_color,       10564,     10609, electronics    ,    45
vp10/run1_2018-05-24-13-14-41.kinect_color,       10609,     10654, electronics    ,    45
vp10/run1_2018-05-24-13-14-41.kinect_color,       10654,     10699, electronics    ,    45
vp10/run1_2018-05-24-13-14-41.kinect_color,       10699,     10745, electronics    ,    46
vp10/run1_2018-05-24-13-14-41.kinect_color,       10745,     10790, electronics    ,    45
vp10/run1_2018-05-24-13-14-41.kinect_color,       10790,     10818, electronics    ,    28
vp10/run1_2018-05-24-13-14-41.kinect_color,       10818,     10863, reaching_behind,    45
vp10/run1_2018-05-24-13-14-41.kinect_color,       10863,     10889, reaching_behind,    26
vp10/run1_2018-05-24-13-14-41.kinect_color,       11751,     11796, electronics    ,    45
vp10/run1_2018-05-24-13-14-41.kinect_color,       11796,     11810, electronics    ,    14
vp10/run1_2018-05-24-13-14-41.kinect_color,       11810,     11856, electronics    ,    46
vp10/run1_2018-05-24-13-14-41.kinect_color,       11856,     11901, electronics    ,    45
vp10/run1_2018-05-24-13-14-41.kinect_color,       11901,     11946, electronics    ,    45
vp10/run1_2018-05-24-13-14-41.kinect_color,       11946,     11992, electronics    ,    46
vp10/run1_2018-05-24-13-14-41.kinect_color,       11992,     12037, electronics    ,    45
vp10/run1_2018-05-24-13-14-41.kinect_color,       12037,     12083, electronics    ,    46
vp10/run1_2018-05-24-13-14-41.kinect_color,       12083,     12128, electronics    ,    45
vp10/run1_2018-05-24-13-14-41.kinect_color,       12128,     12139, electronics    ,    11
vp10/run1_2018-05-24-13-14-41.kinect_color,       12139,     12184, reaching_behind,    45
vp10/run1_2018-05-24-13-14-41.kinect_color,       12184,     12224, reaching_behind,    40
vp10/run1_2018-05-24-13-14-41.kinect_color,       12263,     12305, reaching_behind,    42
vp10/run1_2018-05-24-13-14-41.kinect_color,       12305,     12350, electronics    ,    45
vp10/run1_2018-05-24-13-14-41.kinect_color,       12350,     12396, electronics    ,    46
vp10/run1_2018-05-24-13-14-41.kinect_color,       12396,     12441, electronics    ,    45
vp10/run1_2018-05-24-13-14-41.kinect_color,       12441,     12487, electronics    ,    46
vp10/run1_2018-05-24-13-14-41.kinect_color,       12487,     12532, electronics    ,    45
vp10/run1_2018-05-24-13-14-41.kinect_color,       12532,     12577, electronics    ,    45
vp10/run1_2018-05-24-13-14-41.kinect_color,       12577,     12622, electronics    ,    45
vp10/run1_2018-05-24-13-14-41.kinect_color,       12622,     12667, electronics    ,    45
vp10/run1_2018-05-24-13-14-41.kinect_color,       12667,     12713, electronics    ,    46
vp10/run1_2018-05-24-13-14-41.kinect_color,       12713,     12758, electronics    ,    45
vp10/run1_2018-05-24-13-14-41.kinect_color,       12758,     12803, electronics    ,    45
vp10/run1_2018-05-24-13-14-41.kinect_color,       12803,     12848, electronics    ,    45
vp10/run1_2018-05-24-13-14-41.kinect_color,       12848,     12893, electronics    ,    45
vp10/run1_2018-05-24-13-14-41.kinect_color,       12893,     12917, electronics    ,    24
vp10/run1_2018-05-24-13-14-41.kinect_color,       12917,     12938, reaching_behind,    21
vp10/run1_2018-05-24-13-14-41.kinect_color,       12957,     13002, electronics    ,    45
vp10/run1_2018-05-24-13-14-41.kinect_color,       13002,     13047, electronics    ,    45
vp10/run1_2018-05-24-13-14-41.kinect_color,       13047,     13092, electronics    ,    45
vp10/run1_2018-05-24-13-14-41.kinect_color,       13092,     13138, electronics    ,    46
vp10/run1_2018-05-24-13-14-41.kinect_color,       13138,     13180, electronics    ,    42
vp10/run1_2018-05-24-13-14-41.kinect_color,       13180,     13200, electronics    ,    20
vp10/run1_2018-05-24-13-14-41.kinect_color,       13200,     13245, reaching_behind,    45
vp10/run1_2018-05-24-13-14-41.kinect_color,       13245,     13286, reaching_behind,    41
vp10/run1_2018-05-24-13-14-41.kinect_color,       13817,     13859, reaching_behind,    42
vp10/run1_2018-05-24-13-14-41.kinect_color,       13899,     13901, electronics    ,     2
vp10/run1_2018-05-24-13-14-41.kinect_color,       14439,     14445, electronics    ,     6
vp10/run1_2018-05-24-13-14-41.kinect_color,       14490,     14536, reaching_behind,    46
vp10/run1_2018-05-24-13-14-41.kinect_color,       14536,     14571, reaching_behind,    35
vp10/run1_2018-05-24-13-14-41.kinect_color,       14571,     14616, eat_drink      ,    45
vp10/run1_2018-05-24-13-14-41.kinect_color,       14616,     14662, eat_drink      ,    46
vp10/run1_2018-05-24-13-14-41.kinect_color,       14662,     14708, eat_drink      ,    46
vp10/run1_2018-05-24-13-14-41.kinect_color,       14708,     14752, eat_drink      ,    44
vp10/run1_2018-05-24-13-14-41.kinect_color,       14752,     14798, eat_drink      ,    46
vp10/run1_2018-05-24-13-14-41.kinect_color,       14798,     14843, eat_drink      ,    45
vp10/run1_2018-05-24-13-14-41.kinect_color,       14843,     14889, eat_drink      ,    46
vp10/run1_2018-05-24-13-14-41.kinect_color,       14889,     14934, eat_drink      ,    45
vp10/run1_2018-05-24-13-14-41.kinect_color,       14934,     14980, eat_drink      ,    46
vp10/run1_2018-05-24-13-14-41.kinect_color,       14980,     15025, eat_drink      ,    45
vp10/run1_2018-05-24-13-14-41.kinect_color,       15025,     15071, eat_drink      ,    46
vp10/run1_2018-05-24-13-14-41.kinect_color,       15071,     15115, eat_drink      ,    44
vp10/run1_2018-05-24-13-14-41.kinect_color,       15115,     15161, eat_drink      ,    46
vp10/run1_2018-05-24-13-14-41.kinect_color,       15161,     15209, eat_drink      ,    48
vp10/run1_2018-05-24-13-14-41.kinect_color,       15209,     15253, eat_drink      ,    44
vp10/run1_2018-05-24-13-14-41.kinect_color,       15253,     15298, eat_drink      ,    45
vp10/run1_2018-05-24-13-14-41.kinect_color,       15298,     15344, eat_drink      ,    46
vp10/run1_2018-05-24-13-14-41.kinect_color,       15344,     15389, eat_drink      ,    45
vp10/run1_2018-05-24-13-14-41.kinect_color,       15389,     15435, eat_drink      ,    46
vp10/run1_2018-05-24-13-14-41.kinect_color,       15435,     15480, eat_drink      ,    45
vp10/run1_2018-05-24-13-14-41.kinect_color,       15480,     15524, eat_drink      ,    44
vp10/run1_2018-05-24-13-14-41.kinect_color,       15524,     15570, eat_drink      ,    46
vp10/run1_2018-05-24-13-14-41.kinect_color,       15570,     15615, eat_drink      ,    45
vp10/run1_2018-05-24-13-14-41.kinect_color,       15615,     15660, eat_drink      ,    45
vp10/run1_2018-05-24-13-14-41.kinect_color,       15660,     15706, eat_drink      ,    46
vp10/run1_2018-05-24-13-14-41.kinect_color,       15706,     15750, eat_drink      ,    44
vp10/run1_2018-05-24-13-14-41.kinect_color,       15750,     15795, eat_drink      ,    45
vp10/run1_2018-05-24-13-14-41.kinect_color,       15795,     15841, eat_drink      ,    46
vp10/run1_2018-05-24-13-14-41.kinect_color,       15841,     15844, eat_drink      ,     3
vp10/run1_2018-05-24-13-14-41.kinect_color,       15844,     15875, reaching_behind,    31
vp10/run1_2018-05-24-13-14-41.kinect_color,       15875,     15921, eat_drink      ,    46
vp10/run1_2018-05-24-13-14-41.kinect_color,       15921,     15967, eat_drink      ,    46
vp10/run1_2018-05-24-13-14-41.kinect_color,       15967,     16012, eat_drink      ,    45
vp10/run1_2018-05-24-13-14-41.kinect_color,       16012,     16057, eat_drink      ,    45
vp10/run1_2018-05-24-13-14-41.kinect_color,       16057,     16102, eat_drink      ,    45
vp10/run1_2018-05-24-13-14-41.kinect_color,       16102,     16147, eat_drink      ,    45
vp10/run1_2018-05-24-13-14-41.kinect_color,       16147,     16192, eat_drink      ,    45
vp10/run1_2018-05-24-13-14-41.kinect_color,       16192,     16239, eat_drink      ,    47
vp10/run1_2018-05-24-13-14-41.kinect_color,       16239,     16283, eat_drink      ,    44
vp10/run1_2018-05-24-13-14-41.kinect_color,       16283,     16329, eat_drink      ,    46
vp10/run1_2018-05-24-13-14-41.kinect_color,       16329,     16373, eat_drink      ,    44
vp10/run1_2018-05-24-13-14-41.kinect_color,       16373,     16399, eat_drink      ,    26
vp10/run1_2018-05-24-13-14-41.kinect_color,       17050,     17057, electronics    ,     7
vp10/run1_2018-05-24-13-14-41.kinect_color,       17067,     17112, reaching_behind,    45
vp10/run1_2018-05-24-13-14-41.kinect_color,       17112,     17115, reaching_behind,     3
vp10/run1_2018-05-24-13-14-41.kinect_color,       17115,     17160, eat_drink      ,    45
vp10/run1_2018-05-24-13-14-41.kinect_color,       17160,     17206, eat_drink      ,    46
vp10/run1_2018-05-24-13-14-41.kinect_color,       17206,     17212, eat_drink      ,     6
vp10/run1_2018-05-24-13-14-41.kinect_color,       17212,     17257, reaching_behind,    45
vp10/run1_2018-05-24-13-14-41.kinect_color,       17257,     17302, reaching_behind,    45
vp10/run1_2018-05-24-13-14-41.kinect_color,       17302,     17317, reaching_behind,    15
vp10/run1_2018-05-24-13-14-41.kinect_color,       18389,     18395, electronics    ,     6
vp10/run1_2018-05-24-13-14-41.kinect_color,       18433,     18478, reaching_behind,    45
vp10/run1_2018-05-24-13-14-41.kinect_color,       18478,     18484, reaching_behind,     6
vp10/run1_2018-05-24-13-14-41.kinect_color,       18484,     18527, eat_drink      ,    43
vp10/run1_2018-05-24-13-14-41.kinect_color,       18528,     18573, eat_drink      ,    45
vp10/run1_2018-05-24-13-14-41.kinect_color,       18573,     18619, eat_drink      ,    46
vp10/run1_2018-05-24-13-14-41.kinect_color,       18619,     18626, eat_drink      ,     7
vp10/run1_2018-05-24-13-14-41.kinect_color,       18626,     18668, reaching_behind,    42
vp10/run1_2018-05-24-13-14-41.kinect_color,       18668,     18713, reaching_behind,    45
vp10/run1_2018-05-24-13-14-41.kinect_color,       18713,     18724, reaching_behind,    11
vp10/run1_2018-05-24-13-14-41.kinect_color,       19561,     19586, reaching_behind,    25
vp10/run1_2018-05-24-13-14-41.kinect_color,       19586,     19631, reaching_behind,    45
vp10/run1_2018-05-24-13-14-41.kinect_color,       19631,     19676, reaching_behind,    45
vp10/run1_2018-05-24-13-14-41.kinect_color,       19676,     19708, reaching_behind,    32
vp10/run1_2018-05-24-13-14-41.kinect_color,       19876,     19902, reaching_behind,    26
vp10/run1_2018-05-24-13-14-41.kinect_color,       20733,     20780, electronics    ,    47
vp10/run1_2018-05-24-13-14-41.kinect_color,       20780,     20814, electronics    ,    34
vp10/run1_2018-05-24-13-14-41.kinect_color,       20847,     20851, electronics    ,     4
vp10/run1_2018-05-24-13-14-41.kinect_color,       20913,     20958, reaching_behind,    45
vp10/run1_2018-05-24-13-14-41.kinect_color,       20958,     21003, reaching_behind,    45
vp10/run1_2018-05-24-13-14-41.kinect_color,       21003,     21030, reaching_behind,    27
vp10/run2_2018-05-24-14-08-46.kinect_color,         392,       405, electronics    ,    13
vp10/run2_2018-05-24-14-08-46.kinect_color,        3290,      3300, electronics    ,    10
vp10/run2_2018-05-24-14-08-46.kinect_color,        3400,      3445, reaching_behind,    45
vp10/run2_2018-05-24-14-08-46.kinect_color,        3445,      3468, reaching_behind,    23
vp10/run2_2018-05-24-14-08-46.kinect_color,        3476,      3506, reaching_behind,    30
vp10/run2_2018-05-24-14-08-46.kinect_color,        4502,      4546, reaching_behind,    44
vp10/run2_2018-05-24-14-08-46.kinect_color,        4546,      4565, electronics    ,    19
vp10/run2_2018-05-24-14-08-46.kinect_color,        4565,      4610, electronics    ,    45
vp10/run2_2018-05-24-14-08-46.kinect_color,        4610,      4655, electronics    ,    45
vp10/run2_2018-05-24-14-08-46.kinect_color,        4655,      4700, electronics    ,    45
vp10/run2_2018-05-24-14-08-46.kinect_color,        4700,      4708, electronics    ,     8
vp10/run2_2018-05-24-14-08-46.kinect_color,        4708,      4754, electronics    ,    46
vp10/run2_2018-05-24-14-08-46.kinect_color,        4754,      4799, electronics    ,    45
vp10/run2_2018-05-24-14-08-46.kinect_color,        4799,      4845, electronics    ,    46
vp10/run2_2018-05-24-14-08-46.kinect_color,        4845,      4890, electronics    ,    45
vp10/run2_2018-05-24-14-08-46.kinect_color,        4890,      4937, electronics    ,    47
vp10/run2_2018-05-24-14-08-46.kinect_color,        4937,      4982, electronics    ,    45
vp10/run2_2018-05-24-14-08-46.kinect_color,        4982,      5003, electronics    ,    21
vp10/run2_2018-05-24-14-08-46.kinect_color,        5003,      5049, electronics    ,    46
vp10/run2_2018-05-24-14-08-46.kinect_color,        5049,      5094, electronics    ,    45
vp10/run2_2018-05-24-14-08-46.kinect_color,        5094,      5139, electronics    ,    45
vp10/run2_2018-05-24-14-08-46.kinect_color,        5139,      5185, electronics    ,    46
vp10/run2_2018-05-24-14-08-46.kinect_color,        5185,      5230, electronics    ,    45
vp10/run2_2018-05-24-14-08-46.kinect_color,        5230,      5275, electronics    ,    45
vp10/run2_2018-05-24-14-08-46.kinect_color,        5275,      5320, electronics    ,    45
vp10/run2_2018-05-24-14-08-46.kinect_color,        5320,      5366, electronics    ,    46
vp10/run2_2018-05-24-14-08-46.kinect_color,        5366,      5412, electronics    ,    46
vp10/run2_2018-05-24-14-08-46.kinect_color,        5412,      5458, electronics    ,    46
vp10/run2_2018-05-24-14-08-46.kinect_color,        5458,      5465, electronics    ,     7
vp10/run2_2018-05-24-14-08-46.kinect_color,        5465,      5491, reaching_behind,    26
vp10/run2_2018-05-24-14-08-46.kinect_color,        6049,      6086, electronics    ,    37
vp10/run2_2018-05-24-14-08-46.kinect_color,        6214,      6248, reaching_behind,    34
vp10/run2_2018-05-24-14-08-46.kinect_color,        6286,      6324, reaching_behind,    38
vp10/run2_2018-05-24-14-08-46.kinect_color,        8431,      8436, electronics    ,     5
vp10/run2_2018-05-24-14-08-46.kinect_color,       10398,     10444, electronics    ,    46
vp10/run2_2018-05-24-14-08-46.kinect_color,       10444,     10448, electronics    ,     4
vp10/run2_2018-05-24-14-08-46.kinect_color,       11276,     11289, reaching_behind,    13
vp10/run2_2018-05-24-14-08-46.kinect_color,       11324,     11343, reaching_behind,    19
vp10/run2_2018-05-24-14-08-46.kinect_color,       11395,     11404, electronics    ,     9
vp10/run2_2018-05-24-14-08-46.kinect_color,       11517,     11544, reaching_behind,    27
vp10/run2_2018-05-24-14-08-46.kinect_color,       11853,     11899, reaching_behind,    46
vp10/run2_2018-05-24-14-08-46.kinect_color,       11899,     11923, reaching_behind,    24
vp10/run2_2018-05-24-14-08-46.kinect_color,       12946,     12969, reaching_behind,    23
vp10/run2_2018-05-24-14-08-46.kinect_color,       13023,     13025, electronics    ,     2
vp10/run2_2018-05-24-14-08-46.kinect_color,       13567,     13612, reaching_behind,    45
vp10/run2_2018-05-24-14-08-46.kinect_color,       13612,     13622, reaching_behind,    10
vp10/run2_2018-05-24-14-08-46.kinect_color,       13936,     13979, reaching_behind,    43
vp10/run2_2018-05-24-14-08-46.kinect_color,       14288,     14317, reaching_behind,    29
vp10/run2_2018-05-24-14-08-46.kinect_color,       14317,     14360, reaching_behind,    43
vp10/run2_2018-05-24-14-08-46.kinect_color,       14369,     14379, electronics    ,    10
vp10/run2_2018-05-24-14-08-46.kinect_color,       14542,     14567, reaching_behind,    25
vp10/run2_2018-05-24-14-08-46.kinect_color,       15129,     15165, reaching_behind,    36
vp10/run2_2018-05-24-14-08-46.kinect_color,       15407,     15443, reaching_behind,    36
vp10/run2_2018-05-24-14-08-46.kinect_color,       15941,     15976, reaching_behind,    35
vp10/run2_2018-05-24-14-08-46.kinect_color,       16048,     16076, reaching_behind,    28
vp10/run2_2018-05-24-14-08-46.kinect_color,       16089,     16092, electronics    ,     3
vp10/run2_2018-05-24-14-08-46.kinect_color,       16161,     16206, reaching_behind,    45
vp10/run2_2018-05-24-14-08-46.kinect_color,       16206,     16221, reaching_behind,    15
vp10/run2_2018-05-24-14-08-46.kinect_color,       16322,     16359, reaching_behind,    37
vp10/run2_2018-05-24-14-08-46.kinect_color,       16359,     16404, reaching_behind,    45
vp10/run2_2018-05-24-14-08-46.kinect_color,       16404,     16449, reaching_behind,    45
vp10/run2_2018-05-24-14-08-46.kinect_color,       16449,     16483, reaching_behind,    34
vp10/run2_2018-05-24-14-08-46.kinect_color,       16483,     16529, eat_drink      ,    46
vp10/run2_2018-05-24-14-08-46.kinect_color,       16529,     16574, eat_drink      ,    45
vp10/run2_2018-05-24-14-08-46.kinect_color,       16574,     16588, eat_drink      ,    14
vp10/run2_2018-05-24-14-08-46.kinect_color,       16690,     16735, eat_drink      ,    45
vp10/run2_2018-05-24-14-08-46.kinect_color,       16735,     16767, eat_drink      ,    32
vp10/run2_2018-05-24-14-08-46.kinect_color,       16768,     16814, eat_drink      ,    46
vp10/run2_2018-05-24-14-08-46.kinect_color,       16814,     16859, eat_drink      ,    45
vp10/run2_2018-05-24-14-08-46.kinect_color,       16859,     16892, reaching_behind,    33
vp10/run2_2018-05-24-14-08-46.kinect_color,       16961,     16980, reaching_behind,    19
vp10/run2_2018-05-24-14-08-46.kinect_color,       16980,     17020, eat_drink      ,    40
vp10/run2_2018-05-24-14-08-46.kinect_color,       17064,     17109, eat_drink      ,    45
vp10/run2_2018-05-24-14-08-46.kinect_color,       17109,     17122, eat_drink      ,    13
vp10/run2_2018-05-24-14-08-46.kinect_color,       17138,     17183, eat_drink      ,    45
vp10/run2_2018-05-24-14-08-46.kinect_color,       17183,     17228, eat_drink      ,    45
vp10/run2_2018-05-24-14-08-46.kinect_color,       17228,     17259, eat_drink      ,    31
vp10/run2_2018-05-24-14-08-46.kinect_color,       17259,     17282, reaching_behind,    23
vp10/run2_2018-05-24-14-08-46.kinect_color,       17551,     17582, reaching_behind,    31
vp10/run2_2018-05-24-14-08-46.kinect_color,       17582,     17628, eat_drink      ,    46
vp10/run2_2018-05-24-14-08-46.kinect_color,       17628,     17653, eat_drink      ,    25
vp10/run2_2018-05-24-14-08-46.kinect_color,       17653,     17698, eat_drink      ,    45
vp10/run2_2018-05-24-14-08-46.kinect_color,       17698,     17708, eat_drink      ,    10
vp10/run2_2018-05-24-14-08-46.kinect_color,       17708,     17740, reaching_behind,    32
vp10/run2_2018-05-24-14-08-46.kinect_color,       17749,     17751, electronics    ,     2
vp10/run2_2018-05-24-14-08-46.kinect_color,       18297,     18342, reaching_behind,    45
vp10/run2_2018-05-24-14-08-46.kinect_color,       18342,     18352, reaching_behind,    10
vp10/run2_2018-05-24-14-08-46.kinect_color,       18602,     18648, electronics    ,    46
vp10/run2_2018-05-24-14-08-46.kinect_color,       18648,     18655, electronics    ,     7
vp10/run2_2018-05-24-14-08-46.kinect_color,       18655,     18701, electronics    ,    46
vp10/run2_2018-05-24-14-08-46.kinect_color,       18701,     18746, electronics    ,    45
vp10/run2_2018-05-24-14-08-46.kinect_color,       18746,     18792, electronics    ,    46
vp10/run2_2018-05-24-14-08-46.kinect_color,       18792,     18838, electronics    ,    46
vp10/run2_2018-05-24-14-08-46.kinect_color,       18838,     18884, electronics    ,    46
vp10/run2_2018-05-24-14-08-46.kinect_color,       18884,     18929, electronics    ,    45
vp10/run2_2018-05-24-14-08-46.kinect_color,       18929,     18974, electronics    ,    45
vp10/run2_2018-05-24-14-08-46.kinect_color,       18974,     19019, electronics    ,    45
vp10/run2_2018-05-24-14-08-46.kinect_color,       19019,     19022, electronics    ,     3
vp10/run2_2018-05-24-14-08-46.kinect_color,       19022,     19062, reaching_behind,    40
vp10/run2_2018-05-24-14-08-46.kinect_color,       19062,     19109, electronics    ,    47
vp10/run2_2018-05-24-14-08-46.kinect_color,       19109,     19131, electronics    ,    22
vp10/run2_2018-05-24-14-08-46.kinect_color,       19131,     19164, electronics    ,    33
vp10/run2_2018-05-24-14-08-46.kinect_color,       19230,     19276, electronics    ,    46
vp10/run2_2018-05-24-14-08-46.kinect_color,       19276,     19322, electronics    ,    46
vp10/run2_2018-05-24-14-08-46.kinect_color,       19322,     19367, electronics    ,    45
vp10/run2_2018-05-24-14-08-46.kinect_color,       19367,     19412, electronics    ,    45
vp10/run2_2018-05-24-14-08-46.kinect_color,       19412,     19457, electronics    ,    45
vp10/run2_2018-05-24-14-08-46.kinect_color,       19457,     19502, electronics    ,    45
vp10/run2_2018-05-24-14-08-46.kinect_color,       19502,     19547, electronics    ,    45
vp10/run2_2018-05-24-14-08-46.kinect_color,       19547,     19592, electronics    ,    45
vp10/run2_2018-05-24-14-08-46.kinect_color,       19592,     19637, electronics    ,    45
vp10/run2_2018-05-24-14-08-46.kinect_color,       19637,     19684, electronics    ,    47
vp10/run2_2018-05-24-14-08-46.kinect_color,       19684,     19729, electronics    ,    45
vp10/run2_2018-05-24-14-08-46.kinect_color,       19729,     19775, electronics    ,    46
vp10/run2_2018-05-24-14-08-46.kinect_color,       19775,     19820, electronics    ,    45
vp10/run2_2018-05-24-14-08-46.kinect_color,       19820,     19867, electronics    ,    47
vp10/run2_2018-05-24-14-08-46.kinect_color,       19867,     19913, electronics    ,    46
vp10/run2_2018-05-24-14-08-46.kinect_color,       19913,     19959, electronics    ,    46
vp10/run2_2018-05-24-14-08-46.kinect_color,       19959,     20002, electronics    ,    43
vp10/run2_2018-05-24-14-08-46.kinect_color,       20002,     20030, reaching_behind,    28
vp10/run2_2018-05-24-14-08-46.kinect_color,       20039,     20047, electronics    ,     8
vp10/run2_2018-05-24-14-08-46.kinect_color,       20425,     20436, electronics    ,    11
vp10/run2_2018-05-24-14-08-46.kinect_color,       20569,     20600, reaching_behind,    31
vp10/run2_2018-05-24-14-08-46.kinect_color,       20600,     20619, reaching_behind,    19
vp10/run2_2018-05-24-14-08-46.kinect_color,       20619,     20653, reaching_behind,    34
vp10/run2_2018-05-24-14-08-46.kinect_color,       20654,     20699, reaching_behind,    45
vp11/run1_2018-05-24-13-44-01.kinect_color,         303,       325, electronics    ,    22
vp11/run1_2018-05-24-13-44-01.kinect_color,        3177,      3179, electronics    ,     2
vp11/run1_2018-05-24-13-44-01.kinect_color,        3373,      3417, reaching_behind,    44
vp11/run1_2018-05-24-13-44-01.kinect_color,        4974,      5006, reaching_behind,    32
vp11/run1_2018-05-24-13-44-01.kinect_color,        5006,      5052, reaching_behind,    46
vp11/run1_2018-05-24-13-44-01.kinect_color,        5052,      5059, reaching_behind,     7
vp11/run1_2018-05-24-13-44-01.kinect_color,        5218,      5237, reaching_behind,    19
vp11/run1_2018-05-24-13-44-01.kinect_color,        5243,      5252, electronics    ,     9
vp11/run1_2018-05-24-13-44-01.kinect_color,        5754,      5786, reaching_behind,    32
vp11/run1_2018-05-24-13-44-01.kinect_color,        5989,      5993, electronics    ,     4
vp11/run1_2018-05-24-13-44-01.kinect_color,        6579,      6624, reaching_behind,    45
vp11/run1_2018-05-24-13-44-01.kinect_color,        6624,      6632, reaching_behind,     8
vp11/run1_2018-05-24-13-44-01.kinect_color,        6649,      6665, electronics    ,    16
vp11/run1_2018-05-24-13-44-01.kinect_color,        7189,      7198, electronics    ,     9
vp11/run1_2018-05-24-13-44-01.kinect_color,        8059,      8104, reaching_behind,    45
vp11/run1_2018-05-24-13-44-01.kinect_color,        8104,      8109, reaching_behind,     5
vp11/run1_2018-05-24-13-44-01.kinect_color,        8109,      8154, electronics    ,    45
vp11/run1_2018-05-24-13-44-01.kinect_color,        8154,      8199, electronics    ,    45
vp11/run1_2018-05-24-13-44-01.kinect_color,        8199,      8244, electronics    ,    45
vp11/run1_2018-05-24-13-44-01.kinect_color,        8244,      8290, electronics    ,    46
vp11/run1_2018-05-24-13-44-01.kinect_color,        8290,      8335, electronics    ,    45
vp11/run1_2018-05-24-13-44-01.kinect_color,        8335,      8381, electronics    ,    46
vp11/run1_2018-05-24-13-44-01.kinect_color,        8381,      8426, electronics    ,    45
vp11/run1_2018-05-24-13-44-01.kinect_color,        8426,      8471, electronics    ,    45
vp11/run1_2018-05-24-13-44-01.kinect_color,        8471,      8491, electronics    ,    20
vp11/run1_2018-05-24-13-44-01.kinect_color,        8491,      8536, electronics    ,    45
vp11/run1_2018-05-24-13-44-01.kinect_color,        8536,      8581, electronics    ,    45
vp11/run1_2018-05-24-13-44-01.kinect_color,        8581,      8626, electronics    ,    45
vp11/run1_2018-05-24-13-44-01.kinect_color,        8626,      8671, electronics    ,    45
vp11/run1_2018-05-24-13-44-01.kinect_color,        8671,      8716, electronics    ,    45
vp11/run1_2018-05-24-13-44-01.kinect_color,        8716,      8762, electronics    ,    46
vp11/run1_2018-05-24-13-44-01.kinect_color,        8762,      8808, electronics    ,    46
vp11/run1_2018-05-24-13-44-01.kinect_color,        8808,      8853, electronics    ,    45
vp11/run1_2018-05-24-13-44-01.kinect_color,        8853,      8898, electronics    ,    45
vp11/run1_2018-05-24-13-44-01.kinect_color,        8898,      8944, electronics    ,    46
vp11/run1_2018-05-24-13-44-01.kinect_color,        8944,      8989, electronics    ,    45
vp11/run1_2018-05-24-13-44-01.kinect_color,        8989,      9034, electronics    ,    45
vp11/run1_2018-05-24-13-44-01.kinect_color,        9034,      9079, electronics    ,    45
vp11/run1_2018-05-24-13-44-01.kinect_color,        9079,      9124, electronics    ,    45
vp11/run1_2018-05-24-13-44-01.kinect_color,        9124,      9171, electronics    ,    47
vp11/run1_2018-05-24-13-44-01.kinect_color,        9171,      9215, electronics    ,    44
vp11/run1_2018-05-24-13-44-01.kinect_color,        9215,      9261, electronics    ,    46
vp11/run1_2018-05-24-13-44-01.kinect_color,        9261,      9305, electronics    ,    44
vp11/run1_2018-05-24-13-44-01.kinect_color,        9333,      9343, electronics    ,    10
vp11/run1_2018-05-24-13-44-01.kinect_color,        9343,      9387, reaching_behind,    44
vp11/run1_2018-05-24-13-44-01.kinect_color,        9411,      9450, electronics    ,    39
vp11/run1_2018-05-24-13-44-01.kinect_color,       10030,     10076, reaching_behind,    46
vp11/run1_2018-05-24-13-44-01.kinect_color,       10076,     10082, reaching_behind,     6
vp11/run1_2018-05-24-13-44-01.kinect_color,       10082,     10127, eat_drink      ,    45
vp11/run1_2018-05-24-13-44-01.kinect_color,       10127,     10173, eat_drink      ,    46
vp11/run1_2018-05-24-13-44-01.kinect_color,       10173,     10218, eat_drink      ,    45
vp11/run1_2018-05-24-13-44-01.kinect_color,       10218,     10264, eat_drink      ,    46
vp11/run1_2018-05-24-13-44-01.kinect_color,       10264,     10279, eat_drink      ,    15
vp11/run1_2018-05-24-13-44-01.kinect_color,       10279,     10320, eat_drink      ,    41
vp11/run1_2018-05-24-13-44-01.kinect_color,       10320,     10358, eat_drink      ,    38
vp11/run1_2018-05-24-13-44-01.kinect_color,       10358,     10364, eat_drink      ,     6
vp11/run1_2018-05-24-13-44-01.kinect_color,       10365,     10410, eat_drink      ,    45
vp11/run1_2018-05-24-13-44-01.kinect_color,       10410,     10455, eat_drink      ,    45
vp11/run1_2018-05-24-13-44-01.kinect_color,       10455,     10478, eat_drink      ,    23
vp11/run1_2018-05-24-13-44-01.kinect_color,       10478,     10523, reaching_behind,    45
vp11/run1_2018-05-24-13-44-01.kinect_color,       10523,     10540, reaching_behind,    17
vp11/run1_2018-05-24-13-44-01.kinect_color,       11955,     11970, electronics    ,    15
vp11/run1_2018-05-24-13-44-01.kinect_color,       11988,     11998, electronics    ,    10
vp11/run1_2018-05-24-13-44-01.kinect_color,       12069,     12114, electronics    ,    45
vp11/run1_2018-05-24-13-44-01.kinect_color,       12114,     12160, electronics    ,    46
vp11/run1_2018-05-24-13-44-01.kinect_color,       12160,     12193, electronics    ,    33
vp11/run1_2018-05-24-13-44-01.kinect_color,       12297,     12330, electronics    ,    33
vp11/run1_2018-05-24-13-44-01.kinect_color,       12539,     12584, electronics    ,    45
vp11/run1_2018-05-24-13-44-01.kinect_color,       12584,     12590, electronics    ,     6
vp11/run1_2018-05-24-13-44-01.kinect_color,       12973,     13018, reaching_behind,    45
vp11/run1_2018-05-24-13-44-01.kinect_color,       13018,     13033, reaching_behind,    15
vp11/run1_2018-05-24-13-44-01.kinect_color,       14167,     14185, reaching_behind,    18
vp11/run1_2018-05-24-13-44-01.kinect_color,       14185,     14216, reaching_behind,    31
vp11/run1_2018-05-24-13-44-01.kinect_color,       14463,     14481, reaching_behind,    18
vp11/run1_2018-05-24-13-44-01.kinect_color,       14489,     14493, electronics    ,     4
vp11/run1_2018-05-24-13-44-01.kinect_color,       14836,     14881, reaching_behind,    45
vp11/run1_2018-05-24-13-44-01.kinect_color,       14881,     14926, eat_drink      ,    45
vp11/run1_2018-05-24-13-44-01.kinect_color,       14926,     14971, eat_drink      ,    45
vp11/run1_2018-05-24-13-44-01.kinect_color,       14971,     14997, eat_drink      ,    26
vp11/run1_2018-05-24-13-44-01.kinect_color,       14997,     15043, eat_drink      ,    46
vp11/run1_2018-05-24-13-44-01.kinect_color,       15043,     15075, eat_drink      ,    32
vp11/run1_2018-05-24-13-44-01.kinect_color,       15075,     15116, reaching_behind,    41
vp11/run1_2018-05-24-13-44-01.kinect_color,       15116,     15161, eat_drink      ,    45
vp11/run1_2018-05-24-13-44-01.kinect_color,       15161,     15171, eat_drink      ,    10
vp11/run1_2018-05-24-13-44-01.kinect_color,       15173,     15219, eat_drink      ,    46
vp11/run1_2018-05-24-13-44-01.kinect_color,       15219,     15264, eat_drink      ,    45
vp11/run1_2018-05-24-13-44-01.kinect_color,       15264,     15311, reaching_behind,    47
vp11/run1_2018-05-24-13-44-01.kinect_color,       15311,     15314, reaching_behind,     3
vp11/run1_2018-05-24-13-44-01.kinect_color,       15320,     15327, electronics    ,     7
vp11/run1_2018-05-24-13-44-01.kinect_color,       15433,     15443, electronics    ,    10
vp11/run1_2018-05-24-13-44-01.kinect_color,       15606,     15651, eat_drink      ,    45
vp11/run1_2018-05-24-13-44-01.kinect_color,       15651,     15696, eat_drink      ,    45
vp11/run1_2018-05-24-13-44-01.kinect_color,       15696,     15708, eat_drink      ,    12
vp11/run1_2018-05-24-13-44-01.kinect_color,       15770,     15816, eat_drink      ,    46
vp11/run1_2018-05-24-13-44-01.kinect_color,       15816,     15861, eat_drink      ,    45
vp11/run1_2018-05-24-13-44-01.kinect_color,       15861,     15906, eat_drink      ,    45
vp11/run1_2018-05-24-13-44-01.kinect_color,       15906,     15952, eat_drink      ,    46
vp11/run1_2018-05-24-13-44-01.kinect_color,       15952,     15966, eat_drink      ,    14
vp11/run1_2018-05-24-13-44-01.kinect_color,       15966,     15996, reaching_behind,    30
vp11/run1_2018-05-24-13-44-01.kinect_color,       16210,     16234, reaching_behind,    24
vp11/run1_2018-05-24-13-44-01.kinect_color,       16316,     16324, electronics    ,     8
vp11/run1_2018-05-24-13-44-01.kinect_color,       16396,     16428, reaching_behind,    32
vp11/run1_2018-05-24-13-44-01.kinect_color,       16428,     16473, eat_drink      ,    45
vp11/run1_2018-05-24-13-44-01.kinect_color,       16473,     16518, eat_drink      ,    45
vp11/run1_2018-05-24-13-44-01.kinect_color,       16518,     16550, eat_drink      ,    32
vp11/run1_2018-05-24-13-44-01.kinect_color,       16550,     16594, eat_drink      ,    44
vp11/run1_2018-05-24-13-44-01.kinect_color,       16594,     16622, eat_drink      ,    28
vp11/run1_2018-05-24-13-44-01.kinect_color,       16622,     16668, reaching_behind,    46
vp11/run1_2018-05-24-13-44-01.kinect_color,       16668,     16675, reaching_behind,     7
vp11/run1_2018-05-24-13-44-01.kinect_color,       16675,     16720, reaching_behind,    45
vp11/run1_2018-05-24-13-44-01.kinect_color,       16720,     16759, reaching_behind,    39
vp11/run1_2018-05-24-13-44-01.kinect_color,       16759,     16804, electronics    ,    45
vp11/run1_2018-05-24-13-44-01.kinect_color,       16804,     16849, electronics    ,    45
vp11/run1_2018-05-24-13-44-01.kinect_color,       16849,     16870, electronics    ,    21
vp11/run1_2018-05-24-13-44-01.kinect_color,       16870,     16915, electronics    ,    45
vp11/run1_2018-05-24-13-44-01.kinect_color,       16915,     16960, electronics    ,    45
vp11/run1_2018-05-24-13-44-01.kinect_color,       16960,     17005, electronics    ,    45
vp11/run1_2018-05-24-13-44-01.kinect_color,       17005,     17050, electronics    ,    45
vp11/run1_2018-05-24-13-44-01.kinect_color,       17050,     17096, electronics    ,    46
vp11/run1_2018-05-24-13-44-01.kinect_color,       17096,     17141, electronics    ,    45
vp11/run1_2018-05-24-13-44-01.kinect_color,       17141,     17187, electronics    ,    46
vp11/run1_2018-05-24-13-44-01.kinect_color,       17187,     17232, electronics    ,    45
vp11/run1_2018-05-24-13-44-01.kinect_color,       17232,     17277, electronics    ,    45
vp11/run1_2018-05-24-13-44-01.kinect_color,       17277,     17302, electronics    ,    25
vp11/run1_2018-05-24-13-44-01.kinect_color,       17302,     17337, electronics    ,    35
vp11/run1_2018-05-24-13-44-01.kinect_color,       17337,     17364, reaching_behind,    27
vp11/run1_2018-05-24-13-44-01.kinect_color,       17364,     17409, reaching_behind,    45
vp11/run1_2018-05-24-13-44-01.kinect_color,       17409,     17420, reaching_behind,    11
vp11/run1_2018-05-24-13-44-01.kinect_color,       17420,     17465, electronics    ,    45
vp11/run1_2018-05-24-13-44-01.kinect_color,       17465,     17511, electronics    ,    46
vp11/run1_2018-05-24-13-44-01.kinect_color,       17511,     17556, electronics    ,    45
vp11/run1_2018-05-24-13-44-01.kinect_color,       17556,     17601, electronics    ,    45
vp11/run1_2018-05-24-13-44-01.kinect_color,       17601,     17646, electronics    ,    45
vp11/run1_2018-05-24-13-44-01.kinect_color,       17646,     17692, electronics    ,    46
vp11/run1_2018-05-24-13-44-01.kinect_color,       17692,     17734, electronics    ,    42
vp11/run1_2018-05-24-13-44-01.kinect_color,       17744,     17750, electronics    ,     6
vp11/run1_2018-05-24-13-44-01.kinect_color,       17762,     17778, electronics    ,    16
vp11/run1_2018-05-24-13-44-01.kinect_color,       17778,     17823, reaching_behind,    45
vp11/run1_2018-05-24-13-44-01.kinect_color,       17823,     17845, reaching_behind,    22
vp11/run1_2018-05-24-13-44-01.kinect_color,       17865,     17910, eat_drink      ,    45
vp11/run1_2018-05-24-13-44-01.kinect_color,       17910,     17913, eat_drink      ,     3
vp11/run1_2018-05-24-13-44-01.kinect_color,       17913,     17958, eat_drink      ,    45
vp11/run1_2018-05-24-13-44-01.kinect_color,       17958,     18003, eat_drink      ,    45
vp11/run1_2018-05-24-13-44-01.kinect_color,       18003,     18048, eat_drink      ,    45
vp11/run1_2018-05-24-13-44-01.kinect_color,       18048,     18093, eat_drink      ,    45
vp11/run1_2018-05-24-13-44-01.kinect_color,       18093,     18138, eat_drink      ,    45
vp11/run1_2018-05-24-13-44-01.kinect_color,       18138,     18183, eat_drink      ,    45
vp11/run1_2018-05-24-13-44-01.kinect_color,       18183,     18195, eat_drink      ,    12
vp11/run1_2018-05-24-13-44-01.kinect_color,       18566,     18578, electronics    ,    12
vp11/run2_2018-05-24-14-35-56.kinect_color,         228,       232, electronics    ,     4
vp11/run2_2018-05-24-14-35-56.kinect_color,        3036,      3040, electronics    ,     4
vp11/run2_2018-05-24-14-35-56.kinect_color,        3083,      3129, reaching_behind,    46
vp11/run2_2018-05-24-14-35-56.kinect_color,        3129,      3166, eat_drink      ,    37
vp11/run2_2018-05-24-14-35-56.kinect_color,        3178,      3190, electronics    ,    12
vp11/run2_2018-05-24-14-35-56.kinect_color,        3201,      3225, eat_drink      ,    24
vp11/run2_2018-05-24-14-35-56.kinect_color,        3225,      3271, eat_drink      ,    46
vp11/run2_2018-05-24-14-35-56.kinect_color,        3271,      3277, eat_drink      ,     6
vp11/run2_2018-05-24-14-35-56.kinect_color,        3277,      3322, eat_drink      ,    45
vp11/run2_2018-05-24-14-35-56.kinect_color,        3322,      3367, eat_drink      ,    45
vp11/run2_2018-05-24-14-35-56.kinect_color,        3367,      3395, eat_drink      ,    28
vp11/run2_2018-05-24-14-35-56.kinect_color,        3395,      3440, reaching_behind,    45
vp11/run2_2018-05-24-14-35-56.kinect_color,        3440,      3445, reaching_behind,     5
vp11/run2_2018-05-24-14-35-56.kinect_color,        3740,      3785, electronics    ,    45
vp11/run2_2018-05-24-14-35-56.kinect_color,        3785,      3802, electronics    ,    17
vp11/run2_2018-05-24-14-35-56.kinect_color,        4096,      4104, electronics    ,     8
vp11/run2_2018-05-24-14-35-56.kinect_color,        4568,      4613, reaching_behind,    45
vp11/run2_2018-05-24-14-35-56.kinect_color,        5093,      5108, reaching_behind,    15
vp11/run2_2018-05-24-14-35-56.kinect_color,        5108,      5123, reaching_behind,    15
vp11/run2_2018-05-24-14-35-56.kinect_color,        5123,      5137, reaching_behind,    14
vp11/run2_2018-05-24-14-35-56.kinect_color,        5137,      5161, reaching_behind,    24
vp11/run2_2018-05-24-14-35-56.kinect_color,        5161,      5171, reaching_behind,    10
vp11/run2_2018-05-24-14-35-56.kinect_color,        5171,      5195, reaching_behind,    24
vp11/run2_2018-05-24-14-35-56.kinect_color,        5195,      5206, reaching_behind,    11
vp11/run2_2018-05-24-14-35-56.kinect_color,        5401,      5414, reaching_behind,    13
vp11/run2_2018-05-24-14-35-56.kinect_color,        5422,      5426, electronics    ,     4
vp11/run2_2018-05-24-14-35-56.kinect_color,        5768,      5806, reaching_behind,    38
vp11/run2_2018-05-24-14-35-56.kinect_color,        6006,      6012, electronics    ,     6
vp11/run2_2018-05-24-14-35-56.kinect_color,        6280,      6314, reaching_behind,    34
vp11/run2_2018-05-24-14-35-56.kinect_color,        6314,      6352, eat_drink      ,    38
vp11/run2_2018-05-24-14-35-56.kinect_color,        6354,      6399, eat_drink      ,    45
vp11/run2_2018-05-24-14-35-56.kinect_color,        6399,      6444, eat_drink      ,    45
vp11/run2_2018-05-24-14-35-56.kinect_color,        6444,      6448, eat_drink      ,     4
vp11/run2_2018-05-24-14-35-56.kinect_color,        6448,      6476, reaching_behind,    28
vp11/run2_2018-05-24-14-35-56.kinect_color,        6631,      6636, electronics    ,     5
vp11/run2_2018-05-24-14-35-56.kinect_color,        6962,      7007, reaching_behind,    45
vp11/run2_2018-05-24-14-35-56.kinect_color,        7007,      7009, reaching_behind,     2
vp11/run2_2018-05-24-14-35-56.kinect_color,        7009,      7041, electronics    ,    32
vp11/run2_2018-05-24-14-35-56.kinect_color,        7041,      7086, electronics    ,    45
vp11/run2_2018-05-24-14-35-56.kinect_color,        7086,      7132, electronics    ,    46
vp11/run2_2018-05-24-14-35-56.kinect_color,        7132,      7176, electronics    ,    44
vp11/run2_2018-05-24-14-35-56.kinect_color,        7176,      7222, electronics    ,    46
vp11/run2_2018-05-24-14-35-56.kinect_color,        7222,      7268, electronics    ,    46
vp11/run2_2018-05-24-14-35-56.kinect_color,        7268,      7313, electronics    ,    45
vp11/run2_2018-05-24-14-35-56.kinect_color,        7313,      7358, electronics    ,    45
vp11/run2_2018-05-24-14-35-56.kinect_color,        7358,      7404, electronics    ,    46
vp11/run2_2018-05-24-14-35-56.kinect_color,        7404,      7449, electronics    ,    45
vp11/run2_2018-05-24-14-35-56.kinect_color,        7449,      7493, electronics    ,    44
vp11/run2_2018-05-24-14-35-56.kinect_color,        7493,      7515, electronics    ,    22
vp11/run2_2018-05-24-14-35-56.kinect_color,        7515,      7545, electronics    ,    30
vp11/run2_2018-05-24-14-35-56.kinect_color,        7545,      7570, reaching_behind,    25
vp11/run2_2018-05-24-14-35-56.kinect_color,        8192,      8232, reaching_behind,    40
vp11/run2_2018-05-24-14-35-56.kinect_color,        8232,      8278, eat_drink      ,    46
vp11/run2_2018-05-24-14-35-56.kinect_color,        8278,      8323, eat_drink      ,    45
vp11/run2_2018-05-24-14-35-56.kinect_color,        8323,      8326, eat_drink      ,     3
vp11/run2_2018-05-24-14-35-56.kinect_color,        8326,      8372, eat_drink      ,    46
vp11/run2_2018-05-24-14-35-56.kinect_color,        8372,      8400, eat_drink      ,    28
vp11/run2_2018-05-24-14-35-56.kinect_color,        8400,      8441, reaching_behind,    41
vp11/run2_2018-05-24-14-35-56.kinect_color,        8441,      8486, eat_drink      ,    45
vp11/run2_2018-05-24-14-35-56.kinect_color,        8486,      8504, eat_drink      ,    18
vp11/run2_2018-05-24-14-35-56.kinect_color,        8504,      8550, eat_drink      ,    46
vp11/run2_2018-05-24-14-35-56.kinect_color,        8550,      8554, eat_drink      ,     4
vp11/run2_2018-05-24-14-35-56.kinect_color,        8554,      8599, eat_drink      ,    45
vp11/run2_2018-05-24-14-35-56.kinect_color,        8599,      8604, eat_drink      ,     5
vp11/run2_2018-05-24-14-35-56.kinect_color,        8615,      8617, electronics    ,     2
vp11/run2_2018-05-24-14-35-56.kinect_color,        8629,      8674, reaching_behind,    45
vp11/run2_2018-05-24-14-35-56.kinect_color,        8674,      8721, eat_drink      ,    47
vp11/run2_2018-05-24-14-35-56.kinect_color,        8721,      8766, eat_drink      ,    45
vp11/run2_2018-05-24-14-35-56.kinect_color,        8766,      8811, eat_drink      ,    45
vp11/run2_2018-05-24-14-35-56.kinect_color,        8811,      8857, eat_drink      ,    46
vp11/run2_2018-05-24-14-35-56.kinect_color,        8857,      8902, eat_drink      ,    45
vp11/run2_2018-05-24-14-35-56.kinect_color,        8902,      8947, eat_drink      ,    45
vp11/run2_2018-05-24-14-35-56.kinect_color,        8947,      8992, eat_drink      ,    45
vp11/run2_2018-05-24-14-35-56.kinect_color,        8992,      9037, eat_drink      ,    45
vp11/run2_2018-05-24-14-35-56.kinect_color,        9037,      9082, eat_drink      ,    45
vp11/run2_2018-05-24-14-35-56.kinect_color,        9082,      9128, eat_drink      ,    46
vp11/run2_2018-05-24-14-35-56.kinect_color,        9128,      9133, eat_drink      ,     5
vp11/run2_2018-05-24-14-35-56.kinect_color,        9353,      9373, reaching_behind,    20
vp11/run2_2018-05-24-14-35-56.kinect_color,        9433,      9438, electronics    ,     5
vp11/run2_2018-05-24-14-35-56.kinect_color,        9449,      9495, eat_drink      ,    46
vp11/run2_2018-05-24-14-35-56.kinect_color,        9495,      9540, eat_drink      ,    45
vp11/run2_2018-05-24-14-35-56.kinect_color,        9540,      9585, eat_drink      ,    45
vp11/run2_2018-05-24-14-35-56.kinect_color,        9585,      9631, eat_drink      ,    46
vp11/run2_2018-05-24-14-35-56.kinect_color,        9631,      9676, eat_drink      ,    45
vp11/run2_2018-05-24-14-35-56.kinect_color,        9676,      9721, eat_drink      ,    45
vp11/run2_2018-05-24-14-35-56.kinect_color,        9721,      9766, eat_drink      ,    45
vp11/run2_2018-05-24-14-35-56.kinect_color,        9766,      9812, eat_drink      ,    46
vp11/run2_2018-05-24-14-35-56.kinect_color,        9812,      9858, eat_drink      ,    46
vp11/run2_2018-05-24-14-35-56.kinect_color,        9858,      9880, eat_drink      ,    22
vp11/run2_2018-05-24-14-35-56.kinect_color,        9880,      9920, reaching_behind,    40
vp11/run2_2018-05-24-14-35-56.kinect_color,       10119,     10164, eat_drink      ,    45
vp11/run2_2018-05-24-14-35-56.kinect_color,       10164,     10178, eat_drink      ,    14
vp11/run2_2018-05-24-14-35-56.kinect_color,       10238,     10254, eat_drink      ,    16
vp11/run2_2018-05-24-14-35-56.kinect_color,       11252,     11271, reaching_behind,    19
vp11/run2_2018-05-24-14-35-56.kinect_color,       11271,     11304, reaching_behind,    33
vp11/run2_2018-05-24-14-35-56.kinect_color,       11496,     11499, electronics    ,     3
vp11/run2_2018-05-24-14-35-56.kinect_color,       11526,     11547, reaching_behind,    21
vp11/run2_2018-05-24-14-35-56.kinect_color,       11568,     11609, reaching_behind,    41
vp11/run2_2018-05-24-14-35-56.kinect_color,       11648,     11693, reaching_behind,    45
vp11/run2_2018-05-24-14-35-56.kinect_color,       11693,     11704, reaching_behind,    11
vp11/run2_2018-05-24-14-35-56.kinect_color,       11704,     11718, reaching_behind,    14
vp11/run2_2018-05-24-14-35-56.kinect_color,       11779,     11824, electronics    ,    45
vp11/run2_2018-05-24-14-35-56.kinect_color,       11824,     11830, electronics    ,     6
vp11/run2_2018-05-24-14-35-56.kinect_color,       11830,     11875, electronics    ,    45
vp11/run2_2018-05-24-14-35-56.kinect_color,       11875,     11921, electronics    ,    46
vp11/run2_2018-05-24-14-35-56.kinect_color,       11921,     11966, electronics    ,    45
vp11/run2_2018-05-24-14-35-56.kinect_color,       11966,     12011, electronics    ,    45
vp11/run2_2018-05-24-14-35-56.kinect_color,       12011,     12057, electronics    ,    46
vp11/run2_2018-05-24-14-35-56.kinect_color,       12057,     12103, electronics    ,    46
vp11/run2_2018-05-24-14-35-56.kinect_color,       12103,     12145, electronics    ,    42
vp11/run2_2018-05-24-14-35-56.kinect_color,       12145,     12186, electronics    ,    41
vp11/run2_2018-05-24-14-35-56.kinect_color,       12245,     12292, reaching_behind,    47
vp11/run2_2018-05-24-14-35-56.kinect_color,       12292,     12323, reaching_behind,    31
vp11/run2_2018-05-24-14-35-56.kinect_color,       12323,     12368, electronics    ,    45
vp11/run2_2018-05-24-14-35-56.kinect_color,       12368,     12413, electronics    ,    45
vp11/run2_2018-05-24-14-35-56.kinect_color,       12413,     12458, electronics    ,    45
vp11/run2_2018-05-24-14-35-56.kinect_color,       12458,     12503, electronics    ,    45
vp11/run2_2018-05-24-14-35-56.kinect_color,       12503,     12548, electronics    ,    45
vp11/run2_2018-05-24-14-35-56.kinect_color,       12548,     12594, electronics    ,    46
vp11/run2_2018-05-24-14-35-56.kinect_color,       12594,     12639, electronics    ,    45
vp11/run2_2018-05-24-14-35-56.kinect_color,       12639,     12684, electronics    ,    45
vp11/run2_2018-05-24-14-35-56.kinect_color,       12684,     12730, electronics    ,    46
vp11/run2_2018-05-24-14-35-56.kinect_color,       12730,     12764, electronics    ,    34
vp11/run2_2018-05-24-14-35-56.kinect_color,       12773,     12780, electronics    ,     7
vp11/run2_2018-05-24-14-35-56.kinect_color,       12794,     12839, reaching_behind,    45
vp11/run2_2018-05-24-14-35-56.kinect_color,       13524,     13540, electronics    ,    16
vp11/run2_2018-05-24-14-35-56.kinect_color,       13566,     13571, electronics    ,     5
vp12/run1_2018-05-24-15-44-28.kinect_color,        3161,      3171, electronics    ,    10
vp12/run1_2018-05-24-15-44-28.kinect_color,        3308,      3349, reaching_behind,    41
vp12/run1_2018-05-24-15-44-28.kinect_color,        4584,      4630, reaching_behind,    46
vp12/run1_2018-05-24-15-44-28.kinect_color,        4630,      4637, reaching_behind,     7
vp12/run1_2018-05-24-15-44-28.kinect_color,        4730,      4736, electronics    ,     6
vp12/run1_2018-05-24-15-44-28.kinect_color,        5633,      5679, electronics    ,    46
vp12/run1_2018-05-24-15-44-28.kinect_color,        5679,      5725, electronics    ,    46
vp12/run1_2018-05-24-15-44-28.kinect_color,        5725,      5770, electronics    ,    45
vp12/run1_2018-05-24-15-44-28.kinect_color,        5770,      5815, electronics    ,    45
vp12/run1_2018-05-24-15-44-28.kinect_color,        5815,      5860, electronics    ,    45
vp12/run1_2018-05-24-15-44-28.kinect_color,        5860,      5906, electronics    ,    46
vp12/run1_2018-05-24-15-44-28.kinect_color,        5906,      5950, electronics    ,    44
vp12/run1_2018-05-24-15-44-28.kinect_color,        5950,      5996, electronics    ,    46
vp12/run1_2018-05-24-15-44-28.kinect_color,        5996,      6042, electronics    ,    46
vp12/run1_2018-05-24-15-44-28.kinect_color,        6042,      6087, electronics    ,    45
vp12/run1_2018-05-24-15-44-28.kinect_color,        6087,      6132, electronics    ,    45
vp12/run1_2018-05-24-15-44-28.kinect_color,        6132,      6178, electronics    ,    46
vp12/run1_2018-05-24-15-44-28.kinect_color,        6178,      6218, electronics    ,    40
vp12/run1_2018-05-24-15-44-28.kinect_color,        6218,      6252, reaching_behind,    34
vp12/run1_2018-05-24-15-44-28.kinect_color,        6252,      6297, reaching_behind,    45
vp12/run1_2018-05-24-15-44-28.kinect_color,        6297,      6342, reaching_behind,    45
vp12/run1_2018-05-24-15-44-28.kinect_color,        6342,      6387, reaching_behind,    45
vp12/run1_2018-05-24-15-44-28.kinect_color,        6387,      6399, reaching_behind,    12
vp12/run1_2018-05-24-15-44-28.kinect_color,        6401,      6447, electronics    ,    46
vp12/run1_2018-05-24-15-44-28.kinect_color,        6447,      6492, electronics    ,    45
vp12/run1_2018-05-24-15-44-28.kinect_color,        6492,      6538, electronics    ,    46
vp12/run1_2018-05-24-15-44-28.kinect_color,        6538,      6583, electronics    ,    45
vp12/run1_2018-05-24-15-44-28.kinect_color,        6583,      6628, electronics    ,    45
vp12/run1_2018-05-24-15-44-28.kinect_color,        6628,      6673, electronics    ,    45
vp12/run1_2018-05-24-15-44-28.kinect_color,        6673,      6718, electronics    ,    45
vp12/run1_2018-05-24-15-44-28.kinect_color,        6718,      6763, electronics    ,    45
vp12/run1_2018-05-24-15-44-28.kinect_color,        6763,      6808, electronics    ,    45
vp12/run1_2018-05-24-15-44-28.kinect_color,        6808,      6853, electronics    ,    45
vp12/run1_2018-05-24-15-44-28.kinect_color,        6853,      6899, electronics    ,    46
vp12/run1_2018-05-24-15-44-28.kinect_color,        6899,      6944, electronics    ,    45
vp12/run1_2018-05-24-15-44-28.kinect_color,        6944,      6989, electronics    ,    45
vp12/run1_2018-05-24-15-44-28.kinect_color,        6989,      7020, reaching_behind,    31
vp12/run1_2018-05-24-15-44-28.kinect_color,        7039,      7085, electronics    ,    46
vp12/run1_2018-05-24-15-44-28.kinect_color,        7085,      7130, electronics    ,    45
vp12/run1_2018-05-24-15-44-28.kinect_color,        7130,      7175, electronics    ,    45
vp12/run1_2018-05-24-15-44-28.kinect_color,        7175,      7210, electronics    ,    35
vp12/run1_2018-05-24-15-44-28.kinect_color,        7210,      7256, electronics    ,    46
vp12/run1_2018-05-24-15-44-28.kinect_color,        7256,      7301, electronics    ,    45
vp12/run1_2018-05-24-15-44-28.kinect_color,        7301,      7345, electronics    ,    44
vp12/run1_2018-05-24-15-44-28.kinect_color,        7345,      7391, electronics    ,    46
vp12/run1_2018-05-24-15-44-28.kinect_color,        7391,      7400, electronics    ,     9
vp12/run1_2018-05-24-15-44-28.kinect_color,        7541,      7586, reaching_behind,    45
vp12/run1_2018-05-24-15-44-28.kinect_color,        7586,      7597, reaching_behind,    11
vp12/run1_2018-05-24-15-44-28.kinect_color,        7608,      7615, electronics    ,     7
vp12/run1_2018-05-24-15-44-28.kinect_color,        8669,      8705, reaching_behind,    36
vp12/run1_2018-05-24-15-44-28.kinect_color,        8706,      8752, eat_drink      ,    46
vp12/run1_2018-05-24-15-44-28.kinect_color,        8752,      8797, eat_drink      ,    45
vp12/run1_2018-05-24-15-44-28.kinect_color,        8797,      8842, eat_drink      ,    45
vp12/run1_2018-05-24-15-44-28.kinect_color,        8842,      8874, eat_drink      ,    32
vp12/run1_2018-05-24-15-44-28.kinect_color,        8874,      8917, eat_drink      ,    43
vp12/run1_2018-05-24-15-44-28.kinect_color,        8917,      8937, reaching_behind,    20
vp12/run1_2018-05-24-15-44-28.kinect_color,        8937,      8982, reaching_behind,    45
vp12/run1_2018-05-24-15-44-28.kinect_color,        8982,      8991, reaching_behind,     9
vp12/run1_2018-05-24-15-44-28.kinect_color,        8991,      9036, eat_drink      ,    45
vp12/run1_2018-05-24-15-44-28.kinect_color,        9036,      9081, eat_drink      ,    45
vp12/run1_2018-05-24-15-44-28.kinect_color,        9081,      9127, eat_drink      ,    46
vp12/run1_2018-05-24-15-44-28.kinect_color,        9127,      9173, eat_drink      ,    46
vp12/run1_2018-05-24-15-44-28.kinect_color,        9173,      9218, eat_drink      ,    45
vp12/run1_2018-05-24-15-44-28.kinect_color,        9218,      9245, eat_drink      ,    27
vp12/run1_2018-05-24-15-44-28.kinect_color,        9245,      9271, reaching_behind,    26
vp12/run1_2018-05-24-15-44-28.kinect_color,        9271,      9316, eat_drink      ,    45
vp12/run1_2018-05-24-15-44-28.kinect_color,        9316,      9361, eat_drink      ,    45
vp12/run1_2018-05-24-15-44-28.kinect_color,        9361,      9406, eat_drink      ,    45
vp12/run1_2018-05-24-15-44-28.kinect_color,        9406,      9451, eat_drink      ,    45
vp12/run1_2018-05-24-15-44-28.kinect_color,        9451,      9497, eat_drink      ,    46
vp12/run1_2018-05-24-15-44-28.kinect_color,        9497,      9541, eat_drink      ,    44
vp12/run1_2018-05-24-15-44-28.kinect_color,        9541,      9586, eat_drink      ,    45
vp12/run1_2018-05-24-15-44-28.kinect_color,        9586,      9632, eat_drink      ,    46
vp12/run1_2018-05-24-15-44-28.kinect_color,        9632,      9677, eat_drink      ,    45
vp12/run1_2018-05-24-15-44-28.kinect_color,        9677,      9723, eat_drink      ,    46
vp12/run1_2018-05-24-15-44-28.kinect_color,        9723,      9769, eat_drink      ,    46
vp12/run1_2018-05-24-15-44-28.kinect_color,        9769,      9814, eat_drink      ,    45
vp12/run1_2018-05-24-15-44-28.kinect_color,        9814,      9860, eat_drink      ,    46
vp12/run1_2018-05-24-15-44-28.kinect_color,        9860,      9905, eat_drink      ,    45
vp12/run1_2018-05-24-15-44-28.kinect_color,        9905,      9950, eat_drink      ,    45
vp12/run1_2018-05-24-15-44-28.kinect_color,        9950,      9995, eat_drink      ,    45
vp12/run1_2018-05-24-15-44-28.kinect_color,        9995,     10040, eat_drink      ,    45
vp12/run1_2018-05-24-15-44-28.kinect_color,       10040,     10086, eat_drink      ,    46
vp12/run1_2018-05-24-15-44-28.kinect_color,       10086,     10131, eat_drink      ,    45
vp12/run1_2018-05-24-15-44-28.kinect_color,       10131,     10160, eat_drink      ,    29
vp12/run1_2018-05-24-15-44-28.kinect_color,       10863,     10865, electronics    ,     2
vp12/run1_2018-05-24-15-44-28.kinect_color,       11328,     11337, electronics    ,     9
vp12/run1_2018-05-24-15-44-28.kinect_color,       11684,     11728, reaching_behind,    44
vp12/run1_2018-05-24-15-44-28.kinect_color,       11728,     11775, reaching_behind,    47
vp12/run1_2018-05-24-15-44-28.kinect_color,       11775,     11807, reaching_behind,    32
vp12/run1_2018-05-24-15-44-28.kinect_color,       12149,     12194, reaching_behind,    45
vp12/run1_2018-05-24-15-44-28.kinect_color,       12194,     12224, reaching_behind,    30
vp12/run1_2018-05-24-15-44-28.kinect_color,       12885,     12931, reaching_behind,    46
vp12/run1_2018-05-24-15-44-28.kinect_color,       12931,     12977, reaching_behind,    46
vp12/run1_2018-05-24-15-44-28.kinect_color,       13235,     13279, reaching_behind,    44
vp12/run1_2018-05-24-15-44-28.kinect_color,       13297,     13301, electronics    ,     4
vp12/run1_2018-05-24-15-44-28.kinect_color,       13484,     13529, reaching_behind,    45
vp12/run1_2018-05-24-15-44-28.kinect_color,       13529,     13567, reaching_behind,    38
vp12/run1_2018-05-24-15-44-28.kinect_color,       13608,     13613, electronics    ,     5
vp12/run1_2018-05-24-15-44-28.kinect_color,       13980,     14026, reaching_behind,    46
vp12/run1_2018-05-24-15-44-28.kinect_color,       14026,     14033, reaching_behind,     7
vp12/run1_2018-05-24-15-44-28.kinect_color,       14717,     14762, reaching_behind,    45
vp12/run1_2018-05-24-15-44-28.kinect_color,       14762,     14808, reaching_behind,    46
vp12/run1_2018-05-24-15-44-28.kinect_color,       14808,     14850, reaching_behind,    42
vp12/run1_2018-05-24-15-44-28.kinect_color,       14850,     14895, eat_drink      ,    45
vp12/run1_2018-05-24-15-44-28.kinect_color,       14895,     14940, eat_drink      ,    45
vp12/run1_2018-05-24-15-44-28.kinect_color,       14940,     14986, eat_drink      ,    46
vp12/run1_2018-05-24-15-44-28.kinect_color,       14986,     15031, eat_drink      ,    45
vp12/run1_2018-05-24-15-44-28.kinect_color,       15031,     15076, eat_drink      ,    45
vp12/run1_2018-05-24-15-44-28.kinect_color,       15076,     15121, eat_drink      ,    45
vp12/run1_2018-05-24-15-44-28.kinect_color,       15121,     15166, eat_drink      ,    45
vp12/run1_2018-05-24-15-44-28.kinect_color,       15166,     15211, eat_drink      ,    45
vp12/run1_2018-05-24-15-44-28.kinect_color,       15211,     15257, eat_drink      ,    46
vp12/run1_2018-05-24-15-44-28.kinect_color,       15257,     15302, eat_drink      ,    45
vp12/run1_2018-05-24-15-44-28.kinect_color,       15302,     15347, eat_drink      ,    45
vp12/run1_2018-05-24-15-44-28.kinect_color,       15347,     15381, eat_drink      ,    34
vp12/run1_2018-05-24-15-44-28.kinect_color,       15381,     15419, reaching_behind,    38
vp12/run1_2018-05-24-15-44-28.kinect_color,       15587,     15621, reaching_behind,    34
vp12/run1_2018-05-24-15-44-28.kinect_color,       15621,     15660, eat_drink      ,    39
vp12/run1_2018-05-24-15-44-28.kinect_color,       15660,     15705, eat_drink      ,    45
vp12/run1_2018-05-24-15-44-28.kinect_color,       15705,     15751, eat_drink      ,    46
vp12/run1_2018-05-24-15-44-28.kinect_color,       15751,     15769, eat_drink      ,    18
vp12/run1_2018-05-24-15-44-28.kinect_color,       15769,     15815, eat_drink      ,    46
vp12/run1_2018-05-24-15-44-28.kinect_color,       15815,     15821, eat_drink      ,     6
vp12/run1_2018-05-24-15-44-28.kinect_color,       15821,     15837, reaching_behind,    16
vp12/run1_2018-05-24-15-44-28.kinect_color,       15837,     15872, reaching_behind,    35
vp12/run1_2018-05-24-15-44-28.kinect_color,       15872,     15903, eat_drink      ,    31
vp12/run1_2018-05-24-15-44-28.kinect_color,       15903,     15937, reaching_behind,    34
vp12/run1_2018-05-24-15-44-28.kinect_color,       16261,     16265, electronics    ,     4
vp12/run1_2018-05-24-15-44-28.kinect_color,       16493,     16539, reaching_behind,    46
vp12/run1_2018-05-24-15-44-28.kinect_color,       16539,     16572, reaching_behind,    33
vp12/run1_2018-05-24-15-44-28.kinect_color,       17435,     17480, reaching_behind,    45
vp12/run1_2018-05-24-15-44-28.kinect_color,       17480,     17483, reaching_behind,     3
vp12/run1_2018-05-24-15-44-28.kinect_color,       17674,     17720, reaching_behind,    46
vp12/run1_2018-05-24-15-44-28.kinect_color,       17720,     17758, reaching_behind,    38
vp12/run1_2018-05-24-15-44-28.kinect_color,       17771,     17775, electronics    ,     4
vp12/run1_2018-05-24-15-44-28.kinect_color,       18130,     18177, reaching_behind,    47
vp12/run1_2018-05-24-15-44-28.kinect_color,       18177,     18190, reaching_behind,    13
vp12/run1_2018-05-24-15-44-28.kinect_color,       18190,     18236, electronics    ,    46
vp12/run1_2018-05-24-15-44-28.kinect_color,       18236,     18281, electronics    ,    45
vp12/run1_2018-05-24-15-44-28.kinect_color,       18281,     18326, electronics    ,    45
vp12/run1_2018-05-24-15-44-28.kinect_color,       18326,     18372, electronics    ,    46
vp12/run1_2018-05-24-15-44-28.kinect_color,       18372,     18417, electronics    ,    45
vp12/run1_2018-05-24-15-44-28.kinect_color,       18417,     18462, electronics    ,    45
vp12/run1_2018-05-24-15-44-28.kinect_color,       18462,     18507, electronics    ,    45
vp12/run1_2018-05-24-15-44-28.kinect_color,       18507,     18553, electronics    ,    46
vp12/run1_2018-05-24-15-44-28.kinect_color,       18553,     18599, electronics    ,    46
vp12/run1_2018-05-24-15-44-28.kinect_color,       18599,     18645, electronics    ,    46
vp12/run1_2018-05-24-15-44-28.kinect_color,       18645,     18690, electronics    ,    45
vp12/run1_2018-05-24-15-44-28.kinect_color,       18690,     18734, electronics    ,    44
vp12/run1_2018-05-24-15-44-28.kinect_color,       18734,     18780, electronics    ,    46
vp12/run1_2018-05-24-15-44-28.kinect_color,       18780,     18825, electronics    ,    45
vp12/run1_2018-05-24-15-44-28.kinect_color,       18825,     18869, reaching_behind,    44
vp12/run1_2018-05-24-15-44-28.kinect_color,       19162,     19208, reaching_behind,    46
vp12/run1_2018-05-24-15-44-28.kinect_color,       19208,     19252, reaching_behind,    44
vp12/run1_2018-05-24-15-44-28.kinect_color,       19700,     19709, electronics    ,     9
vp12/run1_2018-05-24-15-44-28.kinect_color,       19749,     19795, reaching_behind,    46
vp12/run1_2018-05-24-15-44-28.kinect_color,       19795,     19807, reaching_behind,    12
vp12/run1_2018-05-24-15-44-28.kinect_color,       19863,     19875, reaching_behind,    12
vp12/run2_2018-05-24-16-21-35.kinect_color,        3566,      3612, reaching_behind,    46
vp12/run2_2018-05-24-16-21-35.kinect_color,        3612,      3657, reaching_behind,    45
vp12/run2_2018-05-24-16-21-35.kinect_color,        3657,      3703, reaching_behind,    46
vp12/run2_2018-05-24-16-21-35.kinect_color,        3703,      3749, reaching_behind,    46
vp12/run2_2018-05-24-16-21-35.kinect_color,        3749,      3794, eat_drink      ,    45
vp12/run2_2018-05-24-16-21-35.kinect_color,        3794,      3825, eat_drink      ,    31
vp12/run2_2018-05-24-16-21-35.kinect_color,        3825,      3871, eat_drink      ,    46
vp12/run2_2018-05-24-16-21-35.kinect_color,        3871,      3916, eat_drink      ,    45
vp12/run2_2018-05-24-16-21-35.kinect_color,        3916,      3942, eat_drink      ,    26
vp12/run2_2018-05-24-16-21-35.kinect_color,        3942,      3989, eat_drink      ,    47
vp12/run2_2018-05-24-16-21-35.kinect_color,        3989,      4029, eat_drink      ,    40
vp12/run2_2018-05-24-16-21-35.kinect_color,        4029,      4075, reaching_behind,    46
vp12/run2_2018-05-24-16-21-35.kinect_color,        4075,      4088, reaching_behind,    13
vp12/run2_2018-05-24-16-21-35.kinect_color,        4106,      4109, electronics    ,     3
vp12/run2_2018-05-24-16-21-35.kinect_color,        4121,      4167, reaching_behind,    46
vp12/run2_2018-05-24-16-21-35.kinect_color,        4167,      4187, reaching_behind,    20
vp12/run2_2018-05-24-16-21-35.kinect_color,        4199,      4245, reaching_behind,    46
vp12/run2_2018-05-24-16-21-35.kinect_color,        4245,      4265, reaching_behind,    20
vp12/run2_2018-05-24-16-21-35.kinect_color,        4265,      4312, reaching_behind,    47
vp12/run2_2018-05-24-16-21-35.kinect_color,        4312,      4325, reaching_behind,    13
vp12/run2_2018-05-24-16-21-35.kinect_color,        4325,      4371, eat_drink      ,    46
vp12/run2_2018-05-24-16-21-35.kinect_color,        4371,      4415, eat_drink      ,    44
vp12/run2_2018-05-24-16-21-35.kinect_color,        4415,      4461, eat_drink      ,    46
vp12/run2_2018-05-24-16-21-35.kinect_color,        4461,      4508, eat_drink      ,    47
vp12/run2_2018-05-24-16-21-35.kinect_color,        4508,      4553, eat_drink      ,    45
vp12/run2_2018-05-24-16-21-35.kinect_color,        4553,      4572, eat_drink      ,    19
vp12/run2_2018-05-24-16-21-35.kinect_color,        4572,      4608, reaching_behind,    36
vp12/run2_2018-05-24-16-21-35.kinect_color,        4608,      4653, eat_drink      ,    45
vp12/run2_2018-05-24-16-21-35.kinect_color,        4653,      4698, eat_drink      ,    45
vp12/run2_2018-05-24-16-21-35.kinect_color,        4698,      4743, eat_drink      ,    45
vp12/run2_2018-05-24-16-21-35.kinect_color,        4743,      4789, eat_drink      ,    46
vp12/run2_2018-05-24-16-21-35.kinect_color,        4789,      4834, eat_drink      ,    45
vp12/run2_2018-05-24-16-21-35.kinect_color,        4834,      4879, eat_drink      ,    45
vp12/run2_2018-05-24-16-21-35.kinect_color,        4879,      4925, eat_drink      ,    46
vp12/run2_2018-05-24-16-21-35.kinect_color,        4925,      4970, eat_drink      ,    45
vp12/run2_2018-05-24-16-21-35.kinect_color,        4970,      5016, eat_drink      ,    46
vp12/run2_2018-05-24-16-21-35.kinect_color,        5016,      5061, eat_drink      ,    45
vp12/run2_2018-05-24-16-21-35.kinect_color,        5061,      5106, eat_drink      ,    45
vp12/run2_2018-05-24-16-21-35.kinect_color,        5106,      5151, eat_drink      ,    45
vp12/run2_2018-05-24-16-21-35.kinect_color,        5151,      5196, eat_drink      ,    45
vp12/run2_2018-05-24-16-21-35.kinect_color,        5196,      5242, eat_drink      ,    46
vp12/run2_2018-05-24-16-21-35.kinect_color,        5242,      5287, eat_drink      ,    45
vp12/run2_2018-05-24-16-21-35.kinect_color,        5287,      5332, eat_drink      ,    45
vp12/run2_2018-05-24-16-21-35.kinect_color,        5332,      5377, eat_drink      ,    45
vp12/run2_2018-05-24-16-21-35.kinect_color,        5377,      5422, eat_drink      ,    45
vp12/run2_2018-05-24-16-21-35.kinect_color,        5422,      5453, reaching_behind,    31
vp12/run2_2018-05-24-16-21-35.kinect_color,        5916,      5955, reaching_behind,    39
vp12/run2_2018-05-24-16-21-35.kinect_color,        5955,      6000, eat_drink      ,    45
vp12/run2_2018-05-24-16-21-35.kinect_color,        6000,      6041, reaching_behind,    41
vp12/run2_2018-05-24-16-21-35.kinect_color,        6048,      6093, reaching_behind,    45
vp12/run2_2018-05-24-16-21-35.kinect_color,        6093,      6104, reaching_behind,    11
vp12/run2_2018-05-24-16-21-35.kinect_color,        6104,      6149, reaching_behind,    45
vp12/run2_2018-05-24-16-21-35.kinect_color,        6149,      6172, reaching_behind,    23
vp12/run2_2018-05-24-16-21-35.kinect_color,        6172,      6217, eat_drink      ,    45
vp12/run2_2018-05-24-16-21-35.kinect_color,        6217,      6225, eat_drink      ,     8
vp12/run2_2018-05-24-16-21-35.kinect_color,        6225,      6270, eat_drink      ,    45
vp12/run2_2018-05-24-16-21-35.kinect_color,        6270,      6315, eat_drink      ,    45
vp12/run2_2018-05-24-16-21-35.kinect_color,        6315,      6360, eat_drink      ,    45
vp12/run2_2018-05-24-16-21-35.kinect_color,        6360,      6405, eat_drink      ,    45
vp12/run2_2018-05-24-16-21-35.kinect_color,        6405,      6450, eat_drink      ,    45
vp12/run2_2018-05-24-16-21-35.kinect_color,        6450,      6496, eat_drink      ,    46
vp12/run2_2018-05-24-16-21-35.kinect_color,        6496,      6520, eat_drink      ,    24
vp12/run2_2018-05-24-16-21-35.kinect_color,        6520,      6561, eat_drink      ,    41
vp12/run2_2018-05-24-16-21-35.kinect_color,        6561,      6596, reaching_behind,    35
vp12/run2_2018-05-24-16-21-35.kinect_color,        6596,      6641, reaching_behind,    45
vp12/run2_2018-05-24-16-21-35.kinect_color,        6641,      6650, reaching_behind,     9
vp12/run2_2018-05-24-16-21-35.kinect_color,        6669,      6673, electronics    ,     4
vp12/run2_2018-05-24-16-21-35.kinect_color,        6841,      6880, reaching_behind,    39
vp12/run2_2018-05-24-16-21-35.kinect_color,        7859,      7903, reaching_behind,    44
vp12/run2_2018-05-24-16-21-35.kinect_color,        7903,      7916, reaching_behind,    13
vp12/run2_2018-05-24-16-21-35.kinect_color,        8344,      8388, reaching_behind,    44
vp12/run2_2018-05-24-16-21-35.kinect_color,        8402,      8410, electronics    ,     8
vp12/run2_2018-05-24-16-21-35.kinect_color,        8669,      8715, reaching_behind,    46
vp12/run2_2018-05-24-16-21-35.kinect_color,        9388,      9433, reaching_behind,    45
vp12/run2_2018-05-24-16-21-35.kinect_color,        9433,      9436, reaching_behind,     3
vp12/run2_2018-05-24-16-21-35.kinect_color,        9898,      9927, reaching_behind,    29
vp12/run2_2018-05-24-16-21-35.kinect_color,       10057,     10060, electronics    ,     3
vp12/run2_2018-05-24-16-21-35.kinect_color,       10585,     10631, reaching_behind,    46
vp12/run2_2018-05-24-16-21-35.kinect_color,       10631,     10648, reaching_behind,    17
vp12/run2_2018-05-24-16-21-35.kinect_color,       10648,     10693, electronics    ,    45
vp12/run2_2018-05-24-16-21-35.kinect_color,       10693,     10739, electronics    ,    46
vp12/run2_2018-05-24-16-21-35.kinect_color,       10739,     10784, electronics    ,    45
vp12/run2_2018-05-24-16-21-35.kinect_color,       10784,     10829, electronics    ,    45
vp12/run2_2018-05-24-16-21-35.kinect_color,       10829,     10875, electronics    ,    46
vp12/run2_2018-05-24-16-21-35.kinect_color,       10875,     10921, electronics    ,    46
vp12/run2_2018-05-24-16-21-35.kinect_color,       10921,     10948, electronics    ,    27
vp12/run2_2018-05-24-16-21-35.kinect_color,       10948,     10969, reaching_behind,    21
vp12/run2_2018-05-24-16-21-35.kinect_color,       11009,     11054, reaching_behind,    45
vp12/run2_2018-05-24-16-21-35.kinect_color,       11054,     11099, reaching_behind,    45
vp12/run2_2018-05-24-16-21-35.kinect_color,       11099,     11102, reaching_behind,     3
vp12/run2_2018-05-24-16-21-35.kinect_color,       11163,     11208, reaching_behind,    45
vp12/run2_2018-05-24-16-21-35.kinect_color,       11208,     11226, reaching_behind,    18
vp12/run2_2018-05-24-16-21-35.kinect_color,       11923,     11968, reaching_behind,    45
vp12/run2_2018-05-24-16-21-35.kinect_color,       11968,     12013, reaching_behind,    45
vp12/run2_2018-05-24-16-21-35.kinect_color,       12013,     12043, reaching_behind,    30
vp12/run2_2018-05-24-16-21-35.kinect_color,       12043,     12071, reaching_behind,    28
vp12/run2_2018-05-24-16-21-35.kinect_color,       12071,     12116, eat_drink      ,    45
vp12/run2_2018-05-24-16-21-35.kinect_color,       12116,     12147, eat_drink      ,    31
vp12/run2_2018-05-24-16-21-35.kinect_color,       12147,     12192, reaching_behind,    45
vp12/run2_2018-05-24-16-21-35.kinect_color,       12192,     12231, reaching_behind,    39
vp12/run2_2018-05-24-16-21-35.kinect_color,       12231,     12276, eat_drink      ,    45
vp12/run2_2018-05-24-16-21-35.kinect_color,       12276,     12321, eat_drink      ,    45
vp12/run2_2018-05-24-16-21-35.kinect_color,       12321,     12366, eat_drink      ,    45
vp12/run2_2018-05-24-16-21-35.kinect_color,       12366,     12411, eat_drink      ,    45
vp12/run2_2018-05-24-16-21-35.kinect_color,       12411,     12456, eat_drink      ,    45
vp12/run2_2018-05-24-16-21-35.kinect_color,       12456,     12501, eat_drink      ,    45
vp12/run2_2018-05-24-16-21-35.kinect_color,       12501,     12547, eat_drink      ,    46
vp12/run2_2018-05-24-16-21-35.kinect_color,       12547,     12593, eat_drink      ,    46
vp12/run2_2018-05-24-16-21-35.kinect_color,       12593,     12632, eat_drink      ,    39
vp12/run2_2018-05-24-16-21-35.kinect_color,       12632,     12677, reaching_behind,    45
vp12/run2_2018-05-24-16-21-35.kinect_color,       12677,     12696, reaching_behind,    19
vp12/run2_2018-05-24-16-21-35.kinect_color,       14409,     14455, reaching_behind,    46
vp12/run2_2018-05-24-16-21-35.kinect_color,       14455,     14501, reaching_behind,    46
vp12/run2_2018-05-24-16-21-35.kinect_color,       14501,     14506, reaching_behind,     5
vp12/run2_2018-05-24-16-21-35.kinect_color,       15247,     15293, reaching_behind,    46
vp12/run2_2018-05-24-16-21-35.kinect_color,       15293,     15324, reaching_behind,    31
vp12/run2_2018-05-24-16-21-35.kinect_color,       15935,     15981, reaching_behind,    46
vp12/run2_2018-05-24-16-21-35.kinect_color,       15981,     16017, reaching_behind,    36
vp12/run2_2018-05-24-16-21-35.kinect_color,       16027,     16072, reaching_behind,    45
vp12/run2_2018-05-24-16-21-35.kinect_color,       16072,     16117, reaching_behind,    45
vp12/run2_2018-05-24-16-21-35.kinect_color,       16117,     16130, reaching_behind,    13
vp12/run2_2018-05-24-16-21-35.kinect_color,       16141,     16144, electronics    ,     3
vp12/run2_2018-05-24-16-21-35.kinect_color,       16155,     16202, eat_drink      ,    47
vp12/run2_2018-05-24-16-21-35.kinect_color,       16202,     16247, eat_drink      ,    45
vp12/run2_2018-05-24-16-21-35.kinect_color,       16247,     16292, eat_drink      ,    45
vp12/run2_2018-05-24-16-21-35.kinect_color,       16292,     16329, eat_drink      ,    37
vp12/run2_2018-05-24-16-21-35.kinect_color,       16329,     16374, eat_drink      ,    45
vp12/run2_2018-05-24-16-21-35.kinect_color,       16374,     16400, eat_drink      ,    26
vp12/run2_2018-05-24-16-21-35.kinect_color,       16400,     16445, reaching_behind,    45
vp12/run2_2018-05-24-16-21-35.kinect_color,       16445,     16459, reaching_behind,    14
vp12/run2_2018-05-24-16-21-35.kinect_color,       16459,     16504, reaching_behind,    45
vp12/run2_2018-05-24-16-21-35.kinect_color,       16504,     16550, reaching_behind,    46
vp12/run2_2018-05-24-16-21-35.kinect_color,       16550,     16580, reaching_behind,    30
vp12/run2_2018-05-24-16-21-35.kinect_color,       16580,     16625, eat_drink      ,    45
vp12/run2_2018-05-24-16-21-35.kinect_color,       16625,     16671, eat_drink      ,    46
vp12/run2_2018-05-24-16-21-35.kinect_color,       16671,     16704, eat_drink      ,    33
vp12/run2_2018-05-24-16-21-35.kinect_color,       16719,     16759, electronics    ,    40
vp12/run2_2018-05-24-16-21-35.kinect_color,       16775,     16820, eat_drink      ,    45
vp12/run2_2018-05-24-16-21-35.kinect_color,       16820,     16865, eat_drink      ,    45
vp12/run2_2018-05-24-16-21-35.kinect_color,       16865,     16911, eat_drink      ,    46
vp12/run2_2018-05-24-16-21-35.kinect_color,       16911,     16956, eat_drink      ,    45
vp12/run2_2018-05-24-16-21-35.kinect_color,       16956,     17001, eat_drink      ,    45
vp12/run2_2018-05-24-16-21-35.kinect_color,       17001,     17047, eat_drink      ,    46
vp12/run2_2018-05-24-16-21-35.kinect_color,       17047,     17092, eat_drink      ,    45
vp12/run2_2018-05-24-16-21-35.kinect_color,       17092,     17138, eat_drink      ,    46
vp12/run2_2018-05-24-16-21-35.kinect_color,       17138,     17184, eat_drink      ,    46
vp12/run2_2018-05-24-16-21-35.kinect_color,       17184,     17229, eat_drink      ,    45
vp12/run2_2018-05-24-16-21-35.kinect_color,       17229,     17274, eat_drink      ,    45
vp12/run2_2018-05-24-16-21-35.kinect_color,       17274,     17321, eat_drink      ,    47
vp12/run2_2018-05-24-16-21-35.kinect_color,       17321,     17365, eat_drink      ,    44
vp12/run2_2018-05-24-16-21-35.kinect_color,       17365,     17410, eat_drink      ,    45
vp12/run2_2018-05-24-16-21-35.kinect_color,       17410,     17456, eat_drink      ,    46
vp12/run2_2018-05-24-16-21-35.kinect_color,       17456,     17501, eat_drink      ,    45
vp12/run2_2018-05-24-16-21-35.kinect_color,       17501,     17546, eat_drink      ,    45
vp12/run2_2018-05-24-16-21-35.kinect_color,       17546,     17592, eat_drink      ,    46
vp12/run2_2018-05-24-16-21-35.kinect_color,       17592,     17604, eat_drink      ,    12
vp12/run2_2018-05-24-16-21-35.kinect_color,       17661,     17693, reaching_behind,    32
vp12/run2_2018-05-24-16-21-35.kinect_color,       17693,     17737, eat_drink      ,    44
vp12/run2_2018-05-24-16-21-35.kinect_color,       17737,     17780, eat_drink      ,    43
vp12/run2_2018-05-24-16-21-35.kinect_color,       17780,     17825, eat_drink      ,    45
vp12/run2_2018-05-24-16-21-35.kinect_color,       17825,     17870, eat_drink      ,    45
vp12/run2_2018-05-24-16-21-35.kinect_color,       17870,     17915, eat_drink      ,    45
vp12/run2_2018-05-24-16-21-35.kinect_color,       17915,     17944, eat_drink      ,    29
vp12/run2_2018-05-24-16-21-35.kinect_color,       17944,     17990, eat_drink      ,    46
vp12/run2_2018-05-24-16-21-35.kinect_color,       17990,     18035, eat_drink      ,    45
vp12/run2_2018-05-24-16-21-35.kinect_color,       18035,     18080, eat_drink      ,    45
vp12/run2_2018-05-24-16-21-35.kinect_color,       18080,     18125, reaching_behind,    45
vp12/run2_2018-05-24-16-21-35.kinect_color,       18125,     18162, reaching_behind,    37
vp12/run2_2018-05-24-16-21-35.kinect_color,       18605,     18617, electronics    ,    12
vp12/run2_2018-05-24-16-21-35.kinect_color,       19562,     19608, electronics    ,    46
vp12/run2_2018-05-24-16-21-35.kinect_color,       19608,     19636, electronics    ,    28
vp12/run2_2018-05-24-16-21-35.kinect_color,       19636,     19682, reaching_behind,    46
vp12/run2_2018-05-24-16-21-35.kinect_color,       19682,     19727, reaching_behind,    45
vp12/run2_2018-05-24-16-21-35.kinect_color,       19727,     19773, reaching_behind,    46
vp12/run2_2018-05-24-16-21-35.kinect_color,       19773,     19801, reaching_behind,    28
vp12/run2_2018-05-24-16-21-35.kinect_color,       19801,     19847, eat_drink      ,    46
vp12/run2_2018-05-24-16-21-35.kinect_color,       19847,     19892, eat_drink      ,    45
vp12/run2_2018-05-24-16-21-35.kinect_color,       19892,     19937, eat_drink      ,    45
vp12/run2_2018-05-24-16-21-35.kinect_color,       19937,     19982, eat_drink      ,    45
vp12/run2_2018-05-24-16-21-35.kinect_color,       19982,     20028, eat_drink      ,    46
vp12/run2_2018-05-24-16-21-35.kinect_color,       20028,     20072, eat_drink      ,    44
vp12/run2_2018-05-24-16-21-35.kinect_color,       20072,     20117, eat_drink      ,    45
vp12/run2_2018-05-24-16-21-35.kinect_color,       20117,     20162, eat_drink      ,    45
vp12/run2_2018-05-24-16-21-35.kinect_color,       20162,     20208, eat_drink      ,    46
vp12/run2_2018-05-24-16-21-35.kinect_color,       20208,     20254, eat_drink      ,    46
vp12/run2_2018-05-24-16-21-35.kinect_color,       20254,     20292, eat_drink      ,    38
vp12/run2_2018-05-24-16-21-35.kinect_color,       20668,     20711, reaching_behind,    43
vp12/run2_2018-05-24-16-21-35.kinect_color,       20711,     20756, eat_drink      ,    45
vp12/run2_2018-05-24-16-21-35.kinect_color,       20756,     20777, eat_drink      ,    21
vp12/run2_2018-05-24-16-21-35.kinect_color,       20777,     20824, eat_drink      ,    47
vp12/run2_2018-05-24-16-21-35.kinect_color,       20824,     20852, eat_drink      ,    28
vp12/run2_2018-05-24-16-21-35.kinect_color,       20852,     20891, eat_drink      ,    39
vp12/run2_2018-05-24-16-21-35.kinect_color,       20891,     20929, reaching_behind,    38
vp12/run2_2018-05-24-16-21-35.kinect_color,       21124,     21170, reaching_behind,    46
vp12/run2_2018-05-24-16-21-35.kinect_color,       21170,     21215, reaching_behind,    45
vp12/run2_2018-05-24-16-21-35.kinect_color,       21215,     21260, reaching_behind,    45
vp12/run2_2018-05-24-16-21-35.kinect_color,       21260,     21297, reaching_behind,    37
vp12/run2_2018-05-24-16-21-35.kinect_color,       21299,     21344, electronics    ,    45
vp12/run2_2018-05-24-16-21-35.kinect_color,       21344,     21386, electronics    ,    42
vp12/run2_2018-05-24-16-21-35.kinect_color,       21407,     21453, reaching_behind,    46
vp12/run2_2018-05-24-16-21-35.kinect_color,       21453,     21498, electronics    ,    45
vp12/run2_2018-05-24-16-21-35.kinect_color,       21498,     21543, electronics    ,    45
vp12/run2_2018-05-24-16-21-35.kinect_color,       21543,     21588, electronics    ,    45
vp12/run2_2018-05-24-16-21-35.kinect_color,       21588,     21633, electronics    ,    45
vp12/run2_2018-05-24-16-21-35.kinect_color,       21633,     21678, electronics    ,    45
vp12/run2_2018-05-24-16-21-35.kinect_color,       21678,     21724, electronics    ,    46
vp12/run2_2018-05-24-16-21-35.kinect_color,       21724,     21769, electronics    ,    45
vp12/run2_2018-05-24-16-21-35.kinect_color,       21769,     21815, electronics    ,    46
vp12/run2_2018-05-24-16-21-35.kinect_color,       21815,     21860, electronics    ,    45
vp12/run2_2018-05-24-16-21-35.kinect_color,       21860,     21905, electronics    ,    45
vp12/run2_2018-05-24-16-21-35.kinect_color,       21905,     21951, electronics    ,    46
vp12/run2_2018-05-24-16-21-35.kinect_color,       21951,     21996, electronics    ,    45
vp12/run2_2018-05-24-16-21-35.kinect_color,       21996,     22041, electronics    ,    45
vp12/run2_2018-05-24-16-21-35.kinect_color,       22041,     22086, electronics    ,    45
vp12/run2_2018-05-24-16-21-35.kinect_color,       22086,     22132, electronics    ,    46
vp12/run2_2018-05-24-16-21-35.kinect_color,       22132,     22178, electronics    ,    46
vp12/run2_2018-05-24-16-21-35.kinect_color,       22178,     22223, electronics    ,    45
vp12/run2_2018-05-24-16-21-35.kinect_color,       22223,     22270, electronics    ,    47
vp12/run2_2018-05-24-16-21-35.kinect_color,       22270,     22315, electronics    ,    45
vp12/run2_2018-05-24-16-21-35.kinect_color,       22315,     22325, electronics    ,    10
vp12/run2_2018-05-24-16-21-35.kinect_color,       22325,     22371, reaching_behind,    46
vp12/run2_2018-05-24-16-21-35.kinect_color,       22371,     22390, reaching_behind,    19
vp12/run2_2018-05-24-16-21-35.kinect_color,       22390,     22436, electronics    ,    46
vp12/run2_2018-05-24-16-21-35.kinect_color,       22436,     22481, electronics    ,    45
vp12/run2_2018-05-24-16-21-35.kinect_color,       22481,     22527, electronics    ,    46
vp12/run2_2018-05-24-16-21-35.kinect_color,       22527,     22572, electronics    ,    45
vp12/run2_2018-05-24-16-21-35.kinect_color,       22572,     22618, electronics    ,    46
vp12/run2_2018-05-24-16-21-35.kinect_color,       22618,     22662, electronics    ,    44
vp12/run2_2018-05-24-16-21-35.kinect_color,       22662,     22707, electronics    ,    45
vp12/run2_2018-05-24-16-21-35.kinect_color,       22707,     22753, electronics    ,    46
vp12/run2_2018-05-24-16-21-35.kinect_color,       22753,     22798, electronics    ,    45
vp12/run2_2018-05-24-16-21-35.kinect_color,       22798,     22844, electronics    ,    46
vp12/run2_2018-05-24-16-21-35.kinect_color,       22844,     22890, electronics    ,    46
vp12/run2_2018-05-24-16-21-35.kinect_color,       22890,     22935, electronics    ,    45
vp12/run2_2018-05-24-16-21-35.kinect_color,       22935,     22969, reaching_behind,    34
vp12/run2_2018-05-24-16-21-35.kinect_color,       22969,     23014, electronics    ,    45
vp12/run2_2018-05-24-16-21-35.kinect_color,       23014,     23059, electronics    ,    45
vp12/run2_2018-05-24-16-21-35.kinect_color,       23059,     23074, electronics    ,    15
vp12/run2_2018-05-24-16-21-35.kinect_color,       23074,     23119, electronics    ,    45
vp12/run2_2018-05-24-16-21-35.kinect_color,       23119,     23163, electronics    ,    44
vp12/run2_2018-05-24-16-21-35.kinect_color,       23163,     23209, reaching_behind,    46
vp12/run2_2018-05-24-16-21-35.kinect_color,       23209,     23254, reaching_behind,    45
vp12/run2_2018-05-24-16-21-35.kinect_color,       23254,     23298, reaching_behind,    44
vp12/run2_2018-05-24-16-21-35.kinect_color,       23308,     23312, electronics    ,     4
vp13/run1_2018-05-29-15-21-10.kinect_color,         278,       320, electronics    ,    42
vp13/run1_2018-05-29-15-21-10.kinect_color,        3392,      3402, electronics    ,    10
vp13/run1_2018-05-29-15-21-10.kinect_color,        3617,      3662, electronics    ,    45
vp13/run1_2018-05-29-15-21-10.kinect_color,        3662,      3669, electronics    ,     7
vp13/run1_2018-05-29-15-21-10.kinect_color,        4193,      4239, reaching_behind,    46
vp13/run1_2018-05-29-15-21-10.kinect_color,        4239,      4284, reaching_behind,    45
vp13/run1_2018-05-29-15-21-10.kinect_color,        4284,      4303, reaching_behind,    19
vp13/run1_2018-05-29-15-21-10.kinect_color,        5654,      5699, reaching_behind,    45
vp13/run1_2018-05-29-15-21-10.kinect_color,        5699,      5727, reaching_behind,    28
vp13/run1_2018-05-29-15-21-10.kinect_color,        5727,      5771, reaching_behind,    44
vp13/run1_2018-05-29-15-21-10.kinect_color,        6081,      6127, reaching_behind,    46
vp13/run1_2018-05-29-15-21-10.kinect_color,        6127,      6150, reaching_behind,    23
vp13/run1_2018-05-29-15-21-10.kinect_color,        6163,      6174, electronics    ,    11
vp13/run1_2018-05-29-15-21-10.kinect_color,        6756,      6801, reaching_behind,    45
vp13/run1_2018-05-29-15-21-10.kinect_color,        6801,      6808, reaching_behind,     7
vp13/run1_2018-05-29-15-21-10.kinect_color,        7318,      7329, electronics    ,    11
vp13/run1_2018-05-29-15-21-10.kinect_color,        7875,      7910, reaching_behind,    35
vp13/run1_2018-05-29-15-21-10.kinect_color,        9562,      9605, reaching_behind,    43
vp13/run1_2018-05-29-15-21-10.kinect_color,        9605,      9650, reaching_behind,    45
vp13/run1_2018-05-29-15-21-10.kinect_color,        9650,      9666, reaching_behind,    16
vp13/run1_2018-05-29-15-21-10.kinect_color,        9923,      9969, reaching_behind,    46
vp13/run1_2018-05-29-15-21-10.kinect_color,        9976,      9987, electronics    ,    11
vp13/run1_2018-05-29-15-21-10.kinect_color,       10412,     10427, electronics    ,    15
vp13/run1_2018-05-29-15-21-10.kinect_color,       10889,     10932, reaching_behind,    43
vp13/run1_2018-05-29-15-21-10.kinect_color,       10932,     10978, eat_drink      ,    46
vp13/run1_2018-05-29-15-21-10.kinect_color,       10978,     11023, eat_drink      ,    45
vp13/run1_2018-05-29-15-21-10.kinect_color,       11023,     11068, eat_drink      ,    45
vp13/run1_2018-05-29-15-21-10.kinect_color,       11068,     11113, eat_drink      ,    45
vp13/run1_2018-05-29-15-21-10.kinect_color,       11113,     11158, eat_drink      ,    45
vp13/run1_2018-05-29-15-21-10.kinect_color,       11158,     11205, eat_drink      ,    47
vp13/run1_2018-05-29-15-21-10.kinect_color,       11205,     11250, eat_drink      ,    45
vp13/run1_2018-05-29-15-21-10.kinect_color,       11250,     11295, eat_drink      ,    45
vp13/run1_2018-05-29-15-21-10.kinect_color,       11295,     11341, eat_drink      ,    46
vp13/run1_2018-05-29-15-21-10.kinect_color,       11341,     11385, eat_drink      ,    44
vp13/run1_2018-05-29-15-21-10.kinect_color,       11385,     11431, eat_drink      ,    46
vp13/run1_2018-05-29-15-21-10.kinect_color,       11431,     11476, eat_drink      ,    45
vp13/run1_2018-05-29-15-21-10.kinect_color,       11476,     11521, eat_drink      ,    45
vp13/run1_2018-05-29-15-21-10.kinect_color,       11521,     11566, eat_drink      ,    45
vp13/run1_2018-05-29-15-21-10.kinect_color,       11566,     11611, eat_drink      ,    45
vp13/run1_2018-05-29-15-21-10.kinect_color,       11611,     11649, eat_drink      ,    38
vp13/run1_2018-05-29-15-21-10.kinect_color,       11649,     11690, reaching_behind,    41
vp13/run1_2018-05-29-15-21-10.kinect_color,       11693,     11697, electronics    ,     4
vp13/run1_2018-05-29-15-21-10.kinect_color,       12258,     12303, reaching_behind,    45
vp13/run1_2018-05-29-15-21-10.kinect_color,       12303,     12308, reaching_behind,     5
vp13/run1_2018-05-29-15-21-10.kinect_color,       12367,     12413, eat_drink      ,    46
vp13/run1_2018-05-29-15-21-10.kinect_color,       12413,     12458, eat_drink      ,    45
vp13/run1_2018-05-29-15-21-10.kinect_color,       12458,     12503, eat_drink      ,    45
vp13/run1_2018-05-29-15-21-10.kinect_color,       12503,     12548, eat_drink      ,    45
vp13/run1_2018-05-29-15-21-10.kinect_color,       12548,     12595, eat_drink      ,    47
vp13/run1_2018-05-29-15-21-10.kinect_color,       12595,     12605, eat_drink      ,    10
vp13/run1_2018-05-29-15-21-10.kinect_color,       12605,     12650, eat_drink      ,    45
vp13/run1_2018-05-29-15-21-10.kinect_color,       12650,     12695, eat_drink      ,    45
vp13/run1_2018-05-29-15-21-10.kinect_color,       12695,     12740, eat_drink      ,    45
vp13/run1_2018-05-29-15-21-10.kinect_color,       12740,     12785, eat_drink      ,    45
vp13/run1_2018-05-29-15-21-10.kinect_color,       12785,     12788, eat_drink      ,     3
vp13/run1_2018-05-29-15-21-10.kinect_color,       12788,     12833, eat_drink      ,    45
vp13/run1_2018-05-29-15-21-10.kinect_color,       12833,     12866, eat_drink      ,    33
vp13/run1_2018-05-29-15-21-10.kinect_color,       12866,     12911, reaching_behind,    45
vp13/run1_2018-05-29-15-21-10.kinect_color,       12911,     12920, reaching_behind,     9
vp13/run1_2018-05-29-15-21-10.kinect_color,       12920,     12933, electronics    ,    13
vp13/run1_2018-05-29-15-21-10.kinect_color,       13570,     13615, reaching_behind,    45
vp13/run1_2018-05-29-15-21-10.kinect_color,       13665,     13672, electronics    ,     7
vp13/run1_2018-05-29-15-21-10.kinect_color,       13924,     13970, reaching_behind,    46
vp13/run1_2018-05-29-15-21-10.kinect_color,       13970,     14015, reaching_behind,    45
vp13/run1_2018-05-29-15-21-10.kinect_color,       14015,     14061, reaching_behind,    46
vp13/run1_2018-05-29-15-21-10.kinect_color,       14061,     14106, reaching_behind,    45
vp13/run1_2018-05-29-15-21-10.kinect_color,       14106,     14153, reaching_behind,    47
vp13/run1_2018-05-29-15-21-10.kinect_color,       14153,     14198, reaching_behind,    45
vp13/run1_2018-05-29-15-21-10.kinect_color,       14198,     14243, reaching_behind,    45
vp13/run1_2018-05-29-15-21-10.kinect_color,       14243,     14288, reaching_behind,    45
vp13/run1_2018-05-29-15-21-10.kinect_color,       14288,     14334, reaching_behind,    46
vp13/run1_2018-05-29-15-21-10.kinect_color,       14334,     14379, reaching_behind,    45
vp13/run1_2018-05-29-15-21-10.kinect_color,       14379,     14398, reaching_behind,    19
vp13/run1_2018-05-29-15-21-10.kinect_color,       14398,     14443, reaching_behind,    45
vp13/run1_2018-05-29-15-21-10.kinect_color,       14443,     14489, reaching_behind,    46
vp13/run1_2018-05-29-15-21-10.kinect_color,       14489,     14495, reaching_behind,     6
vp13/run1_2018-05-29-15-21-10.kinect_color,       14495,     14540, electronics    ,    45
vp13/run1_2018-05-29-15-21-10.kinect_color,       14540,     14559, electronics    ,    19
vp13/run1_2018-05-29-15-21-10.kinect_color,       14559,     14605, electronics    ,    46
vp13/run1_2018-05-29-15-21-10.kinect_color,       14605,     14650, electronics    ,    45
vp13/run1_2018-05-29-15-21-10.kinect_color,       14650,     14696, electronics    ,    46
vp13/run1_2018-05-29-15-21-10.kinect_color,       14696,     14741, electronics    ,    45
vp13/run1_2018-05-29-15-21-10.kinect_color,       14741,     14787, electronics    ,    46
vp13/run1_2018-05-29-15-21-10.kinect_color,       14787,     14833, electronics    ,    46
vp13/run1_2018-05-29-15-21-10.kinect_color,       14833,     14879, electronics    ,    46
vp13/run1_2018-05-29-15-21-10.kinect_color,       14879,     14924, electronics    ,    45
vp13/run1_2018-05-29-15-21-10.kinect_color,       14924,     14954, electronics    ,    30
vp13/run1_2018-05-29-15-21-10.kinect_color,       14954,     15001, reaching_behind,    47
vp13/run1_2018-05-29-15-21-10.kinect_color,       15001,     15044, reaching_behind,    43
vp13/run1_2018-05-29-15-21-10.kinect_color,       15044,     15090, electronics    ,    46
vp13/run1_2018-05-29-15-21-10.kinect_color,       15090,     15135, electronics    ,    45
vp13/run1_2018-05-29-15-21-10.kinect_color,       15135,     15180, electronics    ,    45
vp13/run1_2018-05-29-15-21-10.kinect_color,       15180,     15226, electronics    ,    46
vp13/run1_2018-05-29-15-21-10.kinect_color,       15226,     15271, electronics    ,    45
vp13/run1_2018-05-29-15-21-10.kinect_color,       15271,     15316, electronics    ,    45
vp13/run1_2018-05-29-15-21-10.kinect_color,       15316,     15361, electronics    ,    45
vp13/run1_2018-05-29-15-21-10.kinect_color,       15361,     15406, electronics    ,    45
vp13/run1_2018-05-29-15-21-10.kinect_color,       15406,     15452, electronics    ,    46
vp13/run1_2018-05-29-15-21-10.kinect_color,       15452,     15497, electronics    ,    45
vp13/run1_2018-05-29-15-21-10.kinect_color,       15497,     15542, electronics    ,    45
vp13/run1_2018-05-29-15-21-10.kinect_color,       15542,     15587, electronics    ,    45
vp13/run1_2018-05-29-15-21-10.kinect_color,       15587,     15632, electronics    ,    45
vp13/run1_2018-05-29-15-21-10.kinect_color,       15632,     15678, electronics    ,    46
vp13/run1_2018-05-29-15-21-10.kinect_color,       15678,     15723, electronics    ,    45
vp13/run1_2018-05-29-15-21-10.kinect_color,       15723,     15769, electronics    ,    46
vp13/run1_2018-05-29-15-21-10.kinect_color,       15769,     15813, electronics    ,    44
vp13/run1_2018-05-29-15-21-10.kinect_color,       15813,     15839, reaching_behind,    26
vp13/run1_2018-05-29-15-21-10.kinect_color,       15839,     15860, electronics    ,    21
vp13/run1_2018-05-29-15-21-10.kinect_color,       15860,     15905, electronics    ,    45
vp13/run1_2018-05-29-15-21-10.kinect_color,       15905,     15924, electronics    ,    19
vp13/run1_2018-05-29-15-21-10.kinect_color,       15924,     15970, reaching_behind,    46
vp13/run1_2018-05-29-15-21-10.kinect_color,       15970,     15985, reaching_behind,    15
vp13/run1_2018-05-29-15-21-10.kinect_color,       15985,     15998, electronics    ,    13
vp13/run1_2018-05-29-15-21-10.kinect_color,       16134,     16168, reaching_behind,    34
vp13/run1_2018-05-29-15-21-10.kinect_color,       16455,     16475, reaching_behind,    20
vp13/run1_2018-05-29-15-21-10.kinect_color,       16475,     16509, reaching_behind,    34
vp13/run1_2018-05-29-15-21-10.kinect_color,       16509,     16550, electronics    ,    41
vp13/run1_2018-05-29-15-21-10.kinect_color,       16550,     16595, electronics    ,    45
vp13/run1_2018-05-29-15-21-10.kinect_color,       16595,     16641, electronics    ,    46
vp13/run1_2018-05-29-15-21-10.kinect_color,       16641,     16686, electronics    ,    45
vp13/run1_2018-05-29-15-21-10.kinect_color,       16686,     16731, electronics    ,    45
vp13/run1_2018-05-29-15-21-10.kinect_color,       16731,     16776, electronics    ,    45
vp13/run1_2018-05-29-15-21-10.kinect_color,       16776,     16822, electronics    ,    46
vp13/run1_2018-05-29-15-21-10.kinect_color,       16822,     16867, electronics    ,    45
vp13/run1_2018-05-29-15-21-10.kinect_color,       16867,     16913, electronics    ,    46
vp13/run1_2018-05-29-15-21-10.kinect_color,       16913,     16958, electronics    ,    45
vp13/run1_2018-05-29-15-21-10.kinect_color,       16958,     17003, electronics    ,    45
vp13/run1_2018-05-29-15-21-10.kinect_color,       17003,     17049, electronics    ,    46
vp13/run1_2018-05-29-15-21-10.kinect_color,       17049,     17094, electronics    ,    45
vp13/run1_2018-05-29-15-21-10.kinect_color,       17094,     17131, electronics    ,    37
vp13/run1_2018-05-29-15-21-10.kinect_color,       17131,     17164, electronics    ,    33
vp13/run1_2018-05-29-15-21-10.kinect_color,       17164,     17206, reaching_behind,    42
vp13/run1_2018-05-29-15-21-10.kinect_color,       17752,     17788, electronics    ,    36
vp13/run1_2018-05-29-15-21-10.kinect_color,       17826,     17872, electronics    ,    46
vp13/run1_2018-05-29-15-21-10.kinect_color,       17872,     17898, electronics    ,    26
vp13/run1_2018-05-29-15-21-10.kinect_color,       21548,     21568, electronics    ,    20
vp13/run1_2018-05-29-15-21-10.kinect_color,       22130,     22149, electronics    ,    19
vp13/run2_2018-05-30-11-34-54.kinect_color,         771,       801, electronics    ,    30
vp13/run2_2018-05-30-11-34-54.kinect_color,        3553,      3590, electronics    ,    37
vp13/run2_2018-05-30-11-34-54.kinect_color,        3774,      3819, reaching_behind,    45
vp13/run2_2018-05-30-11-34-54.kinect_color,        3819,      3864, reaching_behind,    45
vp13/run2_2018-05-30-11-34-54.kinect_color,        4839,      4879, reaching_behind,    40
vp13/run2_2018-05-30-11-34-54.kinect_color,        4879,      4906, reaching_behind,    27
vp13/run2_2018-05-30-11-34-54.kinect_color,        5250,      5296, reaching_behind,    46
vp13/run2_2018-05-30-11-34-54.kinect_color,        5303,      5311, electronics    ,     8
vp13/run2_2018-05-30-11-34-54.kinect_color,        5436,      5481, reaching_behind,    45
vp13/run2_2018-05-30-11-34-54.kinect_color,        5481,      5495, reaching_behind,    14
vp13/run2_2018-05-30-11-34-54.kinect_color,        6260,      6272, electronics    ,    12
vp13/run2_2018-05-30-11-34-54.kinect_color,        6590,      6635, reaching_behind,    45
vp13/run2_2018-05-30-11-34-54.kinect_color,        6635,      6652, reaching_behind,    17
vp13/run2_2018-05-30-11-34-54.kinect_color,        6701,      6714, electronics    ,    13
vp13/run2_2018-05-30-11-34-54.kinect_color,        7371,      7416, reaching_behind,    45
vp13/run2_2018-05-30-11-34-54.kinect_color,        7416,      7451, reaching_behind,    35
vp13/run2_2018-05-30-11-34-54.kinect_color,        7451,      7498, electronics    ,    47
vp13/run2_2018-05-30-11-34-54.kinect_color,        7498,      7500, electronics    ,     2
vp13/run2_2018-05-30-11-34-54.kinect_color,        7500,      7545, electronics    ,    45
vp13/run2_2018-05-30-11-34-54.kinect_color,        7545,      7591, electronics    ,    46
vp13/run2_2018-05-30-11-34-54.kinect_color,        7591,      7636, electronics    ,    45
vp13/run2_2018-05-30-11-34-54.kinect_color,        7636,      7681, electronics    ,    45
vp13/run2_2018-05-30-11-34-54.kinect_color,        7681,      7726, electronics    ,    45
vp13/run2_2018-05-30-11-34-54.kinect_color,        7726,      7772, electronics    ,    46
vp13/run2_2018-05-30-11-34-54.kinect_color,        7772,      7814, electronics    ,    42
vp13/run2_2018-05-30-11-34-54.kinect_color,        7814,      7847, electronics    ,    33
vp13/run2_2018-05-30-11-34-54.kinect_color,        7847,      7892, reaching_behind,    45
vp13/run2_2018-05-30-11-34-54.kinect_color,        7892,      7930, reaching_behind,    38
vp13/run2_2018-05-30-11-34-54.kinect_color,        7930,      7976, reaching_behind,    46
vp13/run2_2018-05-30-11-34-54.kinect_color,        7976,      8003, reaching_behind,    27
vp13/run2_2018-05-30-11-34-54.kinect_color,        8003,      8048, electronics    ,    45
vp13/run2_2018-05-30-11-34-54.kinect_color,        8048,      8094, electronics    ,    46
vp13/run2_2018-05-30-11-34-54.kinect_color,        8094,      8139, electronics    ,    45
vp13/run2_2018-05-30-11-34-54.kinect_color,        8139,      8184, electronics    ,    45
vp13/run2_2018-05-30-11-34-54.kinect_color,        8184,      8231, electronics    ,    47
vp13/run2_2018-05-30-11-34-54.kinect_color,        8231,      8275, electronics    ,    44
vp13/run2_2018-05-30-11-34-54.kinect_color,        8275,      8321, electronics    ,    46
vp13/run2_2018-05-30-11-34-54.kinect_color,        8321,      8366, electronics    ,    45
vp13/run2_2018-05-30-11-34-54.kinect_color,        8366,      8412, electronics    ,    46
vp13/run2_2018-05-30-11-34-54.kinect_color,        8412,      8457, electronics    ,    45
vp13/run2_2018-05-30-11-34-54.kinect_color,        8457,      8503, electronics    ,    46
vp13/run2_2018-05-30-11-34-54.kinect_color,        8503,      8548, electronics    ,    45
vp13/run2_2018-05-30-11-34-54.kinect_color,        8548,      8578, electronics    ,    30
vp13/run2_2018-05-30-11-34-54.kinect_color,        8578,      8613, reaching_behind,    35
vp13/run2_2018-05-30-11-34-54.kinect_color,        8613,      8658, electronics    ,    45
vp13/run2_2018-05-30-11-34-54.kinect_color,        8658,      8701, electronics    ,    43
vp13/run2_2018-05-30-11-34-54.kinect_color,        9185,      9222, reaching_behind,    37
vp13/run2_2018-05-30-11-34-54.kinect_color,        9222,      9247, electronics    ,    25
vp13/run2_2018-05-30-11-34-54.kinect_color,        9247,      9292, electronics    ,    45
vp13/run2_2018-05-30-11-34-54.kinect_color,        9292,      9337, electronics    ,    45
vp13/run2_2018-05-30-11-34-54.kinect_color,        9337,      9382, electronics    ,    45
vp13/run2_2018-05-30-11-34-54.kinect_color,        9382,      9427, electronics    ,    45
vp13/run2_2018-05-30-11-34-54.kinect_color,        9427,      9472, electronics    ,    45
vp13/run2_2018-05-30-11-34-54.kinect_color,        9472,      9517, electronics    ,    45
vp13/run2_2018-05-30-11-34-54.kinect_color,        9517,      9563, electronics    ,    46
vp13/run2_2018-05-30-11-34-54.kinect_color,        9563,      9608, electronics    ,    45
vp13/run2_2018-05-30-11-34-54.kinect_color,        9608,      9653, electronics    ,    45
vp13/run2_2018-05-30-11-34-54.kinect_color,        9653,      9698, electronics    ,    45
vp13/run2_2018-05-30-11-34-54.kinect_color,        9698,      9744, electronics    ,    46
vp13/run2_2018-05-30-11-34-54.kinect_color,        9744,      9789, electronics    ,    45
vp13/run2_2018-05-30-11-34-54.kinect_color,        9789,      9834, electronics    ,    45
vp13/run2_2018-05-30-11-34-54.kinect_color,        9834,      9879, electronics    ,    45
vp13/run2_2018-05-30-11-34-54.kinect_color,        9879,      9924, electronics    ,    45
vp13/run2_2018-05-30-11-34-54.kinect_color,        9924,      9971, electronics    ,    47
vp13/run2_2018-05-30-11-34-54.kinect_color,        9971,      9987, electronics    ,    16
vp13/run2_2018-05-30-11-34-54.kinect_color,        9987,     10032, electronics    ,    45
vp13/run2_2018-05-30-11-34-54.kinect_color,       10032,     10040, electronics    ,     8
vp13/run2_2018-05-30-11-34-54.kinect_color,       10072,     10117, reaching_behind,    45
vp13/run2_2018-05-30-11-34-54.kinect_color,       10117,     10164, reaching_behind,    47
vp13/run2_2018-05-30-11-34-54.kinect_color,       10164,     10191, reaching_behind,    27
vp13/run2_2018-05-30-11-34-54.kinect_color,       10480,     10506, reaching_behind,    26
vp13/run2_2018-05-30-11-34-54.kinect_color,       10545,     10555, electronics    ,    10
vp13/run2_2018-05-30-11-34-54.kinect_color,       10700,     10733, reaching_behind,    33
vp13/run2_2018-05-30-11-34-54.kinect_color,       10733,     10779, eat_drink      ,    46
vp13/run2_2018-05-30-11-34-54.kinect_color,       10779,     10824, eat_drink      ,    45
vp13/run2_2018-05-30-11-34-54.kinect_color,       10824,     10870, eat_drink      ,    46
vp13/run2_2018-05-30-11-34-54.kinect_color,       10870,     10915, eat_drink      ,    45
vp13/run2_2018-05-30-11-34-54.kinect_color,       10915,     10961, eat_drink      ,    46
vp13/run2_2018-05-30-11-34-54.kinect_color,       10961,     11006, eat_drink      ,    45
vp13/run2_2018-05-30-11-34-54.kinect_color,       11006,     11052, eat_drink      ,    46
vp13/run2_2018-05-30-11-34-54.kinect_color,       11052,     11098, eat_drink      ,    46
vp13/run2_2018-05-30-11-34-54.kinect_color,       11098,     11143, eat_drink      ,    45
vp13/run2_2018-05-30-11-34-54.kinect_color,       11143,     11189, eat_drink      ,    46
vp13/run2_2018-05-30-11-34-54.kinect_color,       11189,     11234, eat_drink      ,    45
vp13/run2_2018-05-30-11-34-54.kinect_color,       11234,     11280, eat_drink      ,    46
vp13/run2_2018-05-30-11-34-54.kinect_color,       11280,     11326, eat_drink      ,    46
vp13/run2_2018-05-30-11-34-54.kinect_color,       11326,     11372, eat_drink      ,    46
vp13/run2_2018-05-30-11-34-54.kinect_color,       11372,     11417, eat_drink      ,    45
vp13/run2_2018-05-30-11-34-54.kinect_color,       11417,     11443, eat_drink      ,    26
vp13/run2_2018-05-30-11-34-54.kinect_color,       11491,     11530, reaching_behind,    39
vp13/run2_2018-05-30-11-34-54.kinect_color,       11530,     11574, eat_drink      ,    44
vp13/run2_2018-05-30-11-34-54.kinect_color,       11574,     11619, eat_drink      ,    45
vp13/run2_2018-05-30-11-34-54.kinect_color,       11619,     11666, eat_drink      ,    47
vp13/run2_2018-05-30-11-34-54.kinect_color,       11666,     11712, eat_drink      ,    46
vp13/run2_2018-05-30-11-34-54.kinect_color,       11712,     11759, eat_drink      ,    47
vp13/run2_2018-05-30-11-34-54.kinect_color,       11759,     11762, eat_drink      ,     3
vp13/run2_2018-05-30-11-34-54.kinect_color,       11762,     11783, eat_drink      ,    21
vp13/run2_2018-05-30-11-34-54.kinect_color,       11973,     12011, reaching_behind,    38
vp13/run2_2018-05-30-11-34-54.kinect_color,       12115,     12142, reaching_behind,    27
vp13/run2_2018-05-30-11-34-54.kinect_color,       12142,     12161, eat_drink      ,    19
vp13/run2_2018-05-30-11-34-54.kinect_color,       12161,     12206, eat_drink      ,    45
vp13/run2_2018-05-30-11-34-54.kinect_color,       12206,     12253, eat_drink      ,    47
vp13/run2_2018-05-30-11-34-54.kinect_color,       12253,     12298, eat_drink      ,    45
vp13/run2_2018-05-30-11-34-54.kinect_color,       12298,     12338, eat_drink      ,    40
vp13/run2_2018-05-30-11-34-54.kinect_color,       12338,     12383, eat_drink      ,    45
vp13/run2_2018-05-30-11-34-54.kinect_color,       12383,     12395, eat_drink      ,    12
vp13/run2_2018-05-30-11-34-54.kinect_color,       12395,     12441, reaching_behind,    46
vp13/run2_2018-05-30-11-34-54.kinect_color,       12441,     12445, reaching_behind,     4
vp13/run2_2018-05-30-11-34-54.kinect_color,       12457,     12463, electronics    ,     6
vp13/run2_2018-05-30-11-34-54.kinect_color,       12808,     12853, reaching_behind,    45
vp13/run2_2018-05-30-11-34-54.kinect_color,       12853,     12868, reaching_behind,    15
vp13/run2_2018-05-30-11-34-54.kinect_color,       12868,     12884, electronics    ,    16
vp13/run2_2018-05-30-11-34-54.kinect_color,       13454,     13499, reaching_behind,    45
vp13/run2_2018-05-30-11-34-54.kinect_color,       13499,     13545, reaching_behind,    46
vp13/run2_2018-05-30-11-34-54.kinect_color,       13545,     13554, reaching_behind,     9
vp13/run2_2018-05-30-11-34-54.kinect_color,       14472,     14518, reaching_behind,    46
vp13/run2_2018-05-30-11-34-54.kinect_color,       14518,     14550, reaching_behind,    32
vp13/run2_2018-05-30-11-34-54.kinect_color,       14550,     14596, reaching_behind,    46
vp13/run2_2018-05-30-11-34-54.kinect_color,       14596,     14630, reaching_behind,    34
vp13/run2_2018-05-30-11-34-54.kinect_color,       14889,     14935, reaching_behind,    46
vp13/run2_2018-05-30-11-34-54.kinect_color,       14935,     14947, reaching_behind,    12
vp13/run2_2018-05-30-11-34-54.kinect_color,       14947,     14955, electronics    ,     8
vp13/run2_2018-05-30-11-34-54.kinect_color,       15506,     15533, electronics    ,    27
vp13/run2_2018-05-30-11-34-54.kinect_color,       18264,     18271, electronics    ,     7
vp13/run2_2018-05-30-11-34-54.kinect_color,       19210,     19227, electronics    ,    17
vp13/run2_2018-05-30-11-34-54.kinect_color,       20189,     20197, electronics    ,     8
vp14/run1_2018-05-30-10-11-09.kinect_color,         481,       527, electronics    ,    46
vp14/run1_2018-05-30-10-11-09.kinect_color,         527,       565, electronics    ,    38
vp14/run1_2018-05-30-10-11-09.kinect_color,        3432,      3477, electronics    ,    45
vp14/run1_2018-05-30-10-11-09.kinect_color,        3477,      3484, electronics    ,     7
vp14/run1_2018-05-30-10-11-09.kinect_color,        3647,      3681, reaching_behind,    34
vp14/run1_2018-05-30-10-11-09.kinect_color,        3681,      3727, electronics    ,    46
vp14/run1_2018-05-30-10-11-09.kinect_color,        3727,      3772, electronics    ,    45
vp14/run1_2018-05-30-10-11-09.kinect_color,        3772,      3808, electronics    ,    36
vp14/run1_2018-05-30-10-11-09.kinect_color,        3808,      3854, reaching_behind,    46
vp14/run1_2018-05-30-10-11-09.kinect_color,        3854,      3899, reaching_behind,    45
vp14/run1_2018-05-30-10-11-09.kinect_color,        3899,      3918, reaching_behind,    19
vp14/run1_2018-05-30-10-11-09.kinect_color,        3918,      3963, reaching_behind,    45
vp14/run1_2018-05-30-10-11-09.kinect_color,        3963,      3975, reaching_behind,    12
vp14/run1_2018-05-30-10-11-09.kinect_color,        3975,      4021, electronics    ,    46
vp14/run1_2018-05-30-10-11-09.kinect_color,        4021,      4065, electronics    ,    44
vp14/run1_2018-05-30-10-11-09.kinect_color,        4065,      4110, electronics    ,    45
vp14/run1_2018-05-30-10-11-09.kinect_color,        4110,      4156, electronics    ,    46
vp14/run1_2018-05-30-10-11-09.kinect_color,        4156,      4201, electronics    ,    45
vp14/run1_2018-05-30-10-11-09.kinect_color,        4201,      4247, electronics    ,    46
vp14/run1_2018-05-30-10-11-09.kinect_color,        4247,      4292, electronics    ,    45
vp14/run1_2018-05-30-10-11-09.kinect_color,        4292,      4337, electronics    ,    45
vp14/run1_2018-05-30-10-11-09.kinect_color,        4337,      4382, electronics    ,    45
vp14/run1_2018-05-30-10-11-09.kinect_color,        4382,      4428, electronics    ,    46
vp14/run1_2018-05-30-10-11-09.kinect_color,        4428,      4474, electronics    ,    46
vp14/run1_2018-05-30-10-11-09.kinect_color,        4474,      4518, electronics    ,    44
vp14/run1_2018-05-30-10-11-09.kinect_color,        4518,      4557, electronics    ,    39
vp14/run1_2018-05-30-10-11-09.kinect_color,        4557,      4602, reaching_behind,    45
vp14/run1_2018-05-30-10-11-09.kinect_color,        4602,      4647, reaching_behind,    45
vp14/run1_2018-05-30-10-11-09.kinect_color,        4647,      4661, reaching_behind,    14
vp14/run1_2018-05-30-10-11-09.kinect_color,        5199,      5244, reaching_behind,    45
vp14/run1_2018-05-30-10-11-09.kinect_color,        5244,      5287, reaching_behind,    43
vp14/run1_2018-05-30-10-11-09.kinect_color,        5287,      5333, eat_drink      ,    46
vp14/run1_2018-05-30-10-11-09.kinect_color,        5333,      5379, eat_drink      ,    46
vp14/run1_2018-05-30-10-11-09.kinect_color,        5379,      5424, eat_drink      ,    45
vp14/run1_2018-05-30-10-11-09.kinect_color,        5424,      5471, eat_drink      ,    47
vp14/run1_2018-05-30-10-11-09.kinect_color,        5471,      5516, eat_drink      ,    45
vp14/run1_2018-05-30-10-11-09.kinect_color,        5516,      5529, eat_drink      ,    13
vp14/run1_2018-05-30-10-11-09.kinect_color,        5529,      5574, reaching_behind,    45
vp14/run1_2018-05-30-10-11-09.kinect_color,        5574,      5588, reaching_behind,    14
vp14/run1_2018-05-30-10-11-09.kinect_color,        5588,      5633, reaching_behind,    45
vp14/run1_2018-05-30-10-11-09.kinect_color,        5633,      5678, reaching_behind,    45
vp14/run1_2018-05-30-10-11-09.kinect_color,        5678,      5723, reaching_behind,    45
vp14/run1_2018-05-30-10-11-09.kinect_color,        5723,      5763, reaching_behind,    40
vp14/run1_2018-05-30-10-11-09.kinect_color,        5763,      5809, eat_drink      ,    46
vp14/run1_2018-05-30-10-11-09.kinect_color,        5809,      5855, eat_drink      ,    46
vp14/run1_2018-05-30-10-11-09.kinect_color,        5855,      5873, eat_drink      ,    18
vp14/run1_2018-05-30-10-11-09.kinect_color,        5873,      5918, eat_drink      ,    45
vp14/run1_2018-05-30-10-11-09.kinect_color,        5918,      5963, eat_drink      ,    45
vp14/run1_2018-05-30-10-11-09.kinect_color,        5963,      5966, eat_drink      ,     3
vp14/run1_2018-05-30-10-11-09.kinect_color,        5966,      6012, eat_drink      ,    46
vp14/run1_2018-05-30-10-11-09.kinect_color,        6012,      6033, eat_drink      ,    21
vp14/run1_2018-05-30-10-11-09.kinect_color,        6033,      6078, reaching_behind,    45
vp14/run1_2018-05-30-10-11-09.kinect_color,        6078,      6082, reaching_behind,     4
vp14/run1_2018-05-30-10-11-09.kinect_color,        6188,      6200, electronics    ,    12
vp14/run1_2018-05-30-10-11-09.kinect_color,        6560,      6563, electronics    ,     3
vp14/run1_2018-05-30-10-11-09.kinect_color,        6693,      6739, reaching_behind,    46
vp14/run1_2018-05-30-10-11-09.kinect_color,        6739,      6761, reaching_behind,    22
vp14/run1_2018-05-30-10-11-09.kinect_color,        6761,      6807, eat_drink      ,    46
vp14/run1_2018-05-30-10-11-09.kinect_color,        6807,      6852, eat_drink      ,    45
vp14/run1_2018-05-30-10-11-09.kinect_color,        6852,      6897, eat_drink      ,    45
vp14/run1_2018-05-30-10-11-09.kinect_color,        6897,      6921, eat_drink      ,    24
vp14/run1_2018-05-30-10-11-09.kinect_color,        6921,      6966, reaching_behind,    45
vp14/run1_2018-05-30-10-11-09.kinect_color,        6966,      6973, reaching_behind,     7
vp14/run1_2018-05-30-10-11-09.kinect_color,        6973,      7018, reaching_behind,    45
vp14/run1_2018-05-30-10-11-09.kinect_color,        7018,      7037, reaching_behind,    19
vp14/run1_2018-05-30-10-11-09.kinect_color,        7037,      7062, reaching_behind,    25
vp14/run1_2018-05-30-10-11-09.kinect_color,        7062,      7107, reaching_behind,    45
vp14/run1_2018-05-30-10-11-09.kinect_color,        7107,      7131, reaching_behind,    24
vp14/run1_2018-05-30-10-11-09.kinect_color,        9488,      9534, reaching_behind,    46
vp14/run1_2018-05-30-10-11-09.kinect_color,        9534,      9579, reaching_behind,    45
vp14/run1_2018-05-30-10-11-09.kinect_color,        9579,      9583, reaching_behind,     4
vp14/run1_2018-05-30-10-11-09.kinect_color,        9809,      9854, reaching_behind,    45
vp14/run1_2018-05-30-10-11-09.kinect_color,        9854,      9899, reaching_behind,    45
vp14/run1_2018-05-30-10-11-09.kinect_color,        9899,      9919, reaching_behind,    20
vp14/run1_2018-05-30-10-11-09.kinect_color,       10035,     10080, reaching_behind,    45
vp14/run1_2018-05-30-10-11-09.kinect_color,       10207,     10227, reaching_behind,    20
vp14/run1_2018-05-30-10-11-09.kinect_color,       10227,     10272, reaching_behind,    45
vp14/run1_2018-05-30-10-11-09.kinect_color,       10272,     10292, reaching_behind,    20
vp14/run1_2018-05-30-10-11-09.kinect_color,       10349,     10352, electronics    ,     3
vp14/run1_2018-05-30-10-11-09.kinect_color,       11779,     11784, electronics    ,     5
vp14/run1_2018-05-30-10-11-09.kinect_color,       11904,     11942, reaching_behind,    38
vp14/run1_2018-05-30-10-11-09.kinect_color,       11942,     11987, eat_drink      ,    45
vp14/run1_2018-05-30-10-11-09.kinect_color,       11987,     11998, eat_drink      ,    11
vp14/run1_2018-05-30-10-11-09.kinect_color,       11998,     12044, eat_drink      ,    46
vp14/run1_2018-05-30-10-11-09.kinect_color,       12044,     12052, eat_drink      ,     8
vp14/run1_2018-05-30-10-11-09.kinect_color,       12052,     12093, eat_drink      ,    41
vp14/run1_2018-05-30-10-11-09.kinect_color,       12093,     12120, reaching_behind,    27
vp14/run1_2018-05-30-10-11-09.kinect_color,       12174,     12219, reaching_behind,    45
vp14/run1_2018-05-30-10-11-09.kinect_color,       12219,     12242, reaching_behind,    23
vp14/run1_2018-05-30-10-11-09.kinect_color,       12487,     12490, electronics    ,     3
vp14/run1_2018-05-30-10-11-09.kinect_color,       12600,     12623, reaching_behind,    23
vp14/run1_2018-05-30-10-11-09.kinect_color,       12624,     12669, reaching_behind,    45
vp14/run1_2018-05-30-10-11-09.kinect_color,       12669,     12714, electronics    ,    45
vp14/run1_2018-05-30-10-11-09.kinect_color,       12714,     12743, electronics    ,    29
vp14/run1_2018-05-30-10-11-09.kinect_color,       12743,     12768, reaching_behind,    25
vp14/run1_2018-05-30-10-11-09.kinect_color,       13121,     13161, reaching_behind,    40
vp14/run1_2018-05-30-10-11-09.kinect_color,       13232,     13236, electronics    ,     4
vp14/run1_2018-05-30-10-11-09.kinect_color,       13263,     13303, reaching_behind,    40
vp14/run1_2018-05-30-10-11-09.kinect_color,       13303,     13349, electronics    ,    46
vp14/run1_2018-05-30-10-11-09.kinect_color,       13349,     13394, electronics    ,    45
vp14/run1_2018-05-30-10-11-09.kinect_color,       13394,     13432, electronics    ,    38
vp14/run1_2018-05-30-10-11-09.kinect_color,       13432,     13479, reaching_behind,    47
vp14/run1_2018-05-30-10-11-09.kinect_color,       13479,     13494, reaching_behind,    15
vp14/run1_2018-05-30-10-11-09.kinect_color,       13565,     13596, reaching_behind,    31
vp14/run1_2018-05-30-10-11-09.kinect_color,       13596,     13628, reaching_behind,    32
vp14/run1_2018-05-30-10-11-09.kinect_color,       13661,     13706, reaching_behind,    45
vp14/run1_2018-05-30-10-11-09.kinect_color,       15961,     15983, reaching_behind,    22
vp14/run1_2018-05-30-10-11-09.kinect_color,       15983,     16004, reaching_behind,    21
vp14/run1_2018-05-30-10-11-09.kinect_color,       16531,     16551, reaching_behind,    20
vp14/run1_2018-05-30-10-11-09.kinect_color,       17309,     17338, electronics    ,    29
vp14/run1_2018-05-30-10-11-09.kinect_color,       17363,     17408, reaching_behind,    45
vp14/run1_2018-05-30-10-11-09.kinect_color,       17408,     17453, eat_drink      ,    45
vp14/run1_2018-05-30-10-11-09.kinect_color,       17453,     17498, eat_drink      ,    45
vp14/run1_2018-05-30-10-11-09.kinect_color,       17498,     17543, eat_drink      ,    45
vp14/run1_2018-05-30-10-11-09.kinect_color,       17543,     17588, eat_drink      ,    45
vp14/run1_2018-05-30-10-11-09.kinect_color,       17588,     17633, eat_drink      ,    45
vp14/run1_2018-05-30-10-11-09.kinect_color,       17633,     17679, eat_drink      ,    46
vp14/run1_2018-05-30-10-11-09.kinect_color,       17679,     17724, eat_drink      ,    45
vp14/run1_2018-05-30-10-11-09.kinect_color,       17724,     17771, eat_drink      ,    47
vp14/run1_2018-05-30-10-11-09.kinect_color,       17771,     17817, eat_drink      ,    46
vp14/run1_2018-05-30-10-11-09.kinect_color,       17817,     17863, eat_drink      ,    46
vp14/run1_2018-05-30-10-11-09.kinect_color,       17863,     17908, eat_drink      ,    45
vp14/run1_2018-05-30-10-11-09.kinect_color,       17908,     17954, eat_drink      ,    46
vp14/run1_2018-05-30-10-11-09.kinect_color,       17954,     17999, eat_drink      ,    45
vp14/run1_2018-05-30-10-11-09.kinect_color,       17999,     18046, eat_drink      ,    47
vp14/run1_2018-05-30-10-11-09.kinect_color,       18046,     18091, eat_drink      ,    45
vp14/run1_2018-05-30-10-11-09.kinect_color,       18091,     18136, eat_drink      ,    45
vp14/run1_2018-05-30-10-11-09.kinect_color,       18136,     18182, eat_drink      ,    46
vp14/run1_2018-05-30-10-11-09.kinect_color,       18182,     18226, eat_drink      ,    44
vp14/run1_2018-05-30-10-11-09.kinect_color,       18226,     18272, eat_drink      ,    46
vp14/run1_2018-05-30-10-11-09.kinect_color,       18272,     18317, eat_drink      ,    45
vp14/run1_2018-05-30-10-11-09.kinect_color,       18317,     18359, eat_drink      ,    42
vp14/run1_2018-05-30-10-11-09.kinect_color,       18359,     18404, reaching_behind,    45
vp14/run1_2018-05-30-10-11-09.kinect_color,       18404,     18416, reaching_behind,    12
vp14/run1_2018-05-30-10-11-09.kinect_color,       19204,     19236, reaching_behind,    32
vp14/run1_2018-05-30-10-11-09.kinect_color,       19236,     19283, eat_drink      ,    47
vp14/run1_2018-05-30-10-11-09.kinect_color,       19283,     19328, eat_drink      ,    45
vp14/run1_2018-05-30-10-11-09.kinect_color,       19328,     19373, eat_drink      ,    45
vp14/run1_2018-05-30-10-11-09.kinect_color,       19373,     19419, eat_drink      ,    46
vp14/run1_2018-05-30-10-11-09.kinect_color,       19419,     19465, eat_drink      ,    46
vp14/run1_2018-05-30-10-11-09.kinect_color,       19465,     19510, eat_drink      ,    45
vp14/run1_2018-05-30-10-11-09.kinect_color,       19510,     19555, eat_drink      ,    45
vp14/run1_2018-05-30-10-11-09.kinect_color,       19555,     19601, eat_drink      ,    46
vp14/run1_2018-05-30-10-11-09.kinect_color,       19601,     19646, eat_drink      ,    45
vp14/run1_2018-05-30-10-11-09.kinect_color,       19646,     19691, eat_drink      ,    45
vp14/run1_2018-05-30-10-11-09.kinect_color,       19691,     19738, eat_drink      ,    47
vp14/run1_2018-05-30-10-11-09.kinect_color,       19738,     19782, eat_drink      ,    44
vp14/run1_2018-05-30-10-11-09.kinect_color,       19782,     19827, eat_drink      ,    45
vp14/run1_2018-05-30-10-11-09.kinect_color,       19827,     19872, eat_drink      ,    45
vp14/run1_2018-05-30-10-11-09.kinect_color,       19872,     19918, eat_drink      ,    46
vp14/run1_2018-05-30-10-11-09.kinect_color,       19918,     19964, eat_drink      ,    46
vp14/run1_2018-05-30-10-11-09.kinect_color,       19964,     20011, eat_drink      ,    47
vp14/run1_2018-05-30-10-11-09.kinect_color,       20011,     20057, eat_drink      ,    46
vp14/run1_2018-05-30-10-11-09.kinect_color,       20057,     20102, eat_drink      ,    45
vp14/run1_2018-05-30-10-11-09.kinect_color,       20102,     20150, eat_drink      ,    48
vp14/run1_2018-05-30-10-11-09.kinect_color,       20150,     20195, eat_drink      ,    45
vp14/run1_2018-05-30-10-11-09.kinect_color,       20195,     20240, eat_drink      ,    45
vp14/run1_2018-05-30-10-11-09.kinect_color,       20240,     20285, eat_drink      ,    45
vp14/run1_2018-05-30-10-11-09.kinect_color,       20285,     20330, eat_drink      ,    45
vp14/run1_2018-05-30-10-11-09.kinect_color,       20330,     20375, eat_drink      ,    45
vp14/run1_2018-05-30-10-11-09.kinect_color,       20375,     20422, eat_drink      ,    47
vp14/run1_2018-05-30-10-11-09.kinect_color,       20422,     20467, eat_drink      ,    45
vp14/run1_2018-05-30-10-11-09.kinect_color,       20467,     20513, eat_drink      ,    46
vp14/run1_2018-05-30-10-11-09.kinect_color,       20513,     20558, eat_drink      ,    45
vp14/run1_2018-05-30-10-11-09.kinect_color,       20558,     20604, eat_drink      ,    46
vp14/run1_2018-05-30-10-11-09.kinect_color,       20604,     20649, eat_drink      ,    45
vp14/run1_2018-05-30-10-11-09.kinect_color,       20649,     20694, eat_drink      ,    45
vp14/run1_2018-05-30-10-11-09.kinect_color,       20694,     20739, eat_drink      ,    45
vp14/run1_2018-05-30-10-11-09.kinect_color,       20739,     20785, eat_drink      ,    46
vp14/run1_2018-05-30-10-11-09.kinect_color,       20785,     20830, eat_drink      ,    45
vp14/run1_2018-05-30-10-11-09.kinect_color,       20830,     20839, eat_drink      ,     9
vp14/run1_2018-05-30-10-11-09.kinect_color,       20839,     20884, reaching_behind,    45
vp14/run1_2018-05-30-10-11-09.kinect_color,       20911,     20914, electronics    ,     3
vp14/run1_2018-05-30-10-11-09.kinect_color,       21527,     21573, reaching_behind,    46
vp14/run1_2018-05-30-10-11-09.kinect_color,       21573,     21620, reaching_behind,    47
vp14/run1_2018-05-30-10-11-09.kinect_color,       21620,     21666, reaching_behind,    46
vp14/run1_2018-05-30-10-11-09.kinect_color,       21666,     21711, reaching_behind,    45
vp14/run1_2018-05-30-10-11-09.kinect_color,       21711,     21740, reaching_behind,    29
vp14/run1_2018-05-30-10-11-09.kinect_color,       21740,     21784, electronics    ,    44
vp14/run1_2018-05-30-10-11-09.kinect_color,       21784,     21830, electronics    ,    46
vp14/run1_2018-05-30-10-11-09.kinect_color,       21830,     21875, electronics    ,    45
vp14/run1_2018-05-30-10-11-09.kinect_color,       21875,     21919, electronics    ,    44
vp14/run1_2018-05-30-10-11-09.kinect_color,       21919,     21964, electronics    ,    45
vp14/run1_2018-05-30-10-11-09.kinect_color,       21964,     22009, electronics    ,    45
vp14/run1_2018-05-30-10-11-09.kinect_color,       22009,     22055, electronics    ,    46
vp14/run1_2018-05-30-10-11-09.kinect_color,       22055,     22100, electronics    ,    45
vp14/run1_2018-05-30-10-11-09.kinect_color,       22100,     22145, electronics    ,    45
vp14/run1_2018-05-30-10-11-09.kinect_color,       22145,     22191, electronics    ,    46
vp14/run1_2018-05-30-10-11-09.kinect_color,       22191,     22237, electronics    ,    46
vp14/run1_2018-05-30-10-11-09.kinect_color,       22237,     22283, electronics    ,    46
vp14/run1_2018-05-30-10-11-09.kinect_color,       22283,     22306, electronics    ,    23
vp14/run1_2018-05-30-10-11-09.kinect_color,       22306,     22351, reaching_behind,    45
vp14/run1_2018-05-30-10-11-09.kinect_color,       22351,     22396, reaching_behind,    45
vp14/run1_2018-05-30-10-11-09.kinect_color,       22396,     22441, reaching_behind,    45
vp14/run1_2018-05-30-10-11-09.kinect_color,       22441,     22454, reaching_behind,    13
vp14/run1_2018-05-30-10-11-09.kinect_color,       22454,     22500, electronics    ,    46
vp14/run1_2018-05-30-10-11-09.kinect_color,       22500,     22545, electronics    ,    45
vp14/run1_2018-05-30-10-11-09.kinect_color,       22545,     22590, electronics    ,    45
vp14/run1_2018-05-30-10-11-09.kinect_color,       22590,     22635, electronics    ,    45
vp14/run1_2018-05-30-10-11-09.kinect_color,       22635,     22682, electronics    ,    47
vp14/run1_2018-05-30-10-11-09.kinect_color,       22682,     22727, electronics    ,    45
vp14/run1_2018-05-30-10-11-09.kinect_color,       22727,     22772, electronics    ,    45
vp14/run1_2018-05-30-10-11-09.kinect_color,       22772,     22818, electronics    ,    46
vp14/run1_2018-05-30-10-11-09.kinect_color,       22818,     22862, electronics    ,    44
vp14/run1_2018-05-30-10-11-09.kinect_color,       22862,     22908, electronics    ,    46
vp14/run1_2018-05-30-10-11-09.kinect_color,       22908,     22953, electronics    ,    45
vp14/run1_2018-05-30-10-11-09.kinect_color,       22953,     23000, electronics    ,    47
vp14/run1_2018-05-30-10-11-09.kinect_color,       23000,     23045, electronics    ,    45
vp14/run1_2018-05-30-10-11-09.kinect_color,       23045,     23063, electronics    ,    18
vp14/run1_2018-05-30-10-11-09.kinect_color,       23063,     23108, reaching_behind,    45
vp14/run1_2018-05-30-10-11-09.kinect_color,       23108,     23119, reaching_behind,    11
vp14/run1_2018-05-30-10-11-09.kinect_color,       23119,     23166, electronics    ,    47
vp14/run1_2018-05-30-10-11-09.kinect_color,       23166,     23211, electronics    ,    45
vp14/run1_2018-05-30-10-11-09.kinect_color,       23211,     23244, electronics    ,    33
vp14/run1_2018-05-30-10-11-09.kinect_color,       23244,     23290, reaching_behind,    46
vp14/run1_2018-05-30-10-11-09.kinect_color,       23290,     23320, reaching_behind,    30
vp14/run1_2018-05-30-10-11-09.kinect_color,       23350,     23353, electronics    ,     3
vp14/run2_2018-05-30-10-42-33.kinect_color,         345,       347, electronics    ,     2
vp14/run2_2018-05-30-10-42-33.kinect_color,         450,       495, electronics    ,    45
vp14/run2_2018-05-30-10-42-33.kinect_color,         495,       508, electronics    ,    13
vp14/run2_2018-05-30-10-42-33.kinect_color,        3271,      3282, electronics    ,    11
vp14/run2_2018-05-30-10-42-33.kinect_color,        3368,      3372, electronics    ,     4
vp14/run2_2018-05-30-10-42-33.kinect_color,        3604,      3649, reaching_behind,    45
vp14/run2_2018-05-30-10-42-33.kinect_color,        3649,      3685, reaching_behind,    36
vp14/run2_2018-05-30-10-42-33.kinect_color,        3685,      3731, eat_drink      ,    46
vp14/run2_2018-05-30-10-42-33.kinect_color,        3731,      3770, eat_drink      ,    39
vp14/run2_2018-05-30-10-42-33.kinect_color,        3770,      3816, eat_drink      ,    46
vp14/run2_2018-05-30-10-42-33.kinect_color,        3816,      3842, eat_drink      ,    26
vp14/run2_2018-05-30-10-42-33.kinect_color,        3842,      3887, eat_drink      ,    45
vp14/run2_2018-05-30-10-42-33.kinect_color,        3887,      3915, eat_drink      ,    28
vp14/run2_2018-05-30-10-42-33.kinect_color,        3915,      3961, reaching_behind,    46
vp14/run2_2018-05-30-10-42-33.kinect_color,        3961,      3971, reaching_behind,    10
vp14/run2_2018-05-30-10-42-33.kinect_color,        4019,      4064, reaching_behind,    45
vp14/run2_2018-05-30-10-42-33.kinect_color,        4064,      4076, reaching_behind,    12
vp14/run2_2018-05-30-10-42-33.kinect_color,        5270,      5316, reaching_behind,    46
vp14/run2_2018-05-30-10-42-33.kinect_color,        5316,      5346, reaching_behind,    30
vp14/run2_2018-05-30-10-42-33.kinect_color,        5925,      5972, reaching_behind,    47
vp14/run2_2018-05-30-10-42-33.kinect_color,        5972,      6017, reaching_behind,    45
vp14/run2_2018-05-30-10-42-33.kinect_color,        6017,      6062, reaching_behind,    45
vp14/run2_2018-05-30-10-42-33.kinect_color,        6062,      6064, reaching_behind,     2
vp14/run2_2018-05-30-10-42-33.kinect_color,        6072,      6075, electronics    ,     3
vp14/run2_2018-05-30-10-42-33.kinect_color,        6561,      6606, reaching_behind,    45
vp14/run2_2018-05-30-10-42-33.kinect_color,        6606,      6651, reaching_behind,    45
vp14/run2_2018-05-30-10-42-33.kinect_color,        7443,      7448, electronics    ,     5
vp14/run2_2018-05-30-10-42-33.kinect_color,        7873,      7897, reaching_behind,    24
vp14/run2_2018-05-30-10-42-33.kinect_color,        7897,      7942, reaching_behind,    45
vp14/run2_2018-05-30-10-42-33.kinect_color,        7942,      7944, reaching_behind,     2
vp14/run2_2018-05-30-10-42-33.kinect_color,        8036,      8043, electronics    ,     7
vp14/run2_2018-05-30-10-42-33.kinect_color,        8133,      8178, reaching_behind,    45
vp14/run2_2018-05-30-10-42-33.kinect_color,        8178,      8182, reaching_behind,     4
vp14/run2_2018-05-30-10-42-33.kinect_color,        8182,      8227, electronics    ,    45
vp14/run2_2018-05-30-10-42-33.kinect_color,        8227,      8273, electronics    ,    46
vp14/run2_2018-05-30-10-42-33.kinect_color,        8273,      8318, electronics    ,    45
vp14/run2_2018-05-30-10-42-33.kinect_color,        8318,      8328, electronics    ,    10
vp14/run2_2018-05-30-10-42-33.kinect_color,        8328,      8367, reaching_behind,    39
vp14/run2_2018-05-30-10-42-33.kinect_color,        8445,      8491, reaching_behind,    46
vp14/run2_2018-05-30-10-42-33.kinect_color,        8491,      8533, reaching_behind,    42
vp14/run2_2018-05-30-10-42-33.kinect_color,        8533,      8556, reaching_behind,    23
vp14/run2_2018-05-30-10-42-33.kinect_color,        8573,      8618, electronics    ,    45
vp14/run2_2018-05-30-10-42-33.kinect_color,        8618,      8664, electronics    ,    46
vp14/run2_2018-05-30-10-42-33.kinect_color,        8664,      8709, electronics    ,    45
vp14/run2_2018-05-30-10-42-33.kinect_color,        8709,      8754, electronics    ,    45
vp14/run2_2018-05-30-10-42-33.kinect_color,        8754,      8800, electronics    ,    46
vp14/run2_2018-05-30-10-42-33.kinect_color,        8800,      8845, electronics    ,    45
vp14/run2_2018-05-30-10-42-33.kinect_color,        8845,      8891, electronics    ,    46
vp14/run2_2018-05-30-10-42-33.kinect_color,        8891,      8936, electronics    ,    45
vp14/run2_2018-05-30-10-42-33.kinect_color,        8936,      8981, electronics    ,    45
vp14/run2_2018-05-30-10-42-33.kinect_color,        8981,      9026, electronics    ,    45
vp14/run2_2018-05-30-10-42-33.kinect_color,        9026,      9071, electronics    ,    45
vp14/run2_2018-05-30-10-42-33.kinect_color,        9071,      9116, electronics    ,    45
vp14/run2_2018-05-30-10-42-33.kinect_color,        9116,      9161, electronics    ,    45
vp14/run2_2018-05-30-10-42-33.kinect_color,        9161,      9181, electronics    ,    20
vp14/run2_2018-05-30-10-42-33.kinect_color,        9181,      9226, reaching_behind,    45
vp14/run2_2018-05-30-10-42-33.kinect_color,        9226,      9245, reaching_behind,    19
vp14/run2_2018-05-30-10-42-33.kinect_color,        9696,      9727, reaching_behind,    31
vp14/run2_2018-05-30-10-42-33.kinect_color,       10144,     10189, reaching_behind,    45
vp14/run2_2018-05-30-10-42-33.kinect_color,       10189,     10222, reaching_behind,    33
vp14/run2_2018-05-30-10-42-33.kinect_color,       10248,     10293, reaching_behind,    45
vp14/run2_2018-05-30-10-42-33.kinect_color,       10293,     10338, reaching_behind,    45
vp14/run2_2018-05-30-10-42-33.kinect_color,       10338,     10343, reaching_behind,     5
vp14/run2_2018-05-30-10-42-33.kinect_color,       10407,     10444, reaching_behind,    37
vp14/run2_2018-05-30-10-42-33.kinect_color,       11682,     11712, reaching_behind,    30
vp14/run2_2018-05-30-10-42-33.kinect_color,       11911,     11941, reaching_behind,    30
vp14/run2_2018-05-30-10-42-33.kinect_color,       11982,     12001, reaching_behind,    19
vp14/run2_2018-05-30-10-42-33.kinect_color,       12014,     12016, electronics    ,     2
vp14/run2_2018-05-30-10-42-33.kinect_color,       12164,     12210, reaching_behind,    46
vp14/run2_2018-05-30-10-42-33.kinect_color,       12210,     12226, reaching_behind,    16
vp14/run2_2018-05-30-10-42-33.kinect_color,       12226,     12270, reaching_behind,    44
vp14/run2_2018-05-30-10-42-33.kinect_color,       12270,     12317, reaching_behind,    47
vp14/run2_2018-05-30-10-42-33.kinect_color,       12317,     12363, reaching_behind,    46
vp14/run2_2018-05-30-10-42-33.kinect_color,       12363,     12379, reaching_behind,    16
vp14/run2_2018-05-30-10-42-33.kinect_color,       12428,     12468, electronics    ,    40
vp14/run2_2018-05-30-10-42-33.kinect_color,       12468,     12513, electronics    ,    45
vp14/run2_2018-05-30-10-42-33.kinect_color,       12513,     12559, electronics    ,    46
vp14/run2_2018-05-30-10-42-33.kinect_color,       12559,     12604, electronics    ,    45
vp14/run2_2018-05-30-10-42-33.kinect_color,       12604,     12649, electronics    ,    45
vp14/run2_2018-05-30-10-42-33.kinect_color,       12649,     12694, electronics    ,    45
vp14/run2_2018-05-30-10-42-33.kinect_color,       12694,     12739, electronics    ,    45
vp14/run2_2018-05-30-10-42-33.kinect_color,       12739,     12784, electronics    ,    45
vp14/run2_2018-05-30-10-42-33.kinect_color,       12784,     12829, electronics    ,    45
vp14/run2_2018-05-30-10-42-33.kinect_color,       12829,     12875, electronics    ,    46
vp14/run2_2018-05-30-10-42-33.kinect_color,       12875,     12920, electronics    ,    45
vp14/run2_2018-05-30-10-42-33.kinect_color,       12920,     12966, electronics    ,    46
vp14/run2_2018-05-30-10-42-33.kinect_color,       12966,     12997, electronics    ,    31
vp14/run2_2018-05-30-10-42-33.kinect_color,       12997,     13042, reaching_behind,    45
vp14/run2_2018-05-30-10-42-33.kinect_color,       13042,     13057, reaching_behind,    15
vp14/run2_2018-05-30-10-42-33.kinect_color,       13057,     13102, electronics    ,    45
vp14/run2_2018-05-30-10-42-33.kinect_color,       13102,     13147, electronics    ,    45
vp14/run2_2018-05-30-10-42-33.kinect_color,       13147,     13193, electronics    ,    46
vp14/run2_2018-05-30-10-42-33.kinect_color,       13193,     13238, electronics    ,    45
vp14/run2_2018-05-30-10-42-33.kinect_color,       13238,     13283, electronics    ,    45
vp14/run2_2018-05-30-10-42-33.kinect_color,       13283,     13329, electronics    ,    46
vp14/run2_2018-05-30-10-42-33.kinect_color,       13329,     13374, electronics    ,    45
vp14/run2_2018-05-30-10-42-33.kinect_color,       13374,     13420, electronics    ,    46
vp14/run2_2018-05-30-10-42-33.kinect_color,       13420,     13465, electronics    ,    45
vp14/run2_2018-05-30-10-42-33.kinect_color,       13465,     13510, electronics    ,    45
vp14/run2_2018-05-30-10-42-33.kinect_color,       13510,     13553, electronics    ,    43
vp14/run2_2018-05-30-10-42-33.kinect_color,       13553,     13598, reaching_behind,    45
vp14/run2_2018-05-30-10-42-33.kinect_color,       13598,     13610, reaching_behind,    12
vp14/run2_2018-05-30-10-42-33.kinect_color,       13610,     13656, electronics    ,    46
vp14/run2_2018-05-30-10-42-33.kinect_color,       13656,     13691, electronics    ,    35
vp14/run2_2018-05-30-10-42-33.kinect_color,       13691,     13733, electronics    ,    42
vp14/run2_2018-05-30-10-42-33.kinect_color,       13733,     13778, reaching_behind,    45
vp14/run2_2018-05-30-10-42-33.kinect_color,       13778,     13820, reaching_behind,    42
vp14/run2_2018-05-30-10-42-33.kinect_color,       13900,     13910, electronics    ,    10
vp14/run2_2018-05-30-10-42-33.kinect_color,       14337,     14354, electronics    ,    17
vp14/run2_2018-05-30-10-42-33.kinect_color,       14966,     14981, electronics    ,    15
vp14/run2_2018-05-30-10-42-33.kinect_color,       15326,     15368, reaching_behind,    42
vp14/run2_2018-05-30-10-42-33.kinect_color,       15368,     15415, eat_drink      ,    47
vp14/run2_2018-05-30-10-42-33.kinect_color,       15415,     15461, eat_drink      ,    46
vp14/run2_2018-05-30-10-42-33.kinect_color,       15461,     15505, eat_drink      ,    44
vp14/run2_2018-05-30-10-42-33.kinect_color,       15505,     15551, eat_drink      ,    46
vp14/run2_2018-05-30-10-42-33.kinect_color,       15551,     15597, eat_drink      ,    46
vp14/run2_2018-05-30-10-42-33.kinect_color,       15597,     15643, eat_drink      ,    46
vp14/run2_2018-05-30-10-42-33.kinect_color,       15643,     15688, eat_drink      ,    45
vp14/run2_2018-05-30-10-42-33.kinect_color,       15688,     15699, eat_drink      ,    11
vp14/run2_2018-05-30-10-42-33.kinect_color,       15699,     15745, reaching_behind,    46
vp14/run2_2018-05-30-10-42-33.kinect_color,       15745,     15789, reaching_behind,    44
vp14/run2_2018-05-30-10-42-33.kinect_color,       15789,     15808, reaching_behind,    19
vp14/run2_2018-05-30-10-42-33.kinect_color,       15808,     15853, eat_drink      ,    45
vp14/run2_2018-05-30-10-42-33.kinect_color,       15853,     15898, eat_drink      ,    45
vp14/run2_2018-05-30-10-42-33.kinect_color,       15898,     15943, eat_drink      ,    45
vp14/run2_2018-05-30-10-42-33.kinect_color,       15943,     15989, eat_drink      ,    46
vp14/run2_2018-05-30-10-42-33.kinect_color,       15989,     16035, eat_drink      ,    46
vp14/run2_2018-05-30-10-42-33.kinect_color,       16035,     16080, eat_drink      ,    45
vp14/run2_2018-05-30-10-42-33.kinect_color,       16080,     16124, eat_drink      ,    44
vp14/run2_2018-05-30-10-42-33.kinect_color,       16124,     16169, eat_drink      ,    45
vp14/run2_2018-05-30-10-42-33.kinect_color,       16169,     16194, eat_drink      ,    25
vp14/run2_2018-05-30-10-42-33.kinect_color,       16194,     16240, eat_drink      ,    46
vp14/run2_2018-05-30-10-42-33.kinect_color,       16240,     16271, eat_drink      ,    31
vp14/run2_2018-05-30-10-42-33.kinect_color,       16271,     16309, eat_drink      ,    38
vp14/run2_2018-05-30-10-42-33.kinect_color,       16309,     16342, reaching_behind,    33
vp14/run2_2018-05-30-10-42-33.kinect_color,       16377,     16422, reaching_behind,    45
vp14/run2_2018-05-30-10-42-33.kinect_color,       16422,     16426, reaching_behind,     4
vp14/run2_2018-05-30-10-42-33.kinect_color,       16673,     16709, reaching_behind,    36
vp14/run2_2018-05-30-10-42-33.kinect_color,       16709,     16755, eat_drink      ,    46
vp14/run2_2018-05-30-10-42-33.kinect_color,       16755,     16800, eat_drink      ,    45
vp14/run2_2018-05-30-10-42-33.kinect_color,       16800,     16846, eat_drink      ,    46
vp14/run2_2018-05-30-10-42-33.kinect_color,       16846,     16879, eat_drink      ,    33
vp14/run2_2018-05-30-10-42-33.kinect_color,       16879,     16907, reaching_behind,    28
vp14/run2_2018-05-30-10-42-33.kinect_color,       16918,     16921, electronics    ,     3
vp14/run2_2018-05-30-10-42-33.kinect_color,       17113,     17158, electronics    ,    45
vp14/run2_2018-05-30-10-42-33.kinect_color,       17158,     17161, electronics    ,     3
vp14/run2_2018-05-30-10-42-33.kinect_color,       17298,     17331, reaching_behind,    33
vp14/run2_2018-05-30-10-42-33.kinect_color,       17331,     17375, eat_drink      ,    44
vp14/run2_2018-05-30-10-42-33.kinect_color,       17375,     17421, eat_drink      ,    46
vp14/run2_2018-05-30-10-42-33.kinect_color,       17421,     17466, eat_drink      ,    45
vp14/run2_2018-05-30-10-42-33.kinect_color,       17466,     17512, eat_drink      ,    46
vp14/run2_2018-05-30-10-42-33.kinect_color,       17512,     17558, eat_drink      ,    46
vp14/run2_2018-05-30-10-42-33.kinect_color,       17558,     17604, eat_drink      ,    46
vp14/run2_2018-05-30-10-42-33.kinect_color,       17604,     17649, eat_drink      ,    45
vp14/run2_2018-05-30-10-42-33.kinect_color,       17649,     17694, eat_drink      ,    45
vp14/run2_2018-05-30-10-42-33.kinect_color,       17694,     17739, eat_drink      ,    45
vp14/run2_2018-05-30-10-42-33.kinect_color,       17739,     17785, eat_drink      ,    46
vp14/run2_2018-05-30-10-42-33.kinect_color,       17785,     17831, eat_drink      ,    46
vp14/run2_2018-05-30-10-42-33.kinect_color,       17831,     17876, eat_drink      ,    45
vp14/run2_2018-05-30-10-42-33.kinect_color,       17876,     17921, eat_drink      ,    45
vp14/run2_2018-05-30-10-42-33.kinect_color,       17921,     17966, eat_drink      ,    45
vp14/run2_2018-05-30-10-42-33.kinect_color,       17966,     18012, eat_drink      ,    46
vp14/run2_2018-05-30-10-42-33.kinect_color,       18012,     18057, eat_drink      ,    45
vp14/run2_2018-05-30-10-42-33.kinect_color,       18057,     18102, eat_drink      ,    45
vp14/run2_2018-05-30-10-42-33.kinect_color,       18102,     18147, eat_drink      ,    45
vp14/run2_2018-05-30-10-42-33.kinect_color,       18147,     18192, eat_drink      ,    45
vp14/run2_2018-05-30-10-42-33.kinect_color,       18192,     18237, eat_drink      ,    45
vp14/run2_2018-05-30-10-42-33.kinect_color,       18237,     18283, eat_drink      ,    46
vp14/run2_2018-05-30-10-42-33.kinect_color,       18283,     18328, eat_drink      ,    45
vp14/run2_2018-05-30-10-42-33.kinect_color,       18328,     18373, eat_drink      ,    45
vp14/run2_2018-05-30-10-42-33.kinect_color,       18373,     18419, eat_drink      ,    46
vp14/run2_2018-05-30-10-42-33.kinect_color,       18419,     18464, eat_drink      ,    45
vp14/run2_2018-05-30-10-42-33.kinect_color,       18464,     18509, eat_drink      ,    45
vp14/run2_2018-05-30-10-42-33.kinect_color,       18509,     18554, eat_drink      ,    45
vp14/run2_2018-05-30-10-42-33.kinect_color,       18554,     18599, eat_drink      ,    45
vp14/run2_2018-05-30-10-42-33.kinect_color,       18599,     18644, eat_drink      ,    45
vp14/run2_2018-05-30-10-42-33.kinect_color,       18644,     18689, eat_drink      ,    45
vp14/run2_2018-05-30-10-42-33.kinect_color,       18689,     18734, eat_drink      ,    45
vp14/run2_2018-05-30-10-42-33.kinect_color,       18734,     18780, eat_drink      ,    46
vp14/run2_2018-05-30-10-42-33.kinect_color,       18780,     18825, eat_drink      ,    45
vp14/run2_2018-05-30-10-42-33.kinect_color,       18825,     18871, eat_drink      ,    46
vp14/run2_2018-05-30-10-42-33.kinect_color,       18871,     18916, eat_drink      ,    45
vp14/run2_2018-05-30-10-42-33.kinect_color,       18916,     18962, eat_drink      ,    46
vp14/run2_2018-05-30-10-42-33.kinect_color,       18962,     19007, eat_drink      ,    45
vp14/run2_2018-05-30-10-42-33.kinect_color,       19007,     19052, eat_drink      ,    45
vp14/run2_2018-05-30-10-42-33.kinect_color,       19052,     19097, eat_drink      ,    45
vp14/run2_2018-05-30-10-42-33.kinect_color,       19097,     19142, eat_drink      ,    45
vp14/run2_2018-05-30-10-42-33.kinect_color,       19142,     19188, eat_drink      ,    46
vp14/run2_2018-05-30-10-42-33.kinect_color,       19188,     19206, eat_drink      ,    18
vp14/run2_2018-05-30-10-42-33.kinect_color,       19206,     19252, reaching_behind,    46
vp14/run2_2018-05-30-10-42-33.kinect_color,       19252,     19297, reaching_behind,    45
vp14/run2_2018-05-30-10-42-33.kinect_color,       19297,     19300, reaching_behind,     3
vp14/run2_2018-05-30-10-42-33.kinect_color,       20000,     20030, reaching_behind,    30
vp14/run2_2018-05-30-10-42-33.kinect_color,       20040,     20044, electronics    ,     4
vp14/run2_2018-05-30-10-42-33.kinect_color,       20055,     20100, eat_drink      ,    45
vp14/run2_2018-05-30-10-42-33.kinect_color,       20100,     20115, eat_drink      ,    15
vp14/run2_2018-05-30-10-42-33.kinect_color,       20115,     20160, eat_drink      ,    45
vp14/run2_2018-05-30-10-42-33.kinect_color,       20160,     20205, eat_drink      ,    45
vp14/run2_2018-05-30-10-42-33.kinect_color,       20205,     20251, eat_drink      ,    46
vp14/run2_2018-05-30-10-42-33.kinect_color,       20251,     20272, eat_drink      ,    21
vp14/run2_2018-05-30-10-42-33.kinect_color,       20272,     20317, eat_drink      ,    45
vp14/run2_2018-05-30-10-42-33.kinect_color,       20317,     20324, eat_drink      ,     7
vp14/run2_2018-05-30-10-42-33.kinect_color,       20324,     20345, reaching_behind,    21
vp14/run2_2018-05-30-10-42-33.kinect_color,       20345,     20381, reaching_behind,    36
vp14/run2_2018-05-30-10-42-33.kinect_color,       20381,     20427, eat_drink      ,    46
vp14/run2_2018-05-30-10-42-33.kinect_color,       20427,     20472, eat_drink      ,    45
vp14/run2_2018-05-30-10-42-33.kinect_color,       20472,     20518, eat_drink      ,    46
vp14/run2_2018-05-30-10-42-33.kinect_color,       20518,     20563, eat_drink      ,    45
vp14/run2_2018-05-30-10-42-33.kinect_color,       20563,     20608, eat_drink      ,    45
vp14/run2_2018-05-30-10-42-33.kinect_color,       20608,     20655, eat_drink      ,    47
vp14/run2_2018-05-30-10-42-33.kinect_color,       20655,     20663, eat_drink      ,     8
vp14/run2_2018-05-30-10-42-33.kinect_color,       20663,     20709, reaching_behind,    46
vp14/run2_2018-05-30-10-42-33.kinect_color,       20709,     20728, reaching_behind,    19
vp14/run2_2018-05-30-10-42-33.kinect_color,       21057,     21103, reaching_behind,    46
vp14/run2_2018-05-30-10-42-33.kinect_color,       21103,     21148, electronics    ,    45
vp14/run2_2018-05-30-10-42-33.kinect_color,       21148,     21193, electronics    ,    45
vp14/run2_2018-05-30-10-42-33.kinect_color,       21193,     21239, electronics    ,    46
vp14/run2_2018-05-30-10-42-33.kinect_color,       21239,     21283, electronics    ,    44
vp14/run2_2018-05-30-10-42-33.kinect_color,       21283,     21329, electronics    ,    46
vp14/run2_2018-05-30-10-42-33.kinect_color,       21329,     21374, electronics    ,    45
vp14/run2_2018-05-30-10-42-33.kinect_color,       21374,     21420, electronics    ,    46
vp14/run2_2018-05-30-10-42-33.kinect_color,       21420,     21466, electronics    ,    46
vp14/run2_2018-05-30-10-42-33.kinect_color,       21466,     21478, electronics    ,    12
vp14/run2_2018-05-30-10-42-33.kinect_color,       21478,     21524, reaching_behind,    46
vp14/run2_2018-05-30-10-42-33.kinect_color,       21524,     21528, reaching_behind,     4
vp15/run1_2018-05-30-13-05-35.kinect_color,         372,       391, electronics    ,    19
vp15/run1_2018-05-30-13-05-35.kinect_color,         974,       983, electronics    ,     9
vp15/run1_2018-05-30-13-05-35.kinect_color,        3818,      3831, electronics    ,    13
vp15/run1_2018-05-30-13-05-35.kinect_color,        4138,      4173, reaching_behind,    35
vp15/run1_2018-05-30-13-05-35.kinect_color,        4173,      4218, eat_drink      ,    45
vp15/run1_2018-05-30-13-05-35.kinect_color,        4218,      4263, eat_drink      ,    45
vp15/run1_2018-05-30-13-05-35.kinect_color,        4263,      4274, eat_drink      ,    11
vp15/run1_2018-05-30-13-05-35.kinect_color,        4274,      4320, eat_drink      ,    46
vp15/run1_2018-05-30-13-05-35.kinect_color,        4320,      4366, eat_drink      ,    46
vp15/run1_2018-05-30-13-05-35.kinect_color,        4366,      4410, eat_drink      ,    44
vp15/run1_2018-05-30-13-05-35.kinect_color,        4410,      4431, reaching_behind,    21
vp15/run1_2018-05-30-13-05-35.kinect_color,        4431,      4451, reaching_behind,    20
vp15/run1_2018-05-30-13-05-35.kinect_color,        4451,      4497, eat_drink      ,    46
vp15/run1_2018-05-30-13-05-35.kinect_color,        4497,      4508, eat_drink      ,    11
vp15/run1_2018-05-30-13-05-35.kinect_color,        4508,      4554, eat_drink      ,    46
vp15/run1_2018-05-30-13-05-35.kinect_color,        4554,      4563, eat_drink      ,     9
vp15/run1_2018-05-30-13-05-35.kinect_color,        4575,      4609, reaching_behind,    34
vp15/run1_2018-05-30-13-05-35.kinect_color,        4609,      4655, eat_drink      ,    46
vp15/run1_2018-05-30-13-05-35.kinect_color,        4655,      4700, eat_drink      ,    45
vp15/run1_2018-05-30-13-05-35.kinect_color,        4700,      4746, eat_drink      ,    46
vp15/run1_2018-05-30-13-05-35.kinect_color,        4746,      4791, eat_drink      ,    45
vp15/run1_2018-05-30-13-05-35.kinect_color,        4791,      4836, eat_drink      ,    45
vp15/run1_2018-05-30-13-05-35.kinect_color,        4836,      4882, eat_drink      ,    46
vp15/run1_2018-05-30-13-05-35.kinect_color,        4882,      4894, eat_drink      ,    12
vp15/run1_2018-05-30-13-05-35.kinect_color,        4894,      4908, reaching_behind,    14
vp15/run1_2018-05-30-13-05-35.kinect_color,        4994,      5040, eat_drink      ,    46
vp15/run1_2018-05-30-13-05-35.kinect_color,        5040,      5045, eat_drink      ,     5
vp15/run1_2018-05-30-13-05-35.kinect_color,        5045,      5090, eat_drink      ,    45
vp15/run1_2018-05-30-13-05-35.kinect_color,        5090,      5094, eat_drink      ,     4
vp15/run1_2018-05-30-13-05-35.kinect_color,        5094,      5113, reaching_behind,    19
vp15/run1_2018-05-30-13-05-35.kinect_color,        5113,      5136, reaching_behind,    23
vp15/run1_2018-05-30-13-05-35.kinect_color,        5183,      5204, reaching_behind,    21
vp15/run1_2018-05-30-13-05-35.kinect_color,        5549,      5575, electronics    ,    26
vp15/run1_2018-05-30-13-05-35.kinect_color,        5631,      5637, electronics    ,     6
vp15/run1_2018-05-30-13-05-35.kinect_color,        5828,      5874, electronics    ,    46
vp15/run1_2018-05-30-13-05-35.kinect_color,        5874,      5909, electronics    ,    35
vp15/run1_2018-05-30-13-05-35.kinect_color,        5909,      5948, electronics    ,    39
vp15/run1_2018-05-30-13-05-35.kinect_color,        5948,      5960, electronics    ,    12
vp15/run1_2018-05-30-13-05-35.kinect_color,        5960,      6004, electronics    ,    44
vp15/run1_2018-05-30-13-05-35.kinect_color,        6004,      6050, electronics    ,    46
vp15/run1_2018-05-30-13-05-35.kinect_color,        6050,      6095, electronics    ,    45
vp15/run1_2018-05-30-13-05-35.kinect_color,        6095,      6142, electronics    ,    47
vp15/run1_2018-05-30-13-05-35.kinect_color,        6142,      6175, electronics    ,    33
vp15/run1_2018-05-30-13-05-35.kinect_color,        6175,      6220, reaching_behind,    45
vp15/run1_2018-05-30-13-05-35.kinect_color,        6220,      6262, reaching_behind,    42
vp15/run1_2018-05-30-13-05-35.kinect_color,        6262,      6296, reaching_behind,    34
vp15/run1_2018-05-30-13-05-35.kinect_color,        6296,      6312, reaching_behind,    16
vp15/run1_2018-05-30-13-05-35.kinect_color,        6374,      6385, reaching_behind,    11
vp15/run1_2018-05-30-13-05-35.kinect_color,        6385,      6421, reaching_behind,    36
vp15/run1_2018-05-30-13-05-35.kinect_color,        6441,      6476, electronics    ,    35
vp15/run1_2018-05-30-13-05-35.kinect_color,        6476,      6522, reaching_behind,    46
vp15/run1_2018-05-30-13-05-35.kinect_color,        6522,      6549, reaching_behind,    27
vp15/run1_2018-05-30-13-05-35.kinect_color,        6549,      6595, electronics    ,    46
vp15/run1_2018-05-30-13-05-35.kinect_color,        6595,      6599, electronics    ,     4
vp15/run1_2018-05-30-13-05-35.kinect_color,        6599,      6615, electronics    ,    16
vp15/run1_2018-05-30-13-05-35.kinect_color,        6615,      6662, electronics    ,    47
vp15/run1_2018-05-30-13-05-35.kinect_color,        6662,      6706, electronics    ,    44
vp15/run1_2018-05-30-13-05-35.kinect_color,        6706,      6752, electronics    ,    46
vp15/run1_2018-05-30-13-05-35.kinect_color,        6752,      6768, electronics    ,    16
vp15/run1_2018-05-30-13-05-35.kinect_color,        6768,      6800, electronics    ,    32
vp15/run1_2018-05-30-13-05-35.kinect_color,        6885,      6891, electronics    ,     6
vp15/run1_2018-05-30-13-05-35.kinect_color,        7194,      7239, reaching_behind,    45
vp15/run1_2018-05-30-13-05-35.kinect_color,        7239,      7251, reaching_behind,    12
vp15/run1_2018-05-30-13-05-35.kinect_color,        7922,      7943, reaching_behind,    21
vp15/run1_2018-05-30-13-05-35.kinect_color,        7943,      7989, reaching_behind,    46
vp15/run1_2018-05-30-13-05-35.kinect_color,        8140,      8181, reaching_behind,    41
vp15/run1_2018-05-30-13-05-35.kinect_color,        8188,      8201, electronics    ,    13
vp15/run1_2018-05-30-13-05-35.kinect_color,        8238,      8248, electronics    ,    10
vp15/run1_2018-05-30-13-05-35.kinect_color,        8515,      8559, reaching_behind,    44
vp15/run1_2018-05-30-13-05-35.kinect_color,        8559,      8577, reaching_behind,    18
vp15/run1_2018-05-30-13-05-35.kinect_color,        8731,      8745, reaching_behind,    14
vp15/run1_2018-05-30-13-05-35.kinect_color,        8839,      8846, electronics    ,     7
vp15/run1_2018-05-30-13-05-35.kinect_color,        9464,      9472, electronics    ,     8
vp15/run1_2018-05-30-13-05-35.kinect_color,        9562,      9574, reaching_behind,    12
vp15/run1_2018-05-30-13-05-35.kinect_color,       10086,     10100, electronics    ,    14
vp15/run1_2018-05-30-13-05-35.kinect_color,       10113,     10155, reaching_behind,    42
vp15/run1_2018-05-30-13-05-35.kinect_color,       10155,     10200, eat_drink      ,    45
vp15/run1_2018-05-30-13-05-35.kinect_color,       10200,     10223, eat_drink      ,    23
vp15/run1_2018-05-30-13-05-35.kinect_color,       10223,     10269, eat_drink      ,    46
vp15/run1_2018-05-30-13-05-35.kinect_color,       10269,     10300, eat_drink      ,    31
vp15/run1_2018-05-30-13-05-35.kinect_color,       10300,     10347, eat_drink      ,    47
vp15/run1_2018-05-30-13-05-35.kinect_color,       10347,     10394, eat_drink      ,    47
vp15/run1_2018-05-30-13-05-35.kinect_color,       10394,     10415, eat_drink      ,    21
vp15/run1_2018-05-30-13-05-35.kinect_color,       10437,     10480, reaching_behind,    43
vp15/run1_2018-05-30-13-05-35.kinect_color,       11176,     11185, electronics    ,     9
vp15/run1_2018-05-30-13-05-35.kinect_color,       13741,     13746, electronics    ,     5
vp15/run1_2018-05-30-13-05-35.kinect_color,       14074,     14120, reaching_behind,    46
vp15/run1_2018-05-30-13-05-35.kinect_color,       14120,     14131, reaching_behind,    11
vp15/run1_2018-05-30-13-05-35.kinect_color,       15124,     15161, reaching_behind,    37
vp15/run1_2018-05-30-13-05-35.kinect_color,       15177,     15182, electronics    ,     5
vp15/run1_2018-05-30-13-05-35.kinect_color,       15668,     15713, reaching_behind,    45
vp15/run1_2018-05-30-13-05-35.kinect_color,       15713,     15758, reaching_behind,    45
vp15/run1_2018-05-30-13-05-35.kinect_color,       15758,     15786, reaching_behind,    28
vp15/run1_2018-05-30-13-05-35.kinect_color,       15786,     15802, electronics    ,    16
vp15/run1_2018-05-30-13-05-35.kinect_color,       15802,     15847, electronics    ,    45
vp15/run1_2018-05-30-13-05-35.kinect_color,       15847,     15893, electronics    ,    46
vp15/run1_2018-05-30-13-05-35.kinect_color,       15893,     15938, electronics    ,    45
vp15/run1_2018-05-30-13-05-35.kinect_color,       15938,     15985, electronics    ,    47
vp15/run1_2018-05-30-13-05-35.kinect_color,       15985,     16030, electronics    ,    45
vp15/run1_2018-05-30-13-05-35.kinect_color,       16030,     16075, electronics    ,    45
vp15/run1_2018-05-30-13-05-35.kinect_color,       16075,     16122, electronics    ,    47
vp15/run1_2018-05-30-13-05-35.kinect_color,       16122,     16166, electronics    ,    44
vp15/run1_2018-05-30-13-05-35.kinect_color,       16166,     16212, electronics    ,    46
vp15/run1_2018-05-30-13-05-35.kinect_color,       16212,     16257, electronics    ,    45
vp15/run1_2018-05-30-13-05-35.kinect_color,       16257,     16302, electronics    ,    45
vp15/run1_2018-05-30-13-05-35.kinect_color,       16302,     16349, electronics    ,    47
vp15/run1_2018-05-30-13-05-35.kinect_color,       16349,     16379, electronics    ,    30
vp15/run1_2018-05-30-13-05-35.kinect_color,       16379,     16391, electronics    ,    12
vp15/run1_2018-05-30-13-05-35.kinect_color,       16391,     16437, reaching_behind,    46
vp15/run1_2018-05-30-13-05-35.kinect_color,       16437,     16455, reaching_behind,    18
vp15/run1_2018-05-30-13-05-35.kinect_color,       16897,     16942, reaching_behind,    45
vp15/run1_2018-05-30-13-05-35.kinect_color,       17349,     17381, reaching_behind,    32
vp15/run1_2018-05-30-13-05-35.kinect_color,       17381,     17426, reaching_behind,    45
vp15/run1_2018-05-30-13-05-35.kinect_color,       17426,     17430, reaching_behind,     4
vp15/run1_2018-05-30-13-05-35.kinect_color,       17596,     17626, reaching_behind,    30
vp15/run1_2018-05-30-13-05-35.kinect_color,       17628,     17673, reaching_behind,    45
vp15/run1_2018-05-30-13-05-35.kinect_color,       17835,     17878, reaching_behind,    43
vp15/run1_2018-05-30-13-05-35.kinect_color,       17889,     17898, electronics    ,     9
vp15/run2_2018-05-30-13-34-33.kinect_color,         712,       717, electronics    ,     5
vp15/run2_2018-05-30-13-34-33.kinect_color,        3907,      3952, reaching_behind,    45
vp15/run2_2018-05-30-13-34-33.kinect_color,        3952,      3968, electronics    ,    16
vp15/run2_2018-05-30-13-34-33.kinect_color,        3968,      4014, electronics    ,    46
vp15/run2_2018-05-30-13-34-33.kinect_color,        4014,      4060, electronics    ,    46
vp15/run2_2018-05-30-13-34-33.kinect_color,        4060,      4106, electronics    ,    46
vp15/run2_2018-05-30-13-34-33.kinect_color,        4106,      4152, electronics    ,    46
vp15/run2_2018-05-30-13-34-33.kinect_color,        4152,      4198, electronics    ,    46
vp15/run2_2018-05-30-13-34-33.kinect_color,        4198,      4243, electronics    ,    45
vp15/run2_2018-05-30-13-34-33.kinect_color,        4243,      4290, electronics    ,    47
vp15/run2_2018-05-30-13-34-33.kinect_color,        4290,      4334, electronics    ,    44
vp15/run2_2018-05-30-13-34-33.kinect_color,        4334,      4380, electronics    ,    46
vp15/run2_2018-05-30-13-34-33.kinect_color,        4380,      4426, electronics    ,    46
vp15/run2_2018-05-30-13-34-33.kinect_color,        4426,      4471, electronics    ,    45
vp15/run2_2018-05-30-13-34-33.kinect_color,        4471,      4516, electronics    ,    45
vp15/run2_2018-05-30-13-34-33.kinect_color,        4516,      4562, electronics    ,    46
vp15/run2_2018-05-30-13-34-33.kinect_color,        4562,      4608, electronics    ,    46
vp15/run2_2018-05-30-13-34-33.kinect_color,        4608,      4653, electronics    ,    45
vp15/run2_2018-05-30-13-34-33.kinect_color,        4653,      4699, electronics    ,    46
vp15/run2_2018-05-30-13-34-33.kinect_color,        4699,      4745, electronics    ,    46
vp15/run2_2018-05-30-13-34-33.kinect_color,        4745,      4791, electronics    ,    46
vp15/run2_2018-05-30-13-34-33.kinect_color,        4791,      4836, electronics    ,    45
vp15/run2_2018-05-30-13-34-33.kinect_color,        4836,      4881, electronics    ,    45
vp15/run2_2018-05-30-13-34-33.kinect_color,        4881,      4927, electronics    ,    46
vp15/run2_2018-05-30-13-34-33.kinect_color,        4927,      4963, electronics    ,    36
vp15/run2_2018-05-30-13-34-33.kinect_color,        4963,      4972, electronics    ,     9
vp15/run2_2018-05-30-13-34-33.kinect_color,        4972,      5009, reaching_behind,    37
vp15/run2_2018-05-30-13-34-33.kinect_color,        5374,      5412, reaching_behind,    38
vp15/run2_2018-05-30-13-34-33.kinect_color,        5412,      5458, eat_drink      ,    46
vp15/run2_2018-05-30-13-34-33.kinect_color,        5458,      5503, eat_drink      ,    45
vp15/run2_2018-05-30-13-34-33.kinect_color,        5503,      5506, eat_drink      ,     3
vp15/run2_2018-05-30-13-34-33.kinect_color,        5506,      5551, eat_drink      ,    45
vp15/run2_2018-05-30-13-34-33.kinect_color,        5551,      5597, eat_drink      ,    46
vp15/run2_2018-05-30-13-34-33.kinect_color,        5597,      5627, eat_drink      ,    30
vp15/run2_2018-05-30-13-34-33.kinect_color,        5627,      5669, reaching_behind,    42
vp15/run2_2018-05-30-13-34-33.kinect_color,        5669,      5715, eat_drink      ,    46
vp15/run2_2018-05-30-13-34-33.kinect_color,        5715,      5728, eat_drink      ,    13
vp15/run2_2018-05-30-13-34-33.kinect_color,        5728,      5773, eat_drink      ,    45
vp15/run2_2018-05-30-13-34-33.kinect_color,        5773,      5786, eat_drink      ,    13
vp15/run2_2018-05-30-13-34-33.kinect_color,        5786,      5802, eat_drink      ,    16
vp15/run2_2018-05-30-13-34-33.kinect_color,        5802,      5817, reaching_behind,    15
vp15/run2_2018-05-30-13-34-33.kinect_color,        5821,      5849, reaching_behind,    28
vp15/run2_2018-05-30-13-34-33.kinect_color,        6201,      6229, reaching_behind,    28
vp15/run2_2018-05-30-13-34-33.kinect_color,        6229,      6271, eat_drink      ,    42
vp15/run2_2018-05-30-13-34-33.kinect_color,        6271,      6299, reaching_behind,    28
vp15/run2_2018-05-30-13-34-33.kinect_color,        6374,      6398, reaching_behind,    24
vp15/run2_2018-05-30-13-34-33.kinect_color,        6398,      6415, reaching_behind,    17
vp15/run2_2018-05-30-13-34-33.kinect_color,        6415,      6443, eat_drink      ,    28
vp15/run2_2018-05-30-13-34-33.kinect_color,        6443,      6488, eat_drink      ,    45
vp15/run2_2018-05-30-13-34-33.kinect_color,        6488,      6516, eat_drink      ,    28
vp15/run2_2018-05-30-13-34-33.kinect_color,        6516,      6526, reaching_behind,    10
vp15/run2_2018-05-30-13-34-33.kinect_color,        6537,      6549, electronics    ,    12
vp15/run2_2018-05-30-13-34-33.kinect_color,        6702,      6735, reaching_behind,    33
vp15/run2_2018-05-30-13-34-33.kinect_color,        6735,      6781, reaching_behind,    46
vp15/run2_2018-05-30-13-34-33.kinect_color,        6781,      6800, reaching_behind,    19
vp15/run2_2018-05-30-13-34-33.kinect_color,        6800,      6847, electronics    ,    47
vp15/run2_2018-05-30-13-34-33.kinect_color,        6847,      6885, electronics    ,    38
vp15/run2_2018-05-30-13-34-33.kinect_color,        6885,      6931, electronics    ,    46
vp15/run2_2018-05-30-13-34-33.kinect_color,        6931,      6976, electronics    ,    45
vp15/run2_2018-05-30-13-34-33.kinect_color,        6976,      7002, electronics    ,    26
vp15/run2_2018-05-30-13-34-33.kinect_color,        7002,      7047, reaching_behind,    45
vp15/run2_2018-05-30-13-34-33.kinect_color,        7047,      7065, reaching_behind,    18
vp15/run2_2018-05-30-13-34-33.kinect_color,        7067,      7112, electronics    ,    45
vp15/run2_2018-05-30-13-34-33.kinect_color,        7112,      7158, electronics    ,    46
vp15/run2_2018-05-30-13-34-33.kinect_color,        7158,      7203, electronics    ,    45
vp15/run2_2018-05-30-13-34-33.kinect_color,        7203,      7249, electronics    ,    46
vp15/run2_2018-05-30-13-34-33.kinect_color,        7249,      7294, electronics    ,    45
vp15/run2_2018-05-30-13-34-33.kinect_color,        7294,      7339, electronics    ,    45
vp15/run2_2018-05-30-13-34-33.kinect_color,        7339,      7350, electronics    ,    11
vp15/run2_2018-05-30-13-34-33.kinect_color,        7350,      7395, electronics    ,    45
vp15/run2_2018-05-30-13-34-33.kinect_color,        7395,      7442, electronics    ,    47
vp15/run2_2018-05-30-13-34-33.kinect_color,        7442,      7487, electronics    ,    45
vp15/run2_2018-05-30-13-34-33.kinect_color,        7487,      7532, electronics    ,    45
vp15/run2_2018-05-30-13-34-33.kinect_color,        7532,      7578, electronics    ,    46
vp15/run2_2018-05-30-13-34-33.kinect_color,        7578,      7625, electronics    ,    47
vp15/run2_2018-05-30-13-34-33.kinect_color,        7625,      7654, electronics    ,    29
vp15/run2_2018-05-30-13-34-33.kinect_color,        7654,      7678, reaching_behind,    24
vp15/run2_2018-05-30-13-34-33.kinect_color,        7678,      7702, electronics    ,    24
vp15/run2_2018-05-30-13-34-33.kinect_color,        7702,      7747, reaching_behind,    45
vp15/run2_2018-05-30-13-34-33.kinect_color,        7747,      7769, reaching_behind,    22
vp15/run2_2018-05-30-13-34-33.kinect_color,        7776,      7782, electronics    ,     6
vp15/run2_2018-05-30-13-34-33.kinect_color,        7837,      7880, reaching_behind,    43
vp15/run2_2018-05-30-13-34-33.kinect_color,        7900,      7945, reaching_behind,    45
vp15/run2_2018-05-30-13-34-33.kinect_color,        7945,      7958, reaching_behind,    13
vp15/run2_2018-05-30-13-34-33.kinect_color,        7958,      8001, reaching_behind,    43
vp15/run2_2018-05-30-13-34-33.kinect_color,        9056,      9085, reaching_behind,    29
vp15/run2_2018-05-30-13-34-33.kinect_color,        9232,      9246, reaching_behind,    14
vp15/run2_2018-05-30-13-34-33.kinect_color,        9246,      9292, reaching_behind,    46
vp15/run2_2018-05-30-13-34-33.kinect_color,        9292,      9335, reaching_behind,    43
vp15/run2_2018-05-30-13-34-33.kinect_color,        9342,      9347, electronics    ,     5
vp15/run2_2018-05-30-13-34-33.kinect_color,       10121,     10158, reaching_behind,    37
vp15/run2_2018-05-30-13-34-33.kinect_color,       10158,     10205, reaching_behind,    47
vp15/run2_2018-05-30-13-34-33.kinect_color,       10205,     10208, reaching_behind,     3
vp15/run2_2018-05-30-13-34-33.kinect_color,       11615,     11637, reaching_behind,    22
vp15/run2_2018-05-30-13-34-33.kinect_color,       11637,     11672, reaching_behind,    35
vp15/run2_2018-05-30-13-34-33.kinect_color,       11753,     11769, reaching_behind,    16
vp15/run2_2018-05-30-13-34-33.kinect_color,       11778,     11786, electronics    ,     8
vp15/run2_2018-05-30-13-34-33.kinect_color,       12320,     12334, reaching_behind,    14
vp15/run2_2018-05-30-13-34-33.kinect_color,       12334,     12366, reaching_behind,    32
vp15/run2_2018-05-30-13-34-33.kinect_color,       12431,     12451, reaching_behind,    20
vp15/run2_2018-05-30-13-34-33.kinect_color,       12495,     12540, reaching_behind,    45
vp15/run2_2018-05-30-13-34-33.kinect_color,       12540,     12561, reaching_behind,    21
vp15/run2_2018-05-30-13-34-33.kinect_color,       12574,     12588, electronics    ,    14
vp15/run2_2018-05-30-13-34-33.kinect_color,       12621,     12625, electronics    ,     4
vp15/run2_2018-05-30-13-34-33.kinect_color,       12693,     12726, reaching_behind,    33
vp15/run2_2018-05-30-13-34-33.kinect_color,       12726,     12749, reaching_behind,    23
vp15/run2_2018-05-30-13-34-33.kinect_color,       12957,     12981, reaching_behind,    24
vp15/run2_2018-05-30-13-34-33.kinect_color,       13111,     13126, electronics    ,    15
vp15/run2_2018-05-30-13-34-33.kinect_color,       13165,     13199, reaching_behind,    34
vp15/run2_2018-05-30-13-34-33.kinect_color,       13213,     13259, reaching_behind,    46
vp15/run2_2018-05-30-13-34-33.kinect_color,       13259,     13303, reaching_behind,    44
vp15/run2_2018-05-30-13-34-33.kinect_color,       13303,     13338, reaching_behind,    35
vp15/run2_2018-05-30-13-34-33.kinect_color,       13529,     13546, reaching_behind,    17
vp15/run2_2018-05-30-13-34-33.kinect_color,       13546,     13591, reaching_behind,    45
vp15/run2_2018-05-30-13-34-33.kinect_color,       13591,     13603, reaching_behind,    12
vp15/run2_2018-05-30-13-34-33.kinect_color,       14027,     14034, electronics    ,     7
vp15/run2_2018-05-30-13-34-33.kinect_color,       14158,     14204, reaching_behind,    46
vp15/run2_2018-05-30-13-34-33.kinect_color,       14204,     14217, reaching_behind,    13
vp15/run2_2018-05-30-13-34-33.kinect_color,       14605,     14636, reaching_behind,    31
vp15/run2_2018-05-30-13-34-33.kinect_color,       14643,     14652, electronics    ,     9
vp15/run2_2018-05-30-13-34-33.kinect_color,       14911,     14924, electronics    ,    13
vp15/run2_2018-05-30-13-34-33.kinect_color,       19052,     19058, electronics    ,     6
vp2/run2_2018-05-24-17-22-26.kinect_color ,         251,       295, default        ,    44
vp6/run2_2018-05-23-11-05-00.kinect_color ,       21038,     21082, default        ,    44
vp10/run2_2018-05-24-14-08-46.kinect_color,       14110,     14118, default        ,     8
vp7/run2b_2018-05-23-13-54-07.kinect_color,        6155,      6201, default        ,    46
vp15/run1_2018-05-30-13-05-35.kinect_color,        9502,      9547, default        ,    45
vp3/run2_2018-05-29-16-03-37.kinect_color ,        3071,      3115, default        ,    44
vp11/run1_2018-05-24-13-44-01.kinect_color,       12220,     12245, default        ,    25
vp5/run2b_2018-05-22-15-50-07.kinect_color,       12865,     12910, default        ,    45
vp14/run1_2018-05-30-10-11-09.kinect_color,         284,       291, default        ,     7
vp11/run2_2018-05-24-14-35-56.kinect_color,       10205,     10220, default        ,    15
vp1/run2_2018-05-29-14-33-44.kinect_color ,        2616,      2661, default        ,    45
vp1/run1b_2018-05-29-14-02-47.kinect_color,       17832,     17878, default        ,    46
vp11/run2_2018-05-24-14-35-56.kinect_color,        5616,      5658, default        ,    42
vp14/run2_2018-05-30-10-42-33.kinect_color,        7944,      7987, default        ,    43
vp6/run2_2018-05-23-11-05-00.kinect_color ,       15184,     15226, default        ,    42
vp12/run2_2018-05-24-16-21-35.kinect_color,       11120,     11163, default        ,    43
vp3/run2_2018-05-29-16-03-37.kinect_color ,       15969,     16014, default        ,    45
vp7/run1_2018-05-23-13-16-52.kinect_color ,       16700,     16742, default        ,    42
vp14/run2_2018-05-30-10-42-33.kinect_color,       12381,     12425, default        ,    44
vp14/run1_2018-05-30-10-11-09.kinect_color,       16266,     16304, default        ,    38
vp1/run1b_2018-05-29-14-02-47.kinect_color,        3861,      3867, default        ,     6
vp5/run2b_2018-05-22-15-50-07.kinect_color,       10389,     10437, default        ,    48
vp8/run2_2018-05-23-15-30-27.kinect_color ,       13908,     13955, default        ,    47
vp5/run2b_2018-05-22-15-50-07.kinect_color,        4676,      4722, default        ,    46
vp2/run1_2018-05-03-14-08-31.kinect_color ,        7124,      7168, default        ,    44
vp14/run2_2018-05-30-10-42-33.kinect_color,       21804,     21849, default        ,    45
vp5/run1_2018-05-22-15-10-41.kinect_color ,       26128,     26148, default        ,    20
vp6/run2_2018-05-23-11-05-00.kinect_color ,        5150,      5194, default        ,    44
vp15/run2_2018-05-30-13-34-33.kinect_color,       12996,     13042, default        ,    46
vp2/run1_2018-05-03-14-08-31.kinect_color ,        7060,      7107, default        ,    47
vp10/run2_2018-05-24-14-08-46.kinect_color,         216,       242, default        ,    26
vp13/run1_2018-05-29-15-21-10.kinect_color,          25,        70, default        ,    45
vp1/run2_2018-05-29-14-33-44.kinect_color ,       12636,     12667, default        ,    31
vp9/run1b_2018-05-23-16-19-17.kinect_color,        3862,      3910, default        ,    48
vp4/run2_2018-05-22-14-25-04.kinect_color ,       22565,     22600, default        ,    35
vp8/run1d_2018-05-23-14-54-38.kinect_color,       10686,     10731, default        ,    45
vp8/run1d_2018-05-23-14-54-38.kinect_color,       22959,     23006, default        ,    47
vp15/run1_2018-05-30-13-05-35.kinect_color,       16551,     16592, default        ,    41
vp8/run1d_2018-05-23-14-54-38.kinect_color,       20958,     21001, default        ,    43
vp3/run1b_2018-05-08-08-46-01.kinect_color,        7549,      7597, default        ,    48
vp10/run2_2018-05-24-14-08-46.kinect_color,       12180,     12209, default        ,    29
vp15/run1_2018-05-30-13-05-35.kinect_color,        8784,      8829, default        ,    45
vp5/run2b_2018-05-22-15-50-07.kinect_color,        7598,      7641, default        ,    43
vp3/run1b_2018-05-08-08-46-01.kinect_color,       16879,     16899, default        ,    20
vp5/run1_2018-05-22-15-10-41.kinect_color ,       19702,     19746, default        ,    44
vp6/run1_2018-05-23-10-21-45.kinect_color ,       15898,     15941, default        ,    43
vp15/run2_2018-05-30-13-34-33.kinect_color,        8928,      8955, default        ,    27
vp6/run1_2018-05-23-10-21-45.kinect_color ,       24424,     24471, default        ,    47
vp10/run2_2018-05-24-14-08-46.kinect_color,        3324,      3366, default        ,    42
vp15/run2_2018-05-30-13-34-33.kinect_color,        1271,      1316, default        ,    45
vp7/run1_2018-05-23-13-16-52.kinect_color ,       20796,     20803, default        ,     7
vp1/run2_2018-05-29-14-33-44.kinect_color ,        5328,      5376, default        ,    48
vp12/run2_2018-05-24-16-21-35.kinect_color,       14901,     14944, default        ,    43
vp5/run2b_2018-05-22-15-50-07.kinect_color,        6926,      6974, default        ,    48
vp11/run1_2018-05-24-13-44-01.kinect_color,       16250,     16297, default        ,    47
vp13/run1_2018-05-29-15-21-10.kinect_color,       17795,     17824, default        ,    29
vp8/run2_2018-05-23-15-30-27.kinect_color ,        9755,      9801, default        ,    46
vp5/run1_2018-05-22-15-10-41.kinect_color ,       14810,     14855, default        ,    45
vp14/run1_2018-05-30-10-11-09.kinect_color,       13242,     13251, default        ,     9
vp2/run1_2018-05-03-14-08-31.kinect_color ,        6593,      6631, default        ,    38
vp2/run2_2018-05-24-17-22-26.kinect_color ,       17530,     17537, default        ,     7
vp8/run1d_2018-05-23-14-54-38.kinect_color,        4619,      4662, default        ,    43
vp2/run2_2018-05-24-17-22-26.kinect_color ,       11986,     12031, default        ,    45
vp1/run1b_2018-05-29-14-02-47.kinect_color,       18218,     18261, default        ,    43
vp5/run2b_2018-05-22-15-50-07.kinect_color,        1119,      1161, default        ,    42
vp9/run1b_2018-05-23-16-19-17.kinect_color,        8347,      8350, default        ,     3
vp3/run1b_2018-05-08-08-46-01.kinect_color,         199,       246, default        ,    47
vp2/run2_2018-05-24-17-22-26.kinect_color ,       18211,     18258, default        ,    47
vp1/run2_2018-05-29-14-33-44.kinect_color ,        6782,      6829, default        ,    47
vp15/run1_2018-05-30-13-05-35.kinect_color,        9505,      9515, default        ,    10
vp4/run1_2018-05-22-13-28-51.kinect_color ,        7038,      7046, default        ,     8
vp12/run2_2018-05-24-16-21-35.kinect_color,       15155,     15200, default        ,    45
vp8/run1d_2018-05-23-14-54-38.kinect_color,       13928,     13976, default        ,    48
vp11/run1_2018-05-24-13-44-01.kinect_color,        3740,      3785, default        ,    45
vp3/run1b_2018-05-08-08-46-01.kinect_color,        6342,      6384, default        ,    42
vp15/run1_2018-05-30-13-05-35.kinect_color,        9622,      9669, default        ,    47
vp4/run2_2018-05-22-14-25-04.kinect_color ,       18022,     18047, default        ,    25
vp4/run1_2018-05-22-13-28-51.kinect_color ,        4345,      4389, default        ,    44
vp7/run2b_2018-05-23-13-54-07.kinect_color,        7831,      7874, default        ,    43
vp11/run1_2018-05-24-13-44-01.kinect_color,        6993,      7037, default        ,    44
vp11/run2_2018-05-24-14-35-56.kinect_color,       11724,     11771, default        ,    47
vp2/run1_2018-05-03-14-08-31.kinect_color ,       10077,     10120, default        ,    43
vp14/run2_2018-05-30-10-42-33.kinect_color,       14753,     14785, default        ,    32
vp10/run1_2018-05-24-13-14-41.kinect_color,       20814,     20847, default        ,    33
vp5/run2b_2018-05-22-15-50-07.kinect_color,       12722,     12769, default        ,    47
vp12/run2_2018-05-24-16-21-35.kinect_color,       21091,     21103, default        ,    12
vp5/run2b_2018-05-22-15-50-07.kinect_color,        4396,      4441, default        ,    45
vp5/run1_2018-05-22-15-10-41.kinect_color ,       13529,     13573, default        ,    44
vp8/run1d_2018-05-23-14-54-38.kinect_color,       10813,     10857, default        ,    44
vp4/run2_2018-05-22-14-25-04.kinect_color ,        9020,      9069, default        ,    49
vp13/run2_2018-05-30-11-34-54.kinect_color,        5322,      5357, default        ,    35
vp14/run2_2018-05-30-10-42-33.kinect_color,       13837,     13885, default        ,    48
vp1/run2_2018-05-29-14-33-44.kinect_color ,        9072,      9084, default        ,    12
vp14/run2_2018-05-30-10-42-33.kinect_color,        7488,      7536, default        ,    48
vp10/run2_2018-05-24-14-08-46.kinect_color,       14766,     14812, default        ,    46
vp7/run1_2018-05-23-13-16-52.kinect_color ,         683,       717, default        ,    34
vp3/run1b_2018-05-08-08-46-01.kinect_color,       17386,     17430, default        ,    44
vp14/run2_2018-05-30-10-42-33.kinect_color,       10352,     10396, default        ,    44
vp1/run2_2018-05-29-14-33-44.kinect_color ,        2047,      2093, default        ,    46
vp12/run2_2018-05-24-16-21-35.kinect_color,       10318,     10341, default        ,    23
vp9/run1b_2018-05-23-16-19-17.kinect_color,       11605,     11650, default        ,    45
vp14/run1_2018-05-30-10-11-09.kinect_color,         401,       450, default        ,    49
vp7/run1_2018-05-23-13-16-52.kinect_color ,       10804,     10819, default        ,    15
vp13/run2_2018-05-30-11-34-54.kinect_color,        3626,      3670, default        ,    44
vp4/run1_2018-05-22-13-28-51.kinect_color ,        7138,      7168, default        ,    30
vp3/run2_2018-05-29-16-03-37.kinect_color ,       12111,     12158, default        ,    47
vp8/run1d_2018-05-23-14-54-38.kinect_color,       14146,     14190, default        ,    44
vp13/run2_2018-05-30-11-34-54.kinect_color,        8999,      9044, default        ,    45
vp13/run2_2018-05-30-11-34-54.kinect_color,       12778,     12788, default        ,    10
vp5/run1_2018-05-22-15-10-41.kinect_color ,       13397,     13426, default        ,    29
vp4/run1_2018-05-22-13-28-51.kinect_color ,        9291,      9336, default        ,    45
vp11/run1_2018-05-24-13-44-01.kinect_color,       15543,     15588, default        ,    45
vp2/run2_2018-05-24-17-22-26.kinect_color ,         263,       308, default        ,    45
vp15/run1_2018-05-30-13-05-35.kinect_color,        8007,      8052, default        ,    45
vp5/run2b_2018-05-22-15-50-07.kinect_color,         324,       368, default        ,    44
vp2/run1_2018-05-03-14-08-31.kinect_color ,        9699,      9709, default        ,    10
vp12/run2_2018-05-24-16-21-35.kinect_color,        7580,      7623, default        ,    43
vp15/run2_2018-05-30-13-34-33.kinect_color,        8532,      8578, default        ,    46
vp13/run2_2018-05-30-11-34-54.kinect_color,        6440,      6472, default        ,    32
vp10/run1_2018-05-24-13-14-41.kinect_color,        5848,      5890, default        ,    42
vp5/run1_2018-05-22-15-10-41.kinect_color ,       19070,     19117, default        ,    47
vp5/run1_2018-05-22-15-10-41.kinect_color ,       24941,     24986, default        ,    45
vp14/run2_2018-05-30-10-42-33.kinect_color,        6728,      6772, default        ,    44
vp1/run2_2018-05-29-14-33-44.kinect_color ,       10519,     10521, default        ,     2
vp10/run2_2018-05-24-14-08-46.kinect_color,        4185,      4231, default        ,    46
vp10/run2_2018-05-24-14-08-46.kinect_color,         170,       206, default        ,    36
vp3/run2_2018-05-29-16-03-37.kinect_color ,       10820,     10844, default        ,    24
vp6/run2_2018-05-23-11-05-00.kinect_color ,        4501,      4509, default        ,     8
vp5/run1_2018-05-22-15-10-41.kinect_color ,       26352,     26399, default        ,    47
vp12/run2_2018-05-24-16-21-35.kinect_color,       10008,     10055, default        ,    47
vp5/run1_2018-05-22-15-10-41.kinect_color ,       14396,     14421, default        ,    25
vp9/run1b_2018-05-23-16-19-17.kinect_color,        6072,      6117, default        ,    45
vp6/run2_2018-05-23-11-05-00.kinect_color ,       21357,     21375, default        ,    18
vp13/run2_2018-05-30-11-34-54.kinect_color,       10201,     10246, default        ,    45
vp5/run2b_2018-05-22-15-50-07.kinect_color,        6884,      6930, default        ,    46
vp8/run1d_2018-05-23-14-54-38.kinect_color,        3546,      3592, default        ,    46
vp12/run2_2018-05-24-16-21-35.kinect_color,       11105,     11151, default        ,    46
vp2/run1_2018-05-03-14-08-31.kinect_color ,        6723,      6770, default        ,    47
vp10/run1_2018-05-24-13-14-41.kinect_color,       12944,     12955, default        ,    11
vp12/run1_2018-05-24-15-44-28.kinect_color,       13133,     13150, default        ,    17
vp15/run1_2018-05-30-13-05-35.kinect_color,       12562,     12610, default        ,    48
vp15/run1_2018-05-30-13-05-35.kinect_color,        5137,      5182, default        ,    45
vp8/run1d_2018-05-23-14-54-38.kinect_color,       10987,     11027, default        ,    40
vp14/run1_2018-05-30-10-11-09.kinect_color,       13178,     13221, default        ,    43
vp12/run1_2018-05-24-15-44-28.kinect_color,       19808,     19829, default        ,    21
vp7/run2b_2018-05-23-13-54-07.kinect_color,        9767,      9811, default        ,    44
vp5/run1_2018-05-22-15-10-41.kinect_color ,         915,       961, default        ,    46
vp7/run1_2018-05-23-13-16-52.kinect_color ,       10799,     10824, default        ,    25
vp15/run1_2018-05-30-13-05-35.kinect_color,        7114,      7158, default        ,    44
vp1/run2_2018-05-29-14-33-44.kinect_color ,        9178,      9223, default        ,    45
vp14/run1_2018-05-30-10-11-09.kinect_color,        6434,      6479, default        ,    45
vp11/run1_2018-05-24-13-44-01.kinect_color,        5347,      5373, default        ,    26
vp1/run2_2018-05-29-14-33-44.kinect_color ,        4709,      4719, default        ,    10
vp13/run1_2018-05-29-15-21-10.kinect_color,        9821,      9861, default        ,    40
vp9/run1b_2018-05-23-16-19-17.kinect_color,        9539,      9584, default        ,    45
vp10/run1_2018-05-24-13-14-41.kinect_color,        4432,      4475, default        ,    43
vp1/run1b_2018-05-29-14-02-47.kinect_color,       14892,     14939, default        ,    47
vp5/run1_2018-05-22-15-10-41.kinect_color ,       21487,     21533, default        ,    46
vp10/run2_2018-05-24-14-08-46.kinect_color,       17375,     17422, default        ,    47
vp13/run1_2018-05-29-15-21-10.kinect_color,       10126,     10143, default        ,    17
vp13/run1_2018-05-29-15-21-10.kinect_color,         806,       852, default        ,    46
vp5/run2b_2018-05-22-15-50-07.kinect_color,       15170,     15217, default        ,    47
vp15/run1_2018-05-30-13-05-35.kinect_color,        5136,      5182, default        ,    46
vp11/run1_2018-05-24-13-44-01.kinect_color,        5846,      5866, default        ,    20
vp1/run2_2018-05-29-14-33-44.kinect_color ,       12735,     12775, default        ,    40
vp15/run2_2018-05-30-13-34-33.kinect_color,       14065,     14114, default        ,    49
vp14/run1_2018-05-30-10-11-09.kinect_color,       10302,     10346, default        ,    44
vp9/run1b_2018-05-23-16-19-17.kinect_color,        9537,      9571, default        ,    34
vp13/run2_2018-05-30-11-34-54.kinect_color,       10586,     10636, default        ,    50
vp8/run1d_2018-05-23-14-54-38.kinect_color,       13913,     13957, default        ,    44
vp8/run1d_2018-05-23-14-54-38.kinect_color,       18584,     18628, default        ,    44
vp9/run1b_2018-05-23-16-19-17.kinect_color,       14865,     14911, default        ,    46
vp10/run2_2018-05-24-14-08-46.kinect_color,       13798,     13843, default        ,    45
vp11/run2_2018-05-24-14-35-56.kinect_color,       11431,     11475, default        ,    44
vp8/run1d_2018-05-23-14-54-38.kinect_color,       18551,     18594, default        ,    43
vp8/run2_2018-05-23-15-30-27.kinect_color ,       15963,     16007, default        ,    44
vp15/run2_2018-05-30-13-34-33.kinect_color,       12373,     12417, default        ,    44
vp2/run1_2018-05-03-14-08-31.kinect_color ,       15888,     15897, default        ,     9
vp8/run1d_2018-05-23-14-54-38.kinect_color,       12851,     12893, default        ,    42
vp2/run2_2018-05-24-17-22-26.kinect_color ,        8629,      8664, default        ,    35
vp14/run1_2018-05-30-10-11-09.kinect_color,       16210,     16232, default        ,    22
vp9/run1b_2018-05-23-16-19-17.kinect_color,        8483,      8528, default        ,    45
vp15/run2_2018-05-30-13-34-33.kinect_color,       13460,     13507, default        ,    47
vp9/run1b_2018-05-23-16-19-17.kinect_color,        6794,      6809, default        ,    15
vp5/run2b_2018-05-22-15-50-07.kinect_color,       14815,     14833, default        ,    18
vp1/run1b_2018-05-29-14-02-47.kinect_color,       14527,     14553, default        ,    26
vp1/run2_2018-05-29-14-33-44.kinect_color ,       12792,     12795, default        ,     3
vp11/run1_2018-05-24-13-44-01.kinect_color,       12835,     12879, default        ,    44
vp11/run2_2018-05-24-14-35-56.kinect_color,        6048,      6094, default        ,    46
vp7/run1_2018-05-23-13-16-52.kinect_color ,       20627,     20673, default        ,    46
vp8/run2_2018-05-23-15-30-27.kinect_color ,        1424,      1467, default        ,    43
vp15/run2_2018-05-30-13-34-33.kinect_color,       12629,     12670, default        ,    41
vp5/run1_2018-05-22-15-10-41.kinect_color ,        8448,      8494, default        ,    46
vp15/run1_2018-05-30-13-05-35.kinect_color,       10941,     10988, default        ,    47
vp12/run1_2018-05-24-15-44-28.kinect_color,       15962,     16009, default        ,    47
vp3/run1b_2018-05-08-08-46-01.kinect_color,       17400,     17447, default        ,    47
vp1/run2_2018-05-29-14-33-44.kinect_color ,        9694,      9736, default        ,    42
vp2/run1_2018-05-03-14-08-31.kinect_color ,       15391,     15435, default        ,    44
vp4/run1_2018-05-22-13-28-51.kinect_color ,       23419,     23463, default        ,    44
vp12/run1_2018-05-24-15-44-28.kinect_color,       19137,     19144, default        ,     7
vp14/run1_2018-05-30-10-11-09.kinect_color,       18420,     18468, default        ,    48
vp8/run2_2018-05-23-15-30-27.kinect_color ,       19952,     19959, default        ,     7
vp7/run2b_2018-05-23-13-54-07.kinect_color,        2045,      2049, default        ,     4
vp3/run2_2018-05-29-16-03-37.kinect_color ,       12125,     12144, default        ,    19
vp7/run1_2018-05-23-13-16-52.kinect_color ,        9159,      9207, default        ,    48
vp3/run1b_2018-05-08-08-46-01.kinect_color,       20104,     20115, default        ,    11
vp14/run2_2018-05-30-10-42-33.kinect_color,        9557,      9606, default        ,    49
vp9/run1b_2018-05-23-16-19-17.kinect_color,        5713,      5760, default        ,    47
vp9/run1b_2018-05-23-16-19-17.kinect_color,        4780,      4782, default        ,     2
vp14/run2_2018-05-30-10-42-33.kinect_color,       17177,     17222, default        ,    45
vp14/run2_2018-05-30-10-42-33.kinect_color,        7720,      7768, default        ,    48
vp1/run1b_2018-05-29-14-02-47.kinect_color,       14918,     14932, default        ,    14
vp13/run2_2018-05-30-11-34-54.kinect_color,       16970,     17003, default        ,    33
vp15/run1_2018-05-30-13-05-35.kinect_color,        6839,      6848, default        ,     9
vp12/run1_2018-05-24-15-44-28.kinect_color,       13887,     13930, default        ,    43
vp8/run1d_2018-05-23-14-54-38.kinect_color,        8623,      8667, default        ,    44
vp2/run2_2018-05-24-17-22-26.kinect_color ,        9678,      9721, default        ,    43
vp3/run2_2018-05-29-16-03-37.kinect_color ,        7444,      7490, default        ,    46
vp8/run1d_2018-05-23-14-54-38.kinect_color,       17331,     17375, default        ,    44
vp11/run1_2018-05-24-13-44-01.kinect_color,        6019,      6066, default        ,    47
vp1/run2_2018-05-29-14-33-44.kinect_color ,       13308,     13318, default        ,    10
vp3/run2_2018-05-29-16-03-37.kinect_color ,       15695,     15740, default        ,    45
vp11/run2_2018-05-24-14-35-56.kinect_color,        5677,      5723, default        ,    46
vp14/run2_2018-05-30-10-42-33.kinect_color,       12390,     12416, default        ,    26
vp8/run1d_2018-05-23-14-54-38.kinect_color,       13109,     13149, default        ,    40
vp11/run1_2018-05-24-13-44-01.kinect_color,       14504,     14513, default        ,     9
vp8/run2_2018-05-23-15-30-27.kinect_color ,        1763,      1809, default        ,    46
vp3/run1b_2018-05-08-08-46-01.kinect_color,       11547,     11592, default        ,    45
vp14/run1_2018-05-30-10-11-09.kinect_color,       11802,     11849, default        ,    47
vp13/run1_2018-05-29-15-21-10.kinect_color,        1719,      1725, default        ,     6
vp7/run1_2018-05-23-13-16-52.kinect_color ,       19748,     19755, default        ,     7
vp11/run2_2018-05-24-14-35-56.kinect_color,        5687,      5726, default        ,    39
vp2/run2_2018-05-24-17-22-26.kinect_color ,       14831,     14839, default        ,     8
vp15/run2_2018-05-30-13-34-33.kinect_color,       11500,     11545, default        ,    45
vp2/run2_2018-05-24-17-22-26.kinect_color ,         407,       432, default        ,    25
vp12/run2_2018-05-24-16-21-35.kinect_color,       17608,     17655, default        ,    47
vp5/run2b_2018-05-22-15-50-07.kinect_color,       12301,     12318, default        ,    17
vp14/run1_2018-05-30-10-11-09.kinect_color,       16405,     16450, default        ,    45
vp3/run1b_2018-05-08-08-46-01.kinect_color,       11922,     11926, default        ,     4
vp12/run1_2018-05-24-15-44-28.kinect_color,       13567,     13608, default        ,    41
vp7/run2b_2018-05-23-13-54-07.kinect_color,       10207,     10243, default        ,    36
vp3/run1b_2018-05-08-08-46-01.kinect_color,        8174,      8224, default        ,    50
vp8/run2_2018-05-23-15-30-27.kinect_color ,       15078,     15111, default        ,    33
vp13/run1_2018-05-29-15-21-10.kinect_color,        2687,      2733, default        ,    46
vp14/run2_2018-05-30-10-42-33.kinect_color,        4397,      4445, default        ,    48
vp15/run2_2018-05-30-13-34-33.kinect_color,        9172,      9209, default        ,    37
vp1/run1b_2018-05-29-14-02-47.kinect_color,        8776,      8821, default        ,    45
vp5/run2b_2018-05-22-15-50-07.kinect_color,        6592,      6641, default        ,    49
vp5/run1_2018-05-22-15-10-41.kinect_color ,       20032,     20077, default        ,    45
vp9/run1b_2018-05-23-16-19-17.kinect_color,        4370,      4398, default        ,    28
vp15/run1_2018-05-30-13-05-35.kinect_color,        7992,      8007, default        ,    15
vp9/run1b_2018-05-23-16-19-17.kinect_color,        7757,      7803, default        ,    46
vp7/run1_2018-05-23-13-16-52.kinect_color ,        6736,      6779, default        ,    43
vp11/run1_2018-05-24-13-44-01.kinect_color,        9314,      9324, default        ,    10
vp11/run2_2018-05-24-14-35-56.kinect_color,       11187,     11230, default        ,    43
vp1/run2_2018-05-29-14-33-44.kinect_color ,        9809,      9819, default        ,    10
vp15/run1_2018-05-30-13-05-35.kinect_color,        3887,      3931, default        ,    44
vp13/run2_2018-05-30-11-34-54.kinect_color,       20223,     20268, default        ,    45
vp7/run1_2018-05-23-13-16-52.kinect_color ,        7144,      7189, default        ,    45
vp13/run1_2018-05-29-15-21-10.kinect_color,       16108,     16121, default        ,    13
vp8/run2_2018-05-23-15-30-27.kinect_color ,        4298,      4337, default        ,    39
vp10/run1_2018-05-24-13-14-41.kinect_color,        5869,      5901, default        ,    32
vp6/run2_2018-05-23-11-05-00.kinect_color ,        9211,      9232, default        ,    21
vp9/run1b_2018-05-23-16-19-17.kinect_color,        7413,      7420, default        ,     7
vp10/run2_2018-05-24-14-08-46.kinect_color,       11347,     11393, default        ,    46
vp13/run1_2018-05-29-15-21-10.kinect_color,       10566,     10599, default        ,    33
vp12/run1_2018-05-24-15-44-28.kinect_color,       12240,     12254, default        ,    14
vp8/run2_2018-05-23-15-30-27.kinect_color ,       15291,     15336, default        ,    45
vp1/run1b_2018-05-29-14-02-47.kinect_color,        3784,      3826, default        ,    42
vp15/run2_2018-05-30-13-34-33.kinect_color,        9969,      9976, default        ,     7
vp4/run2_2018-05-22-14-25-04.kinect_color ,       10208,     10247, default        ,    39
vp3/run2_2018-05-29-16-03-37.kinect_color ,       14028,     14076, default        ,    48
vp13/run2_2018-05-30-11-34-54.kinect_color,        5498,      5546, default        ,    48
vp7/run2b_2018-05-23-13-54-07.kinect_color,        1044,      1090, default        ,    46
vp13/run1_2018-05-29-15-21-10.kinect_color,       16103,     16123, default        ,    20
vp1/run1b_2018-05-29-14-02-47.kinect_color,       14916,     14929, default        ,    13
vp15/run1_2018-05-30-13-05-35.kinect_color,       12864,     12897, default        ,    33
vp12/run2_2018-05-24-16-21-35.kinect_color,        8237,      8281, default        ,    44
vp12/run2_2018-05-24-16-21-35.kinect_color,       20971,     21015, default        ,    44
vp6/run1_2018-05-23-10-21-45.kinect_color ,        4778,      4822, default        ,    44
vp5/run1_2018-05-22-15-10-41.kinect_color ,       18446,     18470, default        ,    24
vp10/run1_2018-05-24-13-14-41.kinect_color,        5212,      5242, default        ,    30
vp3/run1b_2018-05-08-08-46-01.kinect_color,        6904,      6947, default        ,    43
vp12/run1_2018-05-24-15-44-28.kinect_color,       14500,     14544, default        ,    44
vp15/run2_2018-05-30-13-34-33.kinect_color,        6121,      6133, default        ,    12
vp1/run1b_2018-05-29-14-02-47.kinect_color,        5054,      5061, default        ,     7
vp12/run2_2018-05-24-16-21-35.kinect_color,        5558,      5603, default        ,    45
vp11/run2_2018-05-24-14-35-56.kinect_color,        8606,      8615, default        ,     9
vp2/run2_2018-05-24-17-22-26.kinect_color ,       14105,     14131, default        ,    26
vp5/run2b_2018-05-22-15-50-07.kinect_color,       16560,     16605, default        ,    45
vp9/run1b_2018-05-23-16-19-17.kinect_color,        8985,      9021, default        ,    36
vp1/run1b_2018-05-29-14-02-47.kinect_color,       12451,     12485, default        ,    34
vp4/run1_2018-05-22-13-28-51.kinect_color ,        7135,      7180, default        ,    45
vp15/run1_2018-05-30-13-05-35.kinect_color,        4923,      4966, default        ,    43
vp2/run2_2018-05-24-17-22-26.kinect_color ,         158,       174, default        ,    16
vp4/run1_2018-05-22-13-28-51.kinect_color ,       28625,     28653, default        ,    28
vp5/run1_2018-05-22-15-10-41.kinect_color ,        8675,      8722, default        ,    47
vp4/run1_2018-05-22-13-28-51.kinect_color ,       22396,     22444, default        ,    48
vp13/run1_2018-05-29-15-21-10.kinect_color,        1021,      1056, default        ,    35
vp15/run1_2018-05-30-13-05-35.kinect_color,        8339,      8345, default        ,     6
vp14/run2_2018-05-30-10-42-33.kinect_color,        7526,      7572, default        ,    46
vp11/run2_2018-05-24-14-35-56.kinect_color,        3987,      4020, default        ,    33
vp8/run2_2018-05-23-15-30-27.kinect_color ,       18922,     18970, default        ,    48
vp12/run2_2018-05-24-16-21-35.kinect_color,       19421,     19448, default        ,    27
vp5/run2b_2018-05-22-15-50-07.kinect_color,       19289,     19335, default        ,    46
vp13/run2_2018-05-30-11-34-54.kinect_color,        2423,      2467, default        ,    44
vp5/run1_2018-05-22-15-10-41.kinect_color ,       21465,     21508, default        ,    43
vp10/run2_2018-05-24-14-08-46.kinect_color,       11582,     11629, default        ,    47
vp8/run2_2018-05-23-15-30-27.kinect_color ,       14961,     15007, default        ,    46
vp11/run1_2018-05-24-13-44-01.kinect_color,       18633,     18679, default        ,    46
vp15/run1_2018-05-30-13-05-35.kinect_color,        5583,      5629, default        ,    46
vp8/run1d_2018-05-23-14-54-38.kinect_color,       17175,     17209, default        ,    34
vp1/run2_2018-05-29-14-33-44.kinect_color ,       17972,     18017, default        ,    45
vp13/run1_2018-05-29-15-21-10.kinect_color,         128,       157, default        ,    29
vp10/run1_2018-05-24-13-14-41.kinect_color,        7464,      7510, default        ,    46
vp3/run1b_2018-05-08-08-46-01.kinect_color,       12459,     12507, default        ,    48
vp1/run2_2018-05-29-14-33-44.kinect_color ,        4753,      4795, default        ,    42
vp9/run1b_2018-05-23-16-19-17.kinect_color,        7390,      7394, default        ,     4
vp5/run2b_2018-05-22-15-50-07.kinect_color,       15734,     15762, default        ,    28
vp10/run2_2018-05-24-14-08-46.kinect_color,        6101,      6148, default        ,    47
vp12/run1_2018-05-24-15-44-28.kinect_color,        8568,      8615, default        ,    47
vp11/run2_2018-05-24-14-35-56.kinect_color,       12781,     12785, default        ,     4
vp11/run1_2018-05-24-13-44-01.kinect_color,       17752,     17756, default        ,     4
vp4/run1_2018-05-22-13-28-51.kinect_color ,       22975,     23021, default        ,    46
vp4/run1_2018-05-22-13-28-51.kinect_color ,       29155,     29181, default        ,    26
vp5/run2b_2018-05-22-15-50-07.kinect_color,       14541,     14545, default        ,     4
vp3/run1b_2018-05-08-08-46-01.kinect_color,        6317,      6361, default        ,    44
vp5/run1_2018-05-22-15-10-41.kinect_color ,       24415,     24460, default        ,    45
vp1/run1b_2018-05-29-14-02-47.kinect_color,        3212,      3234, default        ,    22
vp12/run1_2018-05-24-15-44-28.kinect_color,       11825,     11829, default        ,     4
vp15/run2_2018-05-30-13-34-33.kinect_color,       19568,     19614, default        ,    46
vp15/run2_2018-05-30-13-34-33.kinect_color,        9828,      9874, default        ,    46
vp5/run1_2018-05-22-15-10-41.kinect_color ,       21659,     21689, default        ,    30
vp14/run2_2018-05-30-10-42-33.kinect_color,        7519,      7566, default        ,    47
vp3/run2_2018-05-29-16-03-37.kinect_color ,        6990,      7038, default        ,    48
vp15/run1_2018-05-30-13-05-35.kinect_color,       18651,     18658, default        ,     7
vp11/run2_2018-05-24-14-35-56.kinect_color,       10185,     10232, default        ,    47
vp13/run2_2018-05-30-11-34-54.kinect_color,       14643,     14675, default        ,    32
vp6/run1_2018-05-23-10-21-45.kinect_color ,       16589,     16633, default        ,    44
vp7/run1_2018-05-23-13-16-52.kinect_color ,       20365,     20411, default        ,    46
vp4/run2_2018-05-22-14-25-04.kinect_color ,        9269,      9317, default        ,    48
vp14/run2_2018-05-30-10-42-33.kinect_color,        8390,      8437, default        ,    47
vp2/run2_2018-05-24-17-22-26.kinect_color ,       12014,     12019, default        ,     5
vp5/run2b_2018-05-22-15-50-07.kinect_color,         192,       226, default        ,    34
vp14/run2_2018-05-30-10-42-33.kinect_color,       22262,     22310, default        ,    48
vp15/run2_2018-05-30-13-34-33.kinect_color,       12462,     12494, default        ,    32
vp10/run2_2018-05-24-14-08-46.kinect_color,       16095,     16142, default        ,    47
vp5/run1_2018-05-22-15-10-41.kinect_color ,       19699,     19744, default        ,    45
vp5/run1_2018-05-22-15-10-41.kinect_color ,       15726,     15771, default        ,    45
vp6/run2_2018-05-23-11-05-00.kinect_color ,        3976,      4010, default        ,    34
vp7/run2b_2018-05-23-13-54-07.kinect_color,        7368,      7414, default        ,    46
vp15/run1_2018-05-30-13-05-35.kinect_color,        8654,      8702, default        ,    48
vp7/run1_2018-05-23-13-16-52.kinect_color ,        8250,      8285, default        ,    35
vp3/run2_2018-05-29-16-03-37.kinect_color ,        5859,      5904, default        ,    45
vp7/run2b_2018-05-23-13-54-07.kinect_color,        3566,      3611, default        ,    45
vp6/run2_2018-05-23-11-05-00.kinect_color ,        3689,      3725, default        ,    36
vp4/run1_2018-05-22-13-28-51.kinect_color ,       23503,     23530, default        ,    27
vp12/run2_2018-05-24-16-21-35.kinect_color,        8108,      8126, default        ,    18
vp1/run2_2018-05-29-14-33-44.kinect_color ,       14705,     14708, default        ,     3
vp10/run1_2018-05-24-13-14-41.kinect_color,        9569,      9617, default        ,    48
vp14/run1_2018-05-30-10-11-09.kinect_color,       13641,     13651, default        ,    10
vp8/run1d_2018-05-23-14-54-38.kinect_color,       20957,     21002, default        ,    45
vp9/run1b_2018-05-23-16-19-17.kinect_color,        8247,      8299, default        ,    52
vp9/run1b_2018-05-23-16-19-17.kinect_color,        4327,      4374, default        ,    47
vp6/run2_2018-05-23-11-05-00.kinect_color ,        4654,      4657, default        ,     3
vp12/run2_2018-05-24-16-21-35.kinect_color,       11291,     11338, default        ,    47
vp8/run2_2018-05-23-15-30-27.kinect_color ,       13729,     13760, default        ,    31
vp2/run2_2018-05-24-17-22-26.kinect_color ,       12214,     12260, default        ,    46
vp4/run1_2018-05-22-13-28-51.kinect_color ,        7966,      8012, default        ,    46
vp7/run2b_2018-05-23-13-54-07.kinect_color,       13625,     13669, default        ,    44
vp12/run2_2018-05-24-16-21-35.kinect_color,        9800,      9842, default        ,    42
vp15/run1_2018-05-30-13-05-35.kinect_color,        6838,      6881, default        ,    43
vp1/run2_2018-05-29-14-33-44.kinect_color ,       12531,     12579, default        ,    48
vp8/run2_2018-05-23-15-30-27.kinect_color ,       13630,     13649, default        ,    19
vp2/run1_2018-05-03-14-08-31.kinect_color ,       14552,     14601, default        ,    49
vp14/run1_2018-05-30-10-11-09.kinect_color,       12770,     12814, default        ,    44
vp3/run1b_2018-05-08-08-46-01.kinect_color,       16778,     16817, default        ,    39
vp5/run1_2018-05-22-15-10-41.kinect_color ,       19705,     19747, default        ,    42
vp6/run1_2018-05-23-10-21-45.kinect_color ,       25680,     25725, default        ,    45
vp12/run2_2018-05-24-16-21-35.kinect_color,        6768,      6809, default        ,    41
vp4/run2_2018-05-22-14-25-04.kinect_color ,       13775,     13799, default        ,    24
vp14/run1_2018-05-30-10-11-09.kinect_color,        3606,      3626, default        ,    20
vp11/run1_2018-05-24-13-44-01.kinect_color,       14730,     14764, default        ,    34
vp10/run2_2018-05-24-14-08-46.kinect_color,       11659,     11704, default        ,    45
vp3/run2_2018-05-29-16-03-37.kinect_color ,       13741,     13785, default        ,    44
vp11/run1_2018-05-24-13-44-01.kinect_color,        5732,      5752, default        ,    20
vp11/run1_2018-05-24-13-44-01.kinect_color,       18640,     18690, default        ,    50
vp13/run1_2018-05-29-15-21-10.kinect_color,       12108,     12151, default        ,    43
vp10/run2_2018-05-24-14-08-46.kinect_color,        3596,      3642, default        ,    46
vp1/run2_2018-05-29-14-33-44.kinect_color ,        6714,      6756, default        ,    42
vp15/run2_2018-05-30-13-34-33.kinect_color,       11683,     11728, default        ,    45
vp3/run2_2018-05-29-16-03-37.kinect_color ,       14405,     14448, default        ,    43
vp9/run1b_2018-05-23-16-19-17.kinect_color,        8501,      8545, default        ,    44
vp15/run1_2018-05-30-13-05-35.kinect_color,        8750,      8796, default        ,    46
vp15/run1_2018-05-30-13-05-35.kinect_color,        5748,      5792, default        ,    44
vp14/run1_2018-05-30-10-11-09.kinect_color,        8744,      8790, default        ,    46
vp4/run2_2018-05-22-14-25-04.kinect_color ,       23570,     23614, default        ,    44
vp10/run1_2018-05-24-13-14-41.kinect_color,       20191,     20225, default        ,    34
vp2/run2_2018-05-24-17-22-26.kinect_color ,       10527,     10563, default        ,    36
vp2/run1_2018-05-03-14-08-31.kinect_color ,       15403,     15433, default        ,    30
vp6/run2_2018-05-23-11-05-00.kinect_color ,        4724,      4728, default        ,     4
vp1/run2_2018-05-29-14-33-44.kinect_color ,       16080,     16084, default        ,     4
vp12/run1_2018-05-24-15-44-28.kinect_color,       17511,     17557, default        ,    46
vp2/run1_2018-05-03-14-08-31.kinect_color ,       18575,     18621, default        ,    46
vp11/run2_2018-05-24-14-35-56.kinect_color,        6066,      6080, default        ,    14
vp7/run1_2018-05-23-13-16-52.kinect_color ,        7986,      8033, default        ,    47
vp3/run1b_2018-05-08-08-46-01.kinect_color,       17704,     17748, default        ,    44
vp6/run2_2018-05-23-11-05-00.kinect_color ,       13681,     13681, default        ,     0
vp7/run2b_2018-05-23-13-54-07.kinect_color,       13158,     13204, default        ,    46
vp12/run1_2018-05-24-15-44-28.kinect_color,       17637,     17640, default        ,     3
vp5/run1_2018-05-22-15-10-41.kinect_color ,        5345,      5351, default        ,     6
vp9/run1b_2018-05-23-16-19-17.kinect_color,       10161,     10176, default        ,    15
vp10/run1_2018-05-24-13-14-41.kinect_color,        7038,      7083, default        ,    45
vp8/run1d_2018-05-23-14-54-38.kinect_color,       16330,     16376, default        ,    46
vp5/run2b_2018-05-22-15-50-07.kinect_color,        4271,      4293, default        ,    22
vp2/run2_2018-05-24-17-22-26.kinect_color ,       10938,     10969, default        ,    31
vp10/run1_2018-05-24-13-14-41.kinect_color,        5713,      5760, default        ,    47
vp13/run2_2018-05-30-11-34-54.kinect_color,       11800,     11807, default        ,     7
vp11/run2_2018-05-24-14-35-56.kinect_color,        3906,      3925, default        ,    19
vp7/run1_2018-05-23-13-16-52.kinect_color ,        4369,      4417, default        ,    48
vp11/run1_2018-05-24-13-44-01.kinect_color,       15714,     15746, default        ,    32
vp15/run2_2018-05-30-13-34-33.kinect_color,       12481,     12485, default        ,     4
vp15/run1_2018-05-30-13-05-35.kinect_color,        6801,      6847, default        ,    46
vp9/run1b_2018-05-23-16-19-17.kinect_color,        9465,      9512, default        ,    47
vp5/run2b_2018-05-22-15-50-07.kinect_color,        4587,      4633, default        ,    46
vp14/run1_2018-05-30-10-11-09.kinect_color,        6160,      6168, default        ,     8
vp1/run2_2018-05-29-14-33-44.kinect_color ,        6540,      6578, default        ,    38
vp8/run1d_2018-05-23-14-54-38.kinect_color,       10604,     10649, default        ,    45
vp3/run2_2018-05-29-16-03-37.kinect_color ,       13585,     13630, default        ,    45
vp14/run1_2018-05-30-10-11-09.kinect_color,       16199,     16247, default        ,    48
vp8/run1d_2018-05-23-14-54-38.kinect_color,       10711,     10736, default        ,    25
vp3/run2_2018-05-29-16-03-37.kinect_color ,        7005,      7050, default        ,    45
vp4/run1_2018-05-22-13-28-51.kinect_color ,        6754,      6801, default        ,    47
vp2/run2_2018-05-24-17-22-26.kinect_color ,        9085,      9131, default        ,    46
vp13/run2_2018-05-30-11-34-54.kinect_color,        5364,      5407, default        ,    43
vp2/run2_2018-05-24-17-22-26.kinect_color ,        5889,      5932, default        ,    43
vp2/run2_2018-05-24-17-22-26.kinect_color ,       18686,     18733, default        ,    47
vp7/run2b_2018-05-23-13-54-07.kinect_color,        7293,      7339, default        ,    46
vp13/run1_2018-05-29-15-21-10.kinect_color,       11990,     12016, default        ,    26
vp1/run1b_2018-05-29-14-02-47.kinect_color,       18208,     18252, default        ,    44
vp1/run1b_2018-05-29-14-02-47.kinect_color,        8928,      8955, default        ,    27
vp4/run1_2018-05-22-13-28-51.kinect_color ,       31535,     31579, default        ,    44
vp2/run1_2018-05-03-14-08-31.kinect_color ,        2576,      2619, default        ,    43
vp5/run2b_2018-05-22-15-50-07.kinect_color,       17297,     17344, default        ,    47
vp10/run2_2018-05-24-14-08-46.kinect_color,       14909,     14955, default        ,    46
vp10/run2_2018-05-24-14-08-46.kinect_color,       19186,     19189, default        ,     3
vp7/run1_2018-05-23-13-16-52.kinect_color ,       14811,     14836, default        ,    25
vp1/run2_2018-05-29-14-33-44.kinect_color ,       14524,     14531, default        ,     7
vp8/run2_2018-05-23-15-30-27.kinect_color ,       19649,     19696, default        ,    47
vp3/run2_2018-05-29-16-03-37.kinect_color ,       14085,     14130, default        ,    45
vp15/run2_2018-05-30-13-34-33.kinect_color,       12020,     12066, default        ,    46
vp3/run1b_2018-05-08-08-46-01.kinect_color,        5560,      5607, default        ,    47
vp4/run1_2018-05-22-13-28-51.kinect_color ,        7137,      7156, default        ,    19
vp6/run1_2018-05-23-10-21-45.kinect_color ,       19473,     19515, default        ,    42
vp3/run2_2018-05-29-16-03-37.kinect_color ,       12261,     12305, default        ,    44
vp9/run1b_2018-05-23-16-19-17.kinect_color,        7160,      7206, default        ,    46
vp8/run1d_2018-05-23-14-54-38.kinect_color,        3415,      3459, default        ,    44
vp8/run2_2018-05-23-15-30-27.kinect_color ,        3245,      3293, default        ,    48
vp10/run2_2018-05-24-14-08-46.kinect_color,       15293,     15338, default        ,    45
vp8/run2_2018-05-23-15-30-27.kinect_color ,        9872,      9919, default        ,    47
vp12/run1_2018-05-24-15-44-28.kinect_color,       14549,     14582, default        ,    33
vp11/run1_2018-05-24-13-44-01.kinect_color,       16254,     16287, default        ,    33
vp4/run2_2018-05-22-14-25-04.kinect_color ,       25144,     25190, default        ,    46
vp9/run1b_2018-05-23-16-19-17.kinect_color,       10031,     10079, default        ,    48
vp15/run1_2018-05-30-13-05-35.kinect_color,        6312,      6320, default        ,     8
vp14/run1_2018-05-30-10-11-09.kinect_color,       13188,     13213, default        ,    25
vp5/run2b_2018-05-22-15-50-07.kinect_color,        6433,      6479, default        ,    46
vp8/run1d_2018-05-23-14-54-38.kinect_color,       16986,     17003, default        ,    17
vp4/run2_2018-05-22-14-25-04.kinect_color ,        9967,     10009, default        ,    42
vp13/run1_2018-05-29-15-21-10.kinect_color,       11796,     11842, default        ,    46
vp8/run1d_2018-05-23-14-54-38.kinect_color,       18272,     18320, default        ,    48
vp14/run2_2018-05-30-10-42-33.kinect_color,       20875,     20920, default        ,    45
vp3/run2_2018-05-29-16-03-37.kinect_color ,       11799,     11845, default        ,    46
vp2/run1_2018-05-03-14-08-31.kinect_color ,       14818,     14843, default        ,    25
vp6/run1_2018-05-23-10-21-45.kinect_color ,        7794,      7838, default        ,    44
vp9/run1b_2018-05-23-16-19-17.kinect_color,        9031,      9046, default        ,    15
vp3/run2_2018-05-29-16-03-37.kinect_color ,        9823,      9870, default        ,    47
vp13/run2_2018-05-30-11-34-54.kinect_color,        4576,      4623, default        ,    47
vp12/run1_2018-05-24-15-44-28.kinect_color,        4668,      4691, default        ,    23
vp4/run1_2018-05-22-13-28-51.kinect_color ,       31645,     31653, default        ,     8
vp9/run1b_2018-05-23-16-19-17.kinect_color,        8181,      8227, default        ,    46
vp10/run1_2018-05-24-13-14-41.kinect_color,        5860,      5873, default        ,    13
vp12/run2_2018-05-24-16-21-35.kinect_color,       24170,     24185, default        ,    15
vp13/run1_2018-05-29-15-21-10.kinect_color,        5863,      5909, default        ,    46
vp12/run2_2018-05-24-16-21-35.kinect_color,       23958,     24004, default        ,    46
vp5/run1_2018-05-22-15-10-41.kinect_color ,       14247,     14294, default        ,    47
vp15/run1_2018-05-30-13-05-35.kinect_color,        6835,      6882, default        ,    47
vp10/run1_2018-05-24-13-14-41.kinect_color,       20350,     20385, default        ,    35
vp4/run2_2018-05-22-14-25-04.kinect_color ,       18393,     18438, default        ,    45
vp7/run1_2018-05-23-13-16-52.kinect_color ,       20494,     20540, default        ,    46
vp5/run2b_2018-05-22-15-50-07.kinect_color,       12758,     12765, default        ,     7
vp11/run1_2018-05-24-13-44-01.kinect_color,       12204,     12233, default        ,    29
vp12/run1_2018-05-24-15-44-28.kinect_color,       11198,     11243, default        ,    45
vp8/run2_2018-05-23-15-30-27.kinect_color ,        6955,      6999, default        ,    44
vp13/run2_2018-05-30-11-34-54.kinect_color,       12453,     12456, default        ,     3
vp13/run2_2018-05-30-11-34-54.kinect_color,        3639,      3685, default        ,    46
vp9/run1b_2018-05-23-16-19-17.kinect_color,       14481,     14527, default        ,    46
vp11/run2_2018-05-24-14-35-56.kinect_color,        4036,      4081, default        ,    45
vp3/run2_2018-05-29-16-03-37.kinect_color ,        8700,      8743, default        ,    43
vp4/run1_2018-05-22-13-28-51.kinect_color ,       27653,     27700, default        ,    47
vp6/run2_2018-05-23-11-05-00.kinect_color ,        7169,      7217, default        ,    48
vp3/run1b_2018-05-08-08-46-01.kinect_color,       12140,     12182, default        ,    42
vp11/run1_2018-05-24-13-44-01.kinect_color,       12221,     12269, default        ,    48
vp12/run2_2018-05-24-16-21-35.kinect_color,       11112,     11159, default        ,    47
vp13/run2_2018-05-30-11-34-54.kinect_color,          43,        92, default        ,    49
vp1/run1b_2018-05-29-14-02-47.kinect_color,        6608,      6652, default        ,    44
vp14/run1_2018-05-30-10-11-09.kinect_color,        6314,      6358, default        ,    44
vp12/run1_2018-05-24-15-44-28.kinect_color,        4644,      4691, default        ,    47
vp7/run2b_2018-05-23-13-54-07.kinect_color,        6402,      6435, default        ,    33
vp15/run2_2018-05-30-13-34-33.kinect_color,       19397,     19442, default        ,    45
vp2/run1_2018-05-03-14-08-31.kinect_color ,       18736,     18755, default        ,    19
vp2/run1_2018-05-03-14-08-31.kinect_color ,        6285,      6330, default        ,    45
vp13/run2_2018-05-30-11-34-54.kinect_color,       17187,     17203, default        ,    16
vp8/run2_2018-05-23-15-30-27.kinect_color ,       15826,     15872, default        ,    46
vp14/run2_2018-05-30-10-42-33.kinect_color,       10004,     10053, default        ,    49
vp6/run1_2018-05-23-10-21-45.kinect_color ,       13438,     13484, default        ,    46
vp4/run2_2018-05-22-14-25-04.kinect_color ,        6489,      6495, default        ,     6
vp6/run2_2018-05-23-11-05-00.kinect_color ,       17618,     17665, default        ,    47
vp6/run2_2018-05-23-11-05-00.kinect_color ,        5468,      5483, default        ,    15
vp6/run1_2018-05-23-10-21-45.kinect_color ,        4640,      4668, default        ,    28
vp13/run2_2018-05-30-11-34-54.kinect_color,        3660,      3706, default        ,    46
vp2/run2_2018-05-24-17-22-26.kinect_color ,        7932,      7950, default        ,    18
vp5/run2b_2018-05-22-15-50-07.kinect_color,        4929,      4974, default        ,    45
vp11/run2_2018-05-24-14-35-56.kinect_color,       11341,     11385, default        ,    44
vp1/run1b_2018-05-29-14-02-47.kinect_color,       15167,     15179, default        ,    12
vp7/run2b_2018-05-23-13-54-07.kinect_color,        3335,      3380, default        ,    45
vp3/run2_2018-05-29-16-03-37.kinect_color ,       13732,     13777, default        ,    45
vp8/run2_2018-05-23-15-30-27.kinect_color ,       15942,     15989, default        ,    47
vp15/run1_2018-05-30-13-05-35.kinect_color,        6805,      6852, default        ,    47
vp13/run1_2018-05-29-15-21-10.kinect_color,       10218,     10225, default        ,     7
vp3/run2_2018-05-29-16-03-37.kinect_color ,       15822,     15833, default        ,    11
vp4/run2_2018-05-22-14-25-04.kinect_color ,       12868,     12906, default        ,    38
vp8/run1d_2018-05-23-14-54-38.kinect_color,        3468,      3514, default        ,    46
vp6/run2_2018-05-23-11-05-00.kinect_color ,        6094,      6138, default        ,    44
vp8/run2_2018-05-23-15-30-27.kinect_color ,       11193,     11225, default        ,    32
vp13/run2_2018-05-30-11-34-54.kinect_color,       13393,     13440, default        ,    47
vp15/run1_2018-05-30-13-05-35.kinect_color,       16508,     16556, default        ,    48
vp13/run1_2018-05-29-15-21-10.kinect_color,        3554,      3599, default        ,    45
vp11/run2_2018-05-24-14-35-56.kinect_color,       11016,     11062, default        ,    46
vp11/run2_2018-05-24-14-35-56.kinect_color,         187,       199, default        ,    12
vp11/run2_2018-05-24-14-35-56.kinect_color,        7906,      7937, default        ,    31
vp5/run1_2018-05-22-15-10-41.kinect_color ,       19699,     19747, default        ,    48
vp8/run1d_2018-05-23-14-54-38.kinect_color,       22760,     22795, default        ,    35
vp14/run2_2018-05-30-10-42-33.kinect_color,       11719,     11740, default        ,    21
vp2/run1_2018-05-03-14-08-31.kinect_color ,       22015,     22027, default        ,    12
vp7/run2b_2018-05-23-13-54-07.kinect_color,        7047,      7093, default        ,    46
vp11/run1_2018-05-24-13-44-01.kinect_color,       18309,     18353, default        ,    44
vp3/run1b_2018-05-08-08-46-01.kinect_color,       18193,     18237, default        ,    44
vp7/run2b_2018-05-23-13-54-07.kinect_color,       13174,     13218, default        ,    44
vp4/run1_2018-05-22-13-28-51.kinect_color ,        9192,      9225, default        ,    33
vp1/run2_2018-05-29-14-33-44.kinect_color ,       12332,     12379, default        ,    47
vp13/run1_2018-05-29-15-21-10.kinect_color,       16264,     16276, default        ,    12
vp3/run2_2018-05-29-16-03-37.kinect_color ,        2525,      2569, default        ,    44
vp1/run1b_2018-05-29-14-02-47.kinect_color,       11133,     11137, default        ,     4
vp6/run2_2018-05-23-11-05-00.kinect_color ,       21052,     21096, default        ,    44
vp12/run2_2018-05-24-16-21-35.kinect_color,       11109,     11156, default        ,    47
vp10/run2_2018-05-24-14-08-46.kinect_color,        9214,      9259, default        ,    45
vp14/run2_2018-05-30-10-42-33.kinect_color,       16350,     16374, default        ,    24
vp14/run1_2018-05-30-10-11-09.kinect_color,       13168,     13211, default        ,    43
vp12/run2_2018-05-24-16-21-35.kinect_color,        8072,      8086, default        ,    14
vp3/run2_2018-05-29-16-03-37.kinect_color ,       12105,     12150, default        ,    45
vp1/run1b_2018-05-29-14-02-47.kinect_color,        6539,      6563, default        ,    24
vp15/run1_2018-05-30-13-05-35.kinect_color,          75,       106, default        ,    31
vp1/run1b_2018-05-29-14-02-47.kinect_color,       14302,     14349, default        ,    47
vp10/run2_2018-05-24-14-08-46.kinect_color,       16111,     16139, default        ,    28
vp7/run2b_2018-05-23-13-54-07.kinect_color,       11718,     11764, default        ,    46
vp3/run1b_2018-05-08-08-46-01.kinect_color,        3395,      3424, default        ,    29
vp1/run1b_2018-05-29-14-02-47.kinect_color,       15175,     15222, default        ,    47
vp1/run2_2018-05-29-14-33-44.kinect_color ,       11200,     11245, default        ,    45
vp3/run2_2018-05-29-16-03-37.kinect_color ,        7588,      7635, default        ,    47
vp13/run1_2018-05-29-15-21-10.kinect_color,        3791,      3836, default        ,    45
vp14/run2_2018-05-30-10-42-33.kinect_color,        7970,      8017, default        ,    47
vp5/run2b_2018-05-22-15-50-07.kinect_color,       12320,     12363, default        ,    43
vp5/run2b_2018-05-22-15-50-07.kinect_color,       16036,     16076, default        ,    40
vp11/run1_2018-05-24-13-44-01.kinect_color,       12406,     12452, default        ,    46
vp14/run1_2018-05-30-10-11-09.kinect_color,       11831,     11877, default        ,    46
vp8/run1d_2018-05-23-14-54-38.kinect_color,        4618,      4665, default        ,    47
vp14/run1_2018-05-30-10-11-09.kinect_color,       19066,     19112, default        ,    46
vp13/run1_2018-05-29-15-21-10.kinect_color,       12309,     12354, default        ,    45
vp9/run1b_2018-05-23-16-19-17.kinect_color,       14605,     14649, default        ,    44
vp12/run2_2018-05-24-16-21-35.kinect_color,       20378,     20415, default        ,    37
vp11/run1_2018-05-24-13-44-01.kinect_color,        9514,      9561, default        ,    47
vp7/run2b_2018-05-23-13-54-07.kinect_color,        5135,      5179, default        ,    44
vp15/run2_2018-05-30-13-34-33.kinect_color,       11673,     11718, default        ,    45
vp3/run2_2018-05-29-16-03-37.kinect_color ,       14413,     14418, default        ,     5
vp5/run2b_2018-05-22-15-50-07.kinect_color,        3375,      3423, default        ,    48
vp6/run2_2018-05-23-11-05-00.kinect_color ,        5071,      5116, default        ,    45
vp6/run1_2018-05-23-10-21-45.kinect_color ,        7832,      7879, default        ,    47
vp14/run2_2018-05-30-10-42-33.kinect_color,        8077,      8122, default        ,    45
vp13/run1_2018-05-29-15-21-10.kinect_color,       12309,     12348, default        ,    39
vp2/run2_2018-05-24-17-22-26.kinect_color ,         386,       434, default        ,    48
vp14/run1_2018-05-30-10-11-09.kinect_color,       13242,     13260, default        ,    18
vp5/run2b_2018-05-22-15-50-07.kinect_color,       14940,     14985, default        ,    45
vp3/run2_2018-05-29-16-03-37.kinect_color ,       15793,     15817, default        ,    24
vp10/run1_2018-05-24-13-14-41.kinect_color,       20858,     20881, default        ,    23
vp13/run2_2018-05-30-11-34-54.kinect_color,       12447,     12453, default        ,     6
vp13/run1_2018-05-29-15-21-10.kinect_color,       21784,     21790, default        ,     6
vp8/run1d_2018-05-23-14-54-38.kinect_color,        3575,      3587, default        ,    12
vp13/run2_2018-05-30-11-34-54.kinect_color,       14831,     14878, default        ,    47
vp7/run1_2018-05-23-13-16-52.kinect_color ,        9974,     10019, default        ,    45
vp6/run1_2018-05-23-10-21-45.kinect_color ,       10231,     10273, default        ,    42
vp12/run2_2018-05-24-16-21-35.kinect_color,       17607,     17655, default        ,    48
vp8/run1d_2018-05-23-14-54-38.kinect_color,       18254,     18302, default        ,    48
vp3/run1b_2018-05-08-08-46-01.kinect_color,       17568,     17595, default        ,    27
vp6/run2_2018-05-23-11-05-00.kinect_color ,       14161,     14203, default        ,    42
vp12/run2_2018-05-24-16-21-35.kinect_color,        9321,      9350, default        ,    29
vp5/run2b_2018-05-22-15-50-07.kinect_color,       15699,     15742, default        ,    43
vp15/run1_2018-05-30-13-05-35.kinect_color,         926,       974, default        ,    48
vp11/run1_2018-05-24-13-44-01.kinect_color,       18690,     18694, default        ,     4
vp14/run1_2018-05-30-10-11-09.kinect_color,        3485,      3529, default        ,    44
vp4/run1_2018-05-22-13-28-51.kinect_color ,        7621,      7664, default        ,    43
vp13/run1_2018-05-29-15-21-10.kinect_color,       22474,     22519, default        ,    45
vp6/run2_2018-05-23-11-05-00.kinect_color ,       19279,     19282, default        ,     3
vp6/run1_2018-05-23-10-21-45.kinect_color ,       20901,     20912, default        ,    11
vp12/run1_2018-05-24-15-44-28.kinect_color,        3239,      3274, default        ,    35
vp5/run1_2018-05-22-15-10-41.kinect_color ,        5345,      5352, default        ,     7
vp5/run2b_2018-05-22-15-50-07.kinect_color,        3262,      3303, default        ,    41
vp12/run2_2018-05-24-16-21-35.kinect_color,       11113,     11160, default        ,    47
vp3/run2_2018-05-29-16-03-37.kinect_color ,        6860,      6906, default        ,    46
vp5/run2b_2018-05-22-15-50-07.kinect_color,        4139,      4185, default        ,    46
vp12/run1_2018-05-24-15-44-28.kinect_color,       12576,     12617, default        ,    41
vp4/run1_2018-05-22-13-28-51.kinect_color ,       19087,     19135, default        ,    48
vp10/run2_2018-05-24-14-08-46.kinect_color,       13740,     13767, default        ,    27
vp10/run1_2018-05-24-13-14-41.kinect_color,        2376,      2420, default        ,    44
vp12/run2_2018-05-24-16-21-35.kinect_color,        6706,      6753, default        ,    47
vp5/run1_2018-05-22-15-10-41.kinect_color ,       14122,     14164, default        ,    42
vp6/run1_2018-05-23-10-21-45.kinect_color ,       13373,     13417, default        ,    44
vp10/run1_2018-05-24-13-14-41.kinect_color,        7430,      7477, default        ,    47
vp6/run1_2018-05-23-10-21-45.kinect_color ,        8309,      8315, default        ,     6
vp8/run1d_2018-05-23-14-54-38.kinect_color,       18241,     18290, default        ,    49
vp9/run1b_2018-05-23-16-19-17.kinect_color,       10379,     10424, default        ,    45
vp13/run1_2018-05-29-15-21-10.kinect_color,         183,       228, default        ,    45
vp14/run2_2018-05-30-10-42-33.kinect_color,        5610,      5641, default        ,    31
vp15/run1_2018-05-30-13-05-35.kinect_color,        5137,      5182, default        ,    45
vp5/run1_2018-05-22-15-10-41.kinect_color ,       15726,     15772, default        ,    46
vp9/run1b_2018-05-23-16-19-17.kinect_color,        7246,      7288, default        ,    42
vp5/run2b_2018-05-22-15-50-07.kinect_color,         297,       341, default        ,    44
vp9/run1b_2018-05-23-16-19-17.kinect_color,       14504,     14548, default        ,    44
vp13/run2_2018-05-30-11-34-54.kinect_color,        6652,      6699, default        ,    47
vp9/run1b_2018-05-23-16-19-17.kinect_color,         465,       511, default        ,    46
vp4/run1_2018-05-22-13-28-51.kinect_color ,       27411,     27456, default        ,    45
vp4/run1_2018-05-22-13-28-51.kinect_color ,        9189,      9227, default        ,    38
vp7/run2b_2018-05-23-13-54-07.kinect_color,        4854,      4892, default        ,    38
vp9/run1b_2018-05-23-16-19-17.kinect_color,       10027,     10071, default        ,    44
vp13/run1_2018-05-29-15-21-10.kinect_color,       23056,     23104, default        ,    48
vp13/run2_2018-05-30-11-34-54.kinect_color,        6654,      6698, default        ,    44
vp5/run2b_2018-05-22-15-50-07.kinect_color,       10707,     10751, default        ,    44
vp4/run1_2018-05-22-13-28-51.kinect_color ,       19091,     19135, default        ,    44
vp3/run2_2018-05-29-16-03-37.kinect_color ,        7104,      7107, default        ,     3
vp9/run1b_2018-05-23-16-19-17.kinect_color,        6048,      6082, default        ,    34
vp12/run2_2018-05-24-16-21-35.kinect_color,       23301,     23304, default        ,     3
vp15/run2_2018-05-30-13-34-33.kinect_color,       12791,     12837, default        ,    46
vp6/run2_2018-05-23-11-05-00.kinect_color ,        5895,      5931, default        ,    36
vp2/run1_2018-05-03-14-08-31.kinect_color ,       16808,     16854, default        ,    46
vp11/run1_2018-05-24-13-44-01.kinect_color,        5131,      5175, default        ,    44
vp12/run1_2018-05-24-15-44-28.kinect_color,       18956,     19004, default        ,    48
vp10/run1_2018-05-24-13-14-41.kinect_color,        8133,      8177, default        ,    44
vp2/run1_2018-05-03-14-08-31.kinect_color ,       16266,     16293, default        ,    27
vp6/run1_2018-05-23-10-21-45.kinect_color ,        3709,      3754, default        ,    45
vp5/run1_2018-05-22-15-10-41.kinect_color ,         111,       157, default        ,    46
vp2/run2_2018-05-24-17-22-26.kinect_color ,       14090,     14134, default        ,    44
vp1/run2_2018-05-29-14-33-44.kinect_color ,       10804,     10849, default        ,    45
vp3/run1b_2018-05-08-08-46-01.kinect_color,        6119,      6164, default        ,    45
vp5/run1_2018-05-22-15-10-41.kinect_color ,       19197,     19235, default        ,    38
vp3/run2_2018-05-29-16-03-37.kinect_color ,        3542,      3588, default        ,    46
vp6/run2_2018-05-23-11-05-00.kinect_color ,       14737,     14752, default        ,    15
vp8/run2_2018-05-23-15-30-27.kinect_color ,        1242,      1288, default        ,    46
vp10/run1_2018-05-24-13-14-41.kinect_color,       16948,     16994, default        ,    46
vp15/run1_2018-05-30-13-05-35.kinect_color,       11408,     11454, default        ,    46
vp7/run2b_2018-05-23-13-54-07.kinect_color,        8589,      8601, default        ,    12
vp7/run2b_2018-05-23-13-54-07.kinect_color,       12582,     12626, default        ,    44
vp12/run2_2018-05-24-16-21-35.kinect_color,        9052,      9096, default        ,    44
vp13/run2_2018-05-30-11-34-54.kinect_color,       14229,     14266, default        ,    37
vp1/run2_2018-05-29-14-33-44.kinect_color ,        6568,      6598, default        ,    30
vp11/run1_2018-05-24-13-44-01.kinect_color,       12018,     12064, default        ,    46
vp10/run1_2018-05-24-13-14-41.kinect_color,        5085,      5126, default        ,    41
vp14/run1_2018-05-30-10-11-09.kinect_color,       11846,     11856, default        ,    10
vp13/run1_2018-05-29-15-21-10.kinect_color,       12052,     12098, default        ,    46
vp14/run2_2018-05-30-10-42-33.kinect_color,        6064,      6070, default        ,     6
vp2/run2_2018-05-24-17-22-26.kinect_color ,        8240,      8283, default        ,    43
vp11/run2_2018-05-24-14-35-56.kinect_color,        2378,      2424, default        ,    46
vp12/run1_2018-05-24-15-44-28.kinect_color,       13431,     13478, default        ,    47
vp13/run1_2018-05-29-15-21-10.kinect_color,        9178,      9222, default        ,    44
vp3/run2_2018-05-29-16-03-37.kinect_color ,       15677,     15722, default        ,    45
vp14/run2_2018-05-30-10-42-33.kinect_color,        7971,      8012, default        ,    41
vp5/run2b_2018-05-22-15-50-07.kinect_color,        3550,      3595, default        ,    45
vp4/run2_2018-05-22-14-25-04.kinect_color ,       11606,     11609, default        ,     3
vp1/run2_2018-05-29-14-33-44.kinect_color ,        4775,      4822, default        ,    47
vp12/run1_2018-05-24-15-44-28.kinect_color,       17153,     17196, default        ,    43
vp11/run1_2018-05-24-13-44-01.kinect_color,       15470,     15485, default        ,    15
vp1/run2_2018-05-29-14-33-44.kinect_color ,       11754,     11799, default        ,    45
vp2/run1_2018-05-03-14-08-31.kinect_color ,       18896,     18939, default        ,    43
vp10/run2_2018-05-24-14-08-46.kinect_color,       20064,     20110, default        ,    46
vp7/run1_2018-05-23-13-16-52.kinect_color ,        9405,      9451, default        ,    46
vp14/run2_2018-05-30-10-42-33.kinect_color,       12101,     12146, default        ,    45
vp4/run2_2018-05-22-14-25-04.kinect_color ,       12478,     12489, default        ,    11
vp4/run2_2018-05-22-14-25-04.kinect_color ,       25049,     25095, default        ,    46
vp7/run2b_2018-05-23-13-54-07.kinect_color,       10422,     10454, default        ,    32
vp12/run2_2018-05-24-16-21-35.kinect_color,        8590,      8628, default        ,    38
vp5/run1_2018-05-22-15-10-41.kinect_color ,       15728,     15756, default        ,    28
vp14/run2_2018-05-30-10-42-33.kinect_color,        7233,      7257, default        ,    24
vp4/run2_2018-05-22-14-25-04.kinect_color ,       16506,     16552, default        ,    46
vp10/run1_2018-05-24-13-14-41.kinect_color,        5367,      5413, default        ,    46
vp12/run2_2018-05-24-16-21-35.kinect_color,        2718,      2762, default        ,    44
vp14/run1_2018-05-30-10-11-09.kinect_color,        9989,      9994, default        ,     5
vp10/run2_2018-05-24-14-08-46.kinect_color,        1826,      1872, default        ,    46
vp6/run1_2018-05-23-10-21-45.kinect_color ,        7994,      8040, default        ,    46
vp11/run1_2018-05-24-13-44-01.kinect_color,       12496,     12539, default        ,    43
vp11/run1_2018-05-24-13-44-01.kinect_color,       16345,     16379, default        ,    34
vp6/run1_2018-05-23-10-21-45.kinect_color ,        8366,      8413, default        ,    47
vp2/run2_2018-05-24-17-22-26.kinect_color ,       14053,     14100, default        ,    47
vp5/run2b_2018-05-22-15-50-07.kinect_color,       19250,     19294, default        ,    44
vp7/run1_2018-05-23-13-16-52.kinect_color ,        6336,      6378, default        ,    42
vp3/run2_2018-05-29-16-03-37.kinect_color ,       12122,     12166, default        ,    44
vp1/run1b_2018-05-29-14-02-47.kinect_color,        5121,      5167, default        ,    46
vp1/run2_2018-05-29-14-33-44.kinect_color ,       18913,     18957, default        ,    44
vp5/run2b_2018-05-22-15-50-07.kinect_color,        4727,      4771, default        ,    44
vp5/run2b_2018-05-22-15-50-07.kinect_color,        4438,      4485, default        ,    47
vp4/run2_2018-05-22-14-25-04.kinect_color ,       12941,     12987, default        ,    46
vp11/run2_2018-05-24-14-35-56.kinect_color,        4763,      4785, default        ,    22
vp1/run1b_2018-05-29-14-02-47.kinect_color,       17937,     17949, default        ,    12
vp14/run2_2018-05-30-10-42-33.kinect_color,       21766,     21812, default        ,    46
vp14/run1_2018-05-30-10-11-09.kinect_color,       20969,     21014, default        ,    45
vp10/run1_2018-05-24-13-14-41.kinect_color,        7617,      7618, default        ,     1
vp5/run1_2018-05-22-15-10-41.kinect_color ,       26362,     26407, default        ,    45
vp7/run1_2018-05-23-13-16-52.kinect_color ,         527,       575, default        ,    48
vp14/run1_2018-05-30-10-11-09.kinect_color,       11807,     11847, default        ,    40
vp7/run2b_2018-05-23-13-54-07.kinect_color,        7980,      7984, default        ,     4
vp1/run1b_2018-05-29-14-02-47.kinect_color,       11235,     11280, default        ,    45
vp6/run1_2018-05-23-10-21-45.kinect_color ,       21998,     22044, default        ,    46
vp4/run2_2018-05-22-14-25-04.kinect_color ,        9924,      9932, default        ,     8
vp5/run1_2018-05-22-15-10-41.kinect_color ,       25926,     25943, default        ,    17
vp11/run1_2018-05-24-13-44-01.kinect_color,        3282,      3309, default        ,    27
vp2/run2_2018-05-24-17-22-26.kinect_color ,       10561,     10586, default        ,    25
vp1/run2_2018-05-29-14-33-44.kinect_color ,          68,       111, default        ,    43
vp8/run2_2018-05-23-15-30-27.kinect_color ,        9658,      9704, default        ,    46
vp9/run1b_2018-05-23-16-19-17.kinect_color,       10032,     10078, default        ,    46
vp13/run1_2018-05-29-15-21-10.kinect_color,        3363,      3366, default        ,     3
vp3/run2_2018-05-29-16-03-37.kinect_color ,        7130,      7178, default        ,    48
vp7/run2b_2018-05-23-13-54-07.kinect_color,        9811,      9837, default        ,    26
vp1/run2_2018-05-29-14-33-44.kinect_color ,       11059,     11104, default        ,    45
vp7/run1_2018-05-23-13-16-52.kinect_color ,       14050,     14095, default        ,    45
vp8/run1d_2018-05-23-14-54-38.kinect_color,       10602,     10607, default        ,     5
vp5/run2b_2018-05-22-15-50-07.kinect_color,       17335,     17363, default        ,    28
vp8/run1d_2018-05-23-14-54-38.kinect_color,       16537,     16584, default        ,    47
vp3/run2_2018-05-29-16-03-37.kinect_color ,        9243,      9273, default        ,    30
vp8/run2_2018-05-23-15-30-27.kinect_color ,       13357,     13363, default        ,     6
vp14/run2_2018-05-30-10-42-33.kinect_color,        6293,      6338, default        ,    45
vp2/run1_2018-05-03-14-08-31.kinect_color ,        5020,      5024, default        ,     4
vp14/run2_2018-05-30-10-42-33.kinect_color,       19665,     19706, default        ,    41
vp10/run2_2018-05-24-14-08-46.kinect_color,       20236,     20283, default        ,    47
vp8/run2_2018-05-23-15-30-27.kinect_color ,        4030,      4074, default        ,    44
vp13/run2_2018-05-30-11-34-54.kinect_color,        6318,      6347, default        ,    29
vp10/run2_2018-05-24-14-08-46.kinect_color,       17978,     18025, default        ,    47
vp13/run1_2018-05-29-15-21-10.kinect_color,       20306,     20349, default        ,    43
vp2/run1_2018-05-03-14-08-31.kinect_color ,       15816,     15833, default        ,    17
vp5/run2b_2018-05-22-15-50-07.kinect_color,        6668,      6715, default        ,    47
vp3/run1b_2018-05-08-08-46-01.kinect_color,        4691,      4736, default        ,    45
vp4/run2_2018-05-22-14-25-04.kinect_color ,       20708,     20743, default        ,    35
vp15/run1_2018-05-30-13-05-35.kinect_color,       17701,     17734, default        ,    33
vp3/run1b_2018-05-08-08-46-01.kinect_color,       10336,     10347, default        ,    11
vp14/run1_2018-05-30-10-11-09.kinect_color,       12474,     12481, default        ,     7
vp1/run1b_2018-05-29-14-02-47.kinect_color,       11886,     11932, default        ,    46
vp15/run2_2018-05-30-13-34-33.kinect_color,        6607,      6654, default        ,    47
vp3/run1b_2018-05-08-08-46-01.kinect_color,       18923,     18964, default        ,    41
vp14/run2_2018-05-30-10-42-33.kinect_color,        7479,      7512, default        ,    33
vp2/run1_2018-05-03-14-08-31.kinect_color ,        7853,      7899, default        ,    46
vp10/run1_2018-05-24-13-14-41.kinect_color,        9046,      9052, default        ,     6
vp11/run1_2018-05-24-13-44-01.kinect_color,         202,       222, default        ,    20
vp6/run1_2018-05-23-10-21-45.kinect_color ,       26804,     26851, default        ,    47
vp3/run2_2018-05-29-16-03-37.kinect_color ,        7630,      7676, default        ,    46
vp13/run1_2018-05-29-15-21-10.kinect_color,        3704,      3748, default        ,    44
vp13/run1_2018-05-29-15-21-10.kinect_color,       13654,     13660, default        ,     6
vp1/run2_2018-05-29-14-33-44.kinect_color ,       16320,     16358, default        ,    38
vp12/run2_2018-05-24-16-21-35.kinect_color,       10508,     10530, default        ,    22
vp1/run2_2018-05-29-14-33-44.kinect_color ,       12067,     12113, default        ,    46
vp10/run2_2018-05-24-14-08-46.kinect_color,       17344,     17390, default        ,    46
vp6/run1_2018-05-23-10-21-45.kinect_color ,        6629,      6674, default        ,    45
vp8/run1d_2018-05-23-14-54-38.kinect_color,       20956,     21003, default        ,    47
vp7/run1_2018-05-23-13-16-52.kinect_color ,       14957,     14967, default        ,    10
vp5/run2b_2018-05-22-15-50-07.kinect_color,       12720,     12764, default        ,    44
vp5/run1_2018-05-22-15-10-41.kinect_color ,       19598,     19643, default        ,    45
vp8/run1d_2018-05-23-14-54-38.kinect_color,        3775,      3786, default        ,    11
vp1/run2_2018-05-29-14-33-44.kinect_color ,       12170,     12187, default        ,    17
vp14/run2_2018-05-30-10-42-33.kinect_color,       16577,     16582, default        ,     5
vp6/run2_2018-05-23-11-05-00.kinect_color ,       17881,     17925, default        ,    44
vp7/run1_2018-05-23-13-16-52.kinect_color ,       19667,     19714, default        ,    47
vp3/run2_2018-05-29-16-03-37.kinect_color ,       14607,     14613, default        ,     6
vp12/run2_2018-05-24-16-21-35.kinect_color,       14843,     14890, default        ,    47
vp8/run1d_2018-05-23-14-54-38.kinect_color,       14359,     14407, default        ,    48
vp13/run2_2018-05-30-11-34-54.kinect_color,       19585,     19631, default        ,    46
vp14/run2_2018-05-30-10-42-33.kinect_color,       16974,     17016, default        ,    42
vp12/run2_2018-05-24-16-21-35.kinect_color,       20472,     20519, default        ,    47
vp6/run1_2018-05-23-10-21-45.kinect_color ,        9804,      9851, default        ,    47
vp8/run1d_2018-05-23-14-54-38.kinect_color,       22072,     22101, default        ,    29
vp5/run2b_2018-05-22-15-50-07.kinect_color,        5350,      5395, default        ,    45
vp12/run2_2018-05-24-16-21-35.kinect_color,        8293,      8337, default        ,    44
vp1/run1b_2018-05-29-14-02-47.kinect_color,       11193,     11204, default        ,    11
vp7/run2b_2018-05-23-13-54-07.kinect_color,        6416,      6461, default        ,    45
vp1/run1b_2018-05-29-14-02-47.kinect_color,        9702,      9748, default        ,    46
vp13/run1_2018-05-29-15-21-10.kinect_color,       17431,     17435, default        ,     4
vp6/run2_2018-05-23-11-05-00.kinect_color ,        7272,      7318, default        ,    46
vp7/run1_2018-05-23-13-16-52.kinect_color ,        5454,      5473, default        ,    19
vp9/run1b_2018-05-23-16-19-17.kinect_color,        6776,      6821, default        ,    45
vp1/run1b_2018-05-29-14-02-47.kinect_color,        5105,      5120, default        ,    15
vp11/run1_2018-05-24-13-44-01.kinect_color,       16256,     16302, default        ,    46
vp12/run2_2018-05-24-16-21-35.kinect_color,        9474,      9518, default        ,    44
vp5/run1_2018-05-22-15-10-41.kinect_color ,       13697,     13741, default        ,    44
vp5/run1_2018-05-22-15-10-41.kinect_color ,         668,       711, default        ,    43
vp10/run1_2018-05-24-13-14-41.kinect_color,       16712,     16751, default        ,    39
vp4/run2_2018-05-22-14-25-04.kinect_color ,       11550,     11573, default        ,    23
vp8/run2_2018-05-23-15-30-27.kinect_color ,       15185,     15225, default        ,    40
vp5/run1_2018-05-22-15-10-41.kinect_color ,       19528,     19576, default        ,    48
vp15/run2_2018-05-30-13-34-33.kinect_color,       17593,     17638, default        ,    45
vp2/run1_2018-05-03-14-08-31.kinect_color ,       20074,     20120, default        ,    46
vp9/run1b_2018-05-23-16-19-17.kinect_color,        9470,      9477, default        ,     7
vp7/run1_2018-05-23-13-16-52.kinect_color ,        8705,      8716, default        ,    11
vp10/run1_2018-05-24-13-14-41.kinect_color,       13581,     13628, default        ,    47
vp13/run2_2018-05-30-11-34-54.kinect_color,       11901,     11947, default        ,    46
vp1/run2_2018-05-29-14-33-44.kinect_color ,        7980,      8003, default        ,    23
vp13/run1_2018-05-29-15-21-10.kinect_color,       16098,     16113, default        ,    15
vp12/run2_2018-05-24-16-21-35.kinect_color,       20520,     20556, default        ,    36
vp11/run2_2018-05-24-14-35-56.kinect_color,        5842,      5887, default        ,    45
vp15/run1_2018-05-30-13-05-35.kinect_color,        8648,      8658, default        ,    10
vp4/run2_2018-05-22-14-25-04.kinect_color ,       21680,     21689, default        ,     9
vp5/run2b_2018-05-22-15-50-07.kinect_color,       14519,     14545, default        ,    26
vp2/run1_2018-05-03-14-08-31.kinect_color ,       20523,     20570, default        ,    47
vp11/run2_2018-05-24-14-35-56.kinect_color,        8108,      8153, default        ,    45
vp7/run1_2018-05-23-13-16-52.kinect_color ,        9714,      9722, default        ,     8
vp5/run2b_2018-05-22-15-50-07.kinect_color,        9523,      9568, default        ,    45
vp1/run1b_2018-05-29-14-02-47.kinect_color,        2409,      2459, default        ,    50
vp13/run2_2018-05-30-11-34-54.kinect_color,       13022,     13065, default        ,    43
vp14/run2_2018-05-30-10-42-33.kinect_color,        2703,      2712, default        ,     9
vp1/run2_2018-05-29-14-33-44.kinect_color ,       18881,     18925, default        ,    44
vp4/run2_2018-05-22-14-25-04.kinect_color ,        9030,      9077, default        ,    47
vp12/run1_2018-05-24-15-44-28.kinect_color,       17626,     17644, default        ,    18
vp14/run2_2018-05-30-10-42-33.kinect_color,       12381,     12426, default        ,    45
vp11/run2_2018-05-24-14-35-56.kinect_color,       11370,     11415, default        ,    45
vp12/run1_2018-05-24-15-44-28.kinect_color,       10187,     10232, default        ,    45
vp2/run2_2018-05-24-17-22-26.kinect_color ,       10951,     10990, default        ,    39
vp11/run2_2018-05-24-14-35-56.kinect_color,        6793,      6837, default        ,    44
vp13/run2_2018-05-30-11-34-54.kinect_color,       20259,     20305, default        ,    46
vp5/run1_2018-05-22-15-10-41.kinect_color ,       21634,     21680, default        ,    46
vp5/run2b_2018-05-22-15-50-07.kinect_color,       13773,     13781, default        ,     8
vp10/run2_2018-05-24-14-08-46.kinect_color,       20504,     20516, default        ,    12
vp1/run1b_2018-05-29-14-02-47.kinect_color,       14247,     14278, default        ,    31
vp4/run1_2018-05-22-13-28-51.kinect_color ,        7409,      7454, default        ,    45
vp7/run1_2018-05-23-13-16-52.kinect_color ,        6535,      6581, default        ,    46
vp5/run2b_2018-05-22-15-50-07.kinect_color,       12832,     12875, default        ,    43
vp3/run2_2018-05-29-16-03-37.kinect_color ,       14690,     14695, default        ,     5
vp12/run1_2018-05-24-15-44-28.kinect_color,       16002,     16047, default        ,    45
vp1/run1b_2018-05-29-14-02-47.kinect_color,       14871,     14885, default        ,    14
vp6/run1_2018-05-23-10-21-45.kinect_color ,        8508,      8524, default        ,    16
vp8/run2_2018-05-23-15-30-27.kinect_color ,       13465,     13510, default        ,    45
vp7/run2b_2018-05-23-13-54-07.kinect_color,        7216,      7259, default        ,    43
vp11/run2_2018-05-24-14-35-56.kinect_color,        4776,      4819, default        ,    43
vp5/run2b_2018-05-22-15-50-07.kinect_color,        5608,      5655, default        ,    47
vp4/run2_2018-05-22-14-25-04.kinect_color ,        8245,      8248, default        ,     3
vp8/run2_2018-05-23-15-30-27.kinect_color ,       11471,     11507, default        ,    36
vp10/run1_2018-05-24-13-14-41.kinect_color,        8548,      8558, default        ,    10
vp5/run2b_2018-05-22-15-50-07.kinect_color,       12731,     12775, default        ,    44
vp8/run2_2018-05-23-15-30-27.kinect_color ,        9574,      9619, default        ,    45
vp14/run2_2018-05-30-10-42-33.kinect_color,        3495,      3538, default        ,    43
vp15/run1_2018-05-30-13-05-35.kinect_color,       13063,     13102, default        ,    39
vp13/run1_2018-05-29-15-21-10.kinect_color,       13744,     13790, default        ,    46
vp2/run2_2018-05-24-17-22-26.kinect_color ,       12433,     12479, default        ,    46
vp8/run2_2018-05-23-15-30-27.kinect_color ,       13909,     13955, default        ,    46
vp6/run2_2018-05-23-11-05-00.kinect_color ,       11392,     11438, default        ,    46
vp5/run2b_2018-05-22-15-50-07.kinect_color,        4846,      4865, default        ,    19
vp2/run1_2018-05-03-14-08-31.kinect_color ,       15898,     15947, default        ,    49
vp6/run1_2018-05-23-10-21-45.kinect_color ,       19444,     19454, default        ,    10
vp14/run1_2018-05-30-10-11-09.kinect_color,       18835,     18847, default        ,    12
vp2/run2_2018-05-24-17-22-26.kinect_color ,       19026,     19039, default        ,    13
vp4/run2_2018-05-22-14-25-04.kinect_color ,        7562,      7610, default        ,    48
vp13/run1_2018-05-29-15-21-10.kinect_color,       21648,     21691, default        ,    43
vp2/run2_2018-05-24-17-22-26.kinect_color ,       18596,     18641, default        ,    45
vp12/run1_2018-05-24-15-44-28.kinect_color,        7463,      7510, default        ,    47
vp14/run1_2018-05-30-10-11-09.kinect_color,        3599,      3643, default        ,    44
vp13/run1_2018-05-29-15-21-10.kinect_color,        5212,      5259, default        ,    47
vp7/run2b_2018-05-23-13-54-07.kinect_color,       10063,     10071, default        ,     8
vp11/run2_2018-05-24-14-35-56.kinect_color,         175,       198, default        ,    23
vp15/run2_2018-05-30-13-34-33.kinect_color,         518,       562, default        ,    44
vp15/run1_2018-05-30-13-05-35.kinect_color,        9301,      9323, default        ,    22
vp1/run1b_2018-05-29-14-02-47.kinect_color,       11121,     11168, default        ,    47
vp12/run1_2018-05-24-15-44-28.kinect_color,       16116,     16162, default        ,    46
vp2/run1_2018-05-03-14-08-31.kinect_color ,         387,       430, default        ,    43
vp8/run1d_2018-05-23-14-54-38.kinect_color,       16854,     16864, default        ,    10
vp3/run1b_2018-05-08-08-46-01.kinect_color,       11882,     11927, default        ,    45
vp13/run2_2018-05-30-11-34-54.kinect_color,        7284,      7331, default        ,    47
vp14/run1_2018-05-30-10-11-09.kinect_color,        9930,      9976, default        ,    46
vp15/run1_2018-05-30-13-05-35.kinect_color,         158,       203, default        ,    45
vp11/run2_2018-05-24-14-35-56.kinect_color,       11499,     11517, default        ,    18
vp6/run1_2018-05-23-10-21-45.kinect_color ,       19416,     19460, default        ,    44
vp6/run2_2018-05-23-11-05-00.kinect_color ,       13813,     13818, default        ,     5
vp15/run2_2018-05-30-13-34-33.kinect_color,       12412,     12424, default        ,    12
vp11/run2_2018-05-24-14-35-56.kinect_color,        3575,      3620, default        ,    45
vp12/run2_2018-05-24-16-21-35.kinect_color,       15480,     15529, default        ,    49
vp14/run1_2018-05-30-10-11-09.kinect_color,        6252,      6297, default        ,    45
vp15/run1_2018-05-30-13-05-35.kinect_color,        5137,      5182, default        ,    45
vp7/run2b_2018-05-23-13-54-07.kinect_color,       13514,     13561, default        ,    47
vp15/run2_2018-05-30-13-34-33.kinect_color,       12451,     12495, default        ,    44
vp2/run1_2018-05-03-14-08-31.kinect_color ,       19809,     19853, default        ,    44
vp2/run2_2018-05-24-17-22-26.kinect_color ,       12125,     12143, default        ,    18
vp15/run2_2018-05-30-13-34-33.kinect_color,       11699,     11742, default        ,    43
vp5/run2b_2018-05-22-15-50-07.kinect_color,       17253,     17272, default        ,    19
vp3/run2_2018-05-29-16-03-37.kinect_color ,        4048,      4077, default        ,    29
vp3/run1b_2018-05-08-08-46-01.kinect_color,        4976,      5020, default        ,    44
vp6/run1_2018-05-23-10-21-45.kinect_color ,       25463,     25512, default        ,    49
vp5/run2b_2018-05-22-15-50-07.kinect_color,       13709,     13713, default        ,     4
vp7/run2b_2018-05-23-13-54-07.kinect_color,        4664,      4709, default        ,    45
vp1/run1b_2018-05-29-14-02-47.kinect_color,        7349,      7392, default        ,    43
vp13/run1_2018-05-29-15-21-10.kinect_color,       22365,     22412, default        ,    47
vp6/run1_2018-05-23-10-21-45.kinect_color ,       25680,     25726, default        ,    46
vp10/run1_2018-05-24-13-14-41.kinect_color,        5831,      5874, default        ,    43
vp7/run1_2018-05-23-13-16-52.kinect_color ,        2321,      2328, default        ,     7
vp3/run1b_2018-05-08-08-46-01.kinect_color,        6330,      6375, default        ,    45
vp6/run2_2018-05-23-11-05-00.kinect_color ,       14032,     14074, default        ,    42
vp1/run1b_2018-05-29-14-02-47.kinect_color,        1409,      1456, default        ,    47
vp15/run2_2018-05-30-13-34-33.kinect_color,        2860,      2906, default        ,    46
vp11/run1_2018-05-24-13-44-01.kinect_color,        5069,      5115, default        ,    46
vp6/run2_2018-05-23-11-05-00.kinect_color ,        4496,      4504, default        ,     8
vp7/run2b_2018-05-23-13-54-07.kinect_color,        1617,      1664, default        ,    47
vp5/run2b_2018-05-22-15-50-07.kinect_color,        3513,      3523, default        ,    10
vp12/run1_2018-05-24-15-44-28.kinect_color,        4404,      4410, default        ,     6
vp7/run2b_2018-05-23-13-54-07.kinect_color,        9516,      9563, default        ,    47
vp1/run2_2018-05-29-14-33-44.kinect_color ,        9768,      9812, default        ,    44
vp1/run1b_2018-05-29-14-02-47.kinect_color,       12053,     12096, default        ,    43
vp13/run2_2018-05-30-11-34-54.kinect_color,        6925,      6970, default        ,    45
vp6/run1_2018-05-23-10-21-45.kinect_color ,        7739,      7784, default        ,    45
vp13/run1_2018-05-29-15-21-10.kinect_color,        5906,      5940, default        ,    34
vp10/run1_2018-05-24-13-14-41.kinect_color,        8760,      8804, default        ,    44
vp13/run1_2018-05-29-15-21-10.kinect_color,       16399,     16444, default        ,    45
vp10/run2_2018-05-24-14-08-46.kinect_color,       13399,     13424, default        ,    25
vp8/run1d_2018-05-23-14-54-38.kinect_color,       16574,     16582, default        ,     8
vp6/run2_2018-05-23-11-05-00.kinect_color ,       14801,     14808, default        ,     7
vp12/run1_2018-05-24-15-44-28.kinect_color,       13584,     13605, default        ,    21
vp4/run2_2018-05-22-14-25-04.kinect_color ,       12397,     12407, default        ,    10
vp10/run2_2018-05-24-14-08-46.kinect_color,       16272,     16314, default        ,    42
vp1/run1b_2018-05-29-14-02-47.kinect_color,       10573,     10615, default        ,    42
vp4/run1_2018-05-22-13-28-51.kinect_color ,       29159,     29207, default        ,    48
vp13/run2_2018-05-30-11-34-54.kinect_color,       12705,     12714, default        ,     9
vp6/run1_2018-05-23-10-21-45.kinect_color ,       11457,     11502, default        ,    45
vp2/run1_2018-05-03-14-08-31.kinect_color ,       20155,     20203, default        ,    48
vp5/run2b_2018-05-22-15-50-07.kinect_color,       12276,     12283, default        ,     7
vp6/run1_2018-05-23-10-21-45.kinect_color ,       26792,     26838, default        ,    46
vp7/run2b_2018-05-23-13-54-07.kinect_color,        7038,      7085, default        ,    47
vp15/run2_2018-05-30-13-34-33.kinect_color,       14765,     14778, default        ,    13
vp4/run1_2018-05-22-13-28-51.kinect_color ,        9192,      9212, default        ,    20
vp12/run1_2018-05-24-15-44-28.kinect_color,        3216,      3263, default        ,    47
vp5/run2b_2018-05-22-15-50-07.kinect_color,        4435,      4469, default        ,    34
vp5/run2b_2018-05-22-15-50-07.kinect_color,       12803,     12842, default        ,    39
vp3/run1b_2018-05-08-08-46-01.kinect_color,       17910,     17958, default        ,    48
vp8/run2_2018-05-23-15-30-27.kinect_color ,       19604,     19651, default        ,    47
vp2/run1_2018-05-03-14-08-31.kinect_color ,       10124,     10135, default        ,    11
vp12/run1_2018-05-24-15-44-28.kinect_color,       13355,     13399, default        ,    44
vp2/run2_2018-05-24-17-22-26.kinect_color ,       12231,     12252, default        ,    21
vp5/run2b_2018-05-22-15-50-07.kinect_color,        7113,      7157, default        ,    44
vp4/run1_2018-05-22-13-28-51.kinect_color ,       25696,     25734, default        ,    38
vp9/run1b_2018-05-23-16-19-17.kinect_color,       10020,     10062, default        ,    42
vp10/run2_2018-05-24-14-08-46.kinect_color,        2343,      2390, default        ,    47
vp3/run2_2018-05-29-16-03-37.kinect_color ,       13371,     13409, default        ,    38
vp6/run2_2018-05-23-11-05-00.kinect_color ,       21144,     21189, default        ,    45
vp15/run1_2018-05-30-13-05-35.kinect_color,        9666,      9679, default        ,    13
vp14/run2_2018-05-30-10-42-33.kinect_color,       13855,     13894, default        ,    39
vp2/run1_2018-05-03-14-08-31.kinect_color ,       16250,     16269, default        ,    19
vp11/run2_2018-05-24-14-35-56.kinect_color,        5276,      5322, default        ,    46
vp10/run1_2018-05-24-13-14-41.kinect_color,       10042,     10053, default        ,    11
vp8/run1d_2018-05-23-14-54-38.kinect_color,       14553,     14599, default        ,    46
vp15/run2_2018-05-30-13-34-33.kinect_color,       12458,     12485, default        ,    27
vp2/run2_2018-05-24-17-22-26.kinect_color ,        5643,      5686, default        ,    43
vp8/run2_2018-05-23-15-30-27.kinect_color ,        3275,      3317, default        ,    42
vp13/run2_2018-05-30-11-34-54.kinect_color,        5885,      5932, default        ,    47
vp2/run1_2018-05-03-14-08-31.kinect_color ,        7847,      7858, default        ,    11
vp7/run1_2018-05-23-13-16-52.kinect_color ,        6286,      6331, default        ,    45
vp1/run1b_2018-05-29-14-02-47.kinect_color,        5326,      5372, default        ,    46
vp14/run1_2018-05-30-10-11-09.kinect_color,        9587,      9589, default        ,     2
vp1/run1b_2018-05-29-14-02-47.kinect_color,        9279,      9318, default        ,    39
vp10/run1_2018-05-24-13-14-41.kinect_color,        4147,      4150, default        ,     3
vp14/run2_2018-05-30-10-42-33.kinect_color,        8560,      8569, default        ,     9
vp8/run2_2018-05-23-15-30-27.kinect_color ,        9917,      9961, default        ,    44
vp8/run1d_2018-05-23-14-54-38.kinect_color,        8523,      8566, default        ,    43
vp10/run2_2018-05-24-14-08-46.kinect_color,       15342,     15365, default        ,    23
vp4/run1_2018-05-22-13-28-51.kinect_color ,       28750,     28798, default        ,    48
vp8/run1d_2018-05-23-14-54-38.kinect_color,       20978,     21017, default        ,    39
vp12/run1_2018-05-24-15-44-28.kinect_color,       16320,     16366, default        ,    46
vp1/run1b_2018-05-29-14-02-47.kinect_color,        8821,      8866, default        ,    45
vp4/run1_2018-05-22-13-28-51.kinect_color ,       22084,     22128, default        ,    44
vp7/run1_2018-05-23-13-16-52.kinect_color ,       17848,     17856, default        ,     8
vp10/run1_2018-05-24-13-14-41.kinect_color,        8604,      8651, default        ,    47
vp15/run1_2018-05-30-13-05-35.kinect_color,       10039,     10084, default        ,    45
vp6/run1_2018-05-23-10-21-45.kinect_color ,       26790,     26804, default        ,    14
vp10/run1_2018-05-24-13-14-41.kinect_color,        5271,      5319, default        ,    48
vp3/run2_2018-05-29-16-03-37.kinect_color ,       12110,     12147, default        ,    37
vp12/run2_2018-05-24-16-21-35.kinect_color,       21390,     21395, default        ,     5
vp7/run2b_2018-05-23-13-54-07.kinect_color,        4390,      4435, default        ,    45
vp1/run2_2018-05-29-14-33-44.kinect_color ,        6552,      6599, default        ,    47
vp13/run1_2018-05-29-15-21-10.kinect_color,        6018,      6041, default        ,    23
vp2/run1_2018-05-03-14-08-31.kinect_color ,       10320,     10355, default        ,    35
vp3/run2_2018-05-29-16-03-37.kinect_color ,       11607,     11630, default        ,    23
vp1/run2_2018-05-29-14-33-44.kinect_color ,        3255,      3296, default        ,    41
vp4/run2_2018-05-22-14-25-04.kinect_color ,        6322,      6359, default        ,    37
vp3/run1b_2018-05-08-08-46-01.kinect_color,        4914,      4960, default        ,    46
vp8/run2_2018-05-23-15-30-27.kinect_color ,       14640,     14685, default        ,    45
vp5/run2b_2018-05-22-15-50-07.kinect_color,        1718,      1751, default        ,    33
vp10/run2_2018-05-24-14-08-46.kinect_color,        4083,      4127, default        ,    44
vp7/run2b_2018-05-23-13-54-07.kinect_color,        9906,      9944, default        ,    38
vp6/run1_2018-05-23-10-21-45.kinect_color ,        5136,      5180, default        ,    44
vp6/run1_2018-05-23-10-21-45.kinect_color ,        8102,      8127, default        ,    25
vp15/run2_2018-05-30-13-34-33.kinect_color,       12596,     12612, default        ,    16
vp15/run2_2018-05-30-13-34-33.kinect_color,       14769,     14777, default        ,     8
vp10/run2_2018-05-24-14-08-46.kinect_color,       20729,     20766, default        ,    37
vp11/run1_2018-05-24-13-44-01.kinect_color,        7532,      7562, default        ,    30
vp7/run1_2018-05-23-13-16-52.kinect_color ,       12205,     12222, default        ,    17
vp14/run1_2018-05-30-10-11-09.kinect_color,       10299,     10347, default        ,    48
vp1/run2_2018-05-29-14-33-44.kinect_color ,        5864,      5877, default        ,    13
vp5/run2b_2018-05-22-15-50-07.kinect_color,       15570,     15615, default        ,    45
vp9/run1b_2018-05-23-16-19-17.kinect_color,        8508,      8553, default        ,    45
vp12/run2_2018-05-24-16-21-35.kinect_color,       21071,     21116, default        ,    45
vp12/run1_2018-05-24-15-44-28.kinect_color,        7450,      7496, default        ,    46
vp8/run1d_2018-05-23-14-54-38.kinect_color,       22372,     22419, default        ,    47
vp9/run1b_2018-05-23-16-19-17.kinect_color,        6549,      6596, default        ,    47
vp14/run2_2018-05-30-10-42-33.kinect_color,       12052,     12096, default        ,    44
vp10/run2_2018-05-24-14-08-46.kinect_color,       17507,     17535, default        ,    28
vp6/run1_2018-05-23-10-21-45.kinect_color ,       10719,     10764, default        ,    45
vp12/run1_2018-05-24-15-44-28.kinect_color,       17549,     17596, default        ,    47
vp12/run2_2018-05-24-16-21-35.kinect_color,        9539,      9582, default        ,    43
vp14/run1_2018-05-30-10-11-09.kinect_color,       13167,     13215, default        ,    48
vp15/run1_2018-05-30-13-05-35.kinect_color,       18286,     18331, default        ,    45
vp1/run1b_2018-05-29-14-02-47.kinect_color,       14866,     14908, default        ,    42
vp3/run2_2018-05-29-16-03-37.kinect_color ,       15947,     15995, default        ,    48
vp2/run1_2018-05-03-14-08-31.kinect_color ,       10250,     10292, default        ,    42
vp15/run2_2018-05-30-13-34-33.kinect_color,       12986,     13031, default        ,    45
vp9/run1b_2018-05-23-16-19-17.kinect_color,        6755,      6795, default        ,    40
vp2/run2_2018-05-24-17-22-26.kinect_color ,       17840,     17886, default        ,    46
vp6/run1_2018-05-23-10-21-45.kinect_color ,       22870,     22916, default        ,    46
vp14/run1_2018-05-30-10-11-09.kinect_color,        4883,      4928, default        ,    45
vp4/run1_2018-05-22-13-28-51.kinect_color ,       23156,     23199, default        ,    43
vp7/run1_2018-05-23-13-16-52.kinect_color ,        3251,      3295, default        ,    44
vp10/run2_2018-05-24-14-08-46.kinect_color,       11313,     11317, default        ,     4
vp7/run2b_2018-05-23-13-54-07.kinect_color,        4313,      4360, default        ,    47
vp7/run1_2018-05-23-13-16-52.kinect_color ,        7059,      7103, default        ,    44
vp2/run1_2018-05-03-14-08-31.kinect_color ,       19376,     19420, default        ,    44
vp3/run2_2018-05-29-16-03-37.kinect_color ,        3254,      3271, default        ,    17
vp4/run2_2018-05-22-14-25-04.kinect_color ,        9053,      9086, default        ,    33
vp4/run2_2018-05-22-14-25-04.kinect_color ,       13498,     13543, default        ,    45
vp13/run2_2018-05-30-11-34-54.kinect_color,        2228,      2253, default        ,    25
vp12/run2_2018-05-24-16-21-35.kinect_color,       14640,     14682, default        ,    42
vp10/run1_2018-05-24-13-14-41.kinect_color,        4318,      4363, default        ,    45
vp14/run2_2018-05-30-10-42-33.kinect_color,       15073,     15117, default        ,    44
vp2/run2_2018-05-24-17-22-26.kinect_color ,        4820,      4853, default        ,    33
vp6/run2_2018-05-23-11-05-00.kinect_color ,         197,       230, default        ,    33
vp4/run2_2018-05-22-14-25-04.kinect_color ,        8037,      8077, default        ,    40
vp13/run2_2018-05-30-11-34-54.kinect_color,       18686,     18732, default        ,    46
vp1/run1b_2018-05-29-14-02-47.kinect_color,        9157,      9177, default        ,    20
vp14/run2_2018-05-30-10-42-33.kinect_color,        2081,      2128, default        ,    47
vp8/run1d_2018-05-23-14-54-38.kinect_color,       16313,     16337, default        ,    24
vp6/run1_2018-05-23-10-21-45.kinect_color ,        5375,      5420, default        ,    45
vp3/run1b_2018-05-08-08-46-01.kinect_color,       10296,     10310, default        ,    14
vp2/run2_2018-05-24-17-22-26.kinect_color ,        3945,      3989, default        ,    44
vp2/run1_2018-05-03-14-08-31.kinect_color ,       15893,     15938, default        ,    45
vp2/run1_2018-05-03-14-08-31.kinect_color ,       13089,     13133, default        ,    44
vp13/run1_2018-05-29-15-21-10.kinect_color,        4315,      4340, default        ,    25
vp13/run2_2018-05-30-11-34-54.kinect_color,        5981,      6026, default        ,    45
vp6/run2_2018-05-23-11-05-00.kinect_color ,        9681,      9728, default        ,    47
vp5/run1_2018-05-22-15-10-41.kinect_color ,        5807,      5851, default        ,    44
vp14/run2_2018-05-30-10-42-33.kinect_color,        8384,      8398, default        ,    14
vp9/run1b_2018-05-23-16-19-17.kinect_color,        8352,      8370, default        ,    18
vp12/run1_2018-05-24-15-44-28.kinect_color,       13675,     13722, default        ,    47
vp1/run2_2018-05-29-14-33-44.kinect_color ,       15831,     15879, default        ,    48
vp1/run2_2018-05-29-14-33-44.kinect_color ,        4394,      4438, default        ,    44
vp14/run2_2018-05-30-10-42-33.kinect_color,       11735,     11755, default        ,    20
vp2/run1_2018-05-03-14-08-31.kinect_color ,       16779,     16824, default        ,    45
vp7/run2b_2018-05-23-13-54-07.kinect_color,        4699,      4743, default        ,    44
vp2/run2_2018-05-24-17-22-26.kinect_color ,        5674,      5682, default        ,     8
vp13/run1_2018-05-29-15-21-10.kinect_color,       13627,     13659, default        ,    32
vp9/run1b_2018-05-23-16-19-17.kinect_color,        6582,      6610, default        ,    28
vp6/run2_2018-05-23-11-05-00.kinect_color ,       19054,     19101, default        ,    47
vp5/run2b_2018-05-22-15-50-07.kinect_color,         152,       197, default        ,    45
vp7/run1_2018-05-23-13-16-52.kinect_color ,        8933,      8979, default        ,    46
vp6/run2_2018-05-23-11-05-00.kinect_color ,       21314,     21316, default        ,     2
vp15/run2_2018-05-30-13-34-33.kinect_color,        5036,      5082, default        ,    46
vp3/run2_2018-05-29-16-03-37.kinect_color ,        3672,      3677, default        ,     5
vp8/run2_2018-05-23-15-30-27.kinect_color ,       12970,     13016, default        ,    46
vp12/run2_2018-05-24-16-21-35.kinect_color,        9930,      9970, default        ,    40
vp8/run1d_2018-05-23-14-54-38.kinect_color,       14174,     14219, default        ,    45
vp2/run2_2018-05-24-17-22-26.kinect_color ,       19824,     19870, default        ,    46
vp8/run1d_2018-05-23-14-54-38.kinect_color,       10232,     10252, default        ,    20
vp11/run1_2018-05-24-13-44-01.kinect_color,          65,       110, default        ,    45
vp12/run1_2018-05-24-15-44-28.kinect_color,        3622,      3667, default        ,    45
vp2/run1_2018-05-03-14-08-31.kinect_color ,       14109,     14155, default        ,    46
vp8/run2_2018-05-23-15-30-27.kinect_color ,       10021,     10067, default        ,    46
vp3/run1b_2018-05-08-08-46-01.kinect_color,       19382,     19422, default        ,    40
vp1/run1b_2018-05-29-14-02-47.kinect_color,       13194,     13206, default        ,    12
vp9/run1b_2018-05-23-16-19-17.kinect_color,       10860,     10897, default        ,    37
vp10/run1_2018-05-24-13-14-41.kinect_color,          57,        59, default        ,     2
vp10/run2_2018-05-24-14-08-46.kinect_color,        7382,      7426, default        ,    44
vp1/run2_2018-05-29-14-33-44.kinect_color ,       12759,     12762, default        ,     3
vp6/run1_2018-05-23-10-21-45.kinect_color ,       26607,     26654, default        ,    47
vp5/run2b_2018-05-22-15-50-07.kinect_color,       12866,     12911, default        ,    45
vp1/run2_2018-05-29-14-33-44.kinect_color ,       10813,     10844, default        ,    31
vp8/run2_2018-05-23-15-30-27.kinect_color ,       11653,     11689, default        ,    36
vp12/run1_2018-05-24-15-44-28.kinect_color,       13401,     13446, default        ,    45
vp6/run2_2018-05-23-11-05-00.kinect_color ,       20261,     20307, default        ,    46
vp3/run1b_2018-05-08-08-46-01.kinect_color,        6195,      6237, default        ,    42
vp3/run1b_2018-05-08-08-46-01.kinect_color,       10585,     10629, default        ,    44
vp5/run1_2018-05-22-15-10-41.kinect_color ,       26599,     26647, default        ,    48
vp3/run1b_2018-05-08-08-46-01.kinect_color,        3542,      3548, default        ,     6
vp9/run1b_2018-05-23-16-19-17.kinect_color,       14424,     14433, default        ,     9
vp14/run1_2018-05-30-10-11-09.kinect_color,        6581,      6591, default        ,    10
vp1/run2_2018-05-29-14-33-44.kinect_color ,       19624,     19624, default        ,     0
vp14/run1_2018-05-30-10-11-09.kinect_color,        3513,      3561, default        ,    48
vp2/run2_2018-05-24-17-22-26.kinect_color ,        5577,      5614, default        ,    37
vp12/run1_2018-05-24-15-44-28.kinect_color,       19071,     19115, default        ,    44
vp15/run2_2018-05-30-13-34-33.kinect_color,       14507,     14553, default        ,    46
vp4/run1_2018-05-22-13-28-51.kinect_color ,       22573,     22598, default        ,    25
vp13/run1_2018-05-29-15-21-10.kinect_color,       17792,     17815, default        ,    23
vp12/run2_2018-05-24-16-21-35.kinect_color,         293,       337, default        ,    44
vp15/run1_2018-05-30-13-05-35.kinect_color,       15169,     15173, default        ,     4
vp2/run1_2018-05-03-14-08-31.kinect_color ,       13901,     13948, default        ,    47
vp10/run1_2018-05-24-13-14-41.kinect_color,       11095,     11139, default        ,    44
vp8/run1d_2018-05-23-14-54-38.kinect_color,       20188,     20213, default        ,    25
vp11/run1_2018-05-24-13-44-01.kinect_color,       14387,     14432, default        ,    45
vp14/run2_2018-05-30-10-42-33.kinect_color,        9386,      9429, default        ,    43
vp1/run1b_2018-05-29-14-02-47.kinect_color,        5774,      5819, default        ,    45
vp5/run1_2018-05-22-15-10-41.kinect_color ,        2825,      2870, default        ,    45
vp8/run1d_2018-05-23-14-54-38.kinect_color,       16365,     16407, default        ,    42
vp3/run1b_2018-05-08-08-46-01.kinect_color,        7296,      7340, default        ,    44
vp12/run1_2018-05-24-15-44-28.kinect_color,        3232,      3280, default        ,    48
vp13/run1_2018-05-29-15-21-10.kinect_color,        3546,      3592, default        ,    46
vp3/run2_2018-05-29-16-03-37.kinect_color ,        6449,      6493, default        ,    44
vp12/run2_2018-05-24-16-21-35.kinect_color,       11839,     11889, default        ,    50
vp5/run2b_2018-05-22-15-50-07.kinect_color,       12726,     12773, default        ,    47
vp8/run2_2018-05-23-15-30-27.kinect_color ,       12979,     13025, default        ,    46
vp5/run1_2018-05-22-15-10-41.kinect_color ,       26189,     26235, default        ,    46
vp8/run1d_2018-05-23-14-54-38.kinect_color,       10151,     10196, default        ,    45
vp13/run2_2018-05-30-11-34-54.kinect_color,       17026,     17071, default        ,    45
vp11/run2_2018-05-24-14-35-56.kinect_color,        4443,      4467, default        ,    24
vp4/run2_2018-05-22-14-25-04.kinect_color ,       13976,     14021, default        ,    45
vp6/run2_2018-05-23-11-05-00.kinect_color ,       15181,     15222, default        ,    41
vp8/run2_2018-05-23-15-30-27.kinect_color ,       13986,     14029, default        ,    43
vp7/run1_2018-05-23-13-16-52.kinect_color ,       12411,     12429, default        ,    18
vp9/run1b_2018-05-23-16-19-17.kinect_color,       15243,     15275, default        ,    32
vp5/run2b_2018-05-22-15-50-07.kinect_color,       17640,     17654, default        ,    14
vp5/run1_2018-05-22-15-10-41.kinect_color ,       24866,     24892, default        ,    26
vp6/run1_2018-05-23-10-21-45.kinect_color ,       24156,     24201, default        ,    45
vp13/run2_2018-05-30-11-34-54.kinect_color,        5359,      5405, default        ,    46
vp15/run1_2018-05-30-13-05-35.kinect_color,       14002,     14037, default        ,    35
vp2/run1_2018-05-03-14-08-31.kinect_color ,       10476,     10522, default        ,    46
vp10/run2_2018-05-24-14-08-46.kinect_color,       16114,     16157, default        ,    43
vp6/run1_2018-05-23-10-21-45.kinect_color ,       11325,     11369, default        ,    44
vp12/run1_2018-05-24-15-44-28.kinect_color,       17603,     17623, default        ,    20
vp15/run2_2018-05-30-13-34-33.kinect_color,        9769,      9816, default        ,    47
vp1/run2_2018-05-29-14-33-44.kinect_color ,       12754,     12790, default        ,    36
vp4/run2_2018-05-22-14-25-04.kinect_color ,        2979,      3022, default        ,    43
vp5/run2b_2018-05-22-15-50-07.kinect_color,       13706,     13711, default        ,     5
vp6/run2_2018-05-23-11-05-00.kinect_color ,        4941,      4987, default        ,    46
vp9/run1b_2018-05-23-16-19-17.kinect_color,        3770,      3815, default        ,    45
vp14/run2_2018-05-30-10-42-33.kinect_color,       11824,     11867, default        ,    43
vp12/run2_2018-05-24-16-21-35.kinect_color,        9964,     10006, default        ,    42
vp1/run2_2018-05-29-14-33-44.kinect_color ,        7823,      7867, default        ,    44
vp14/run1_2018-05-30-10-11-09.kinect_color,        6106,      6150, default        ,    44
vp15/run2_2018-05-30-13-34-33.kinect_color,        3477,      3523, default        ,    46
vp13/run1_2018-05-29-15-21-10.kinect_color,        5782,      5816, default        ,    34
vp4/run1_2018-05-22-13-28-51.kinect_color ,        6606,      6649, default        ,    43
vp4/run1_2018-05-22-13-28-51.kinect_color ,       31799,     31845, default        ,    46
vp10/run2_2018-05-24-14-08-46.kinect_color,       12971,     13016, default        ,    45
vp8/run2_2018-05-23-15-30-27.kinect_color ,       18808,     18823, default        ,    15
vp4/run2_2018-05-22-14-25-04.kinect_color ,       18494,     18509, default        ,    15
vp9/run1b_2018-05-23-16-19-17.kinect_color,       14713,     14759, default        ,    46
vp15/run1_2018-05-30-13-05-35.kinect_color,        3872,      3905, default        ,    33
vp11/run1_2018-05-24-13-44-01.kinect_color,       15582,     15597, default        ,    15
vp14/run1_2018-05-30-10-11-09.kinect_color,       23542,     23562, default        ,    20
vp15/run1_2018-05-30-13-05-35.kinect_color,        3885,      3899, default        ,    14
vp10/run1_2018-05-24-13-14-41.kinect_color,        8355,      8394, default        ,    39
vp6/run1_2018-05-23-10-21-45.kinect_color ,       24151,     24200, default        ,    49
vp12/run1_2018-05-24-15-44-28.kinect_color,        7479,      7523, default        ,    44
vp5/run1_2018-05-22-15-10-41.kinect_color ,        5345,      5357, default        ,    12
vp1/run2_2018-05-29-14-33-44.kinect_color ,       13122,     13126, default        ,     4
vp10/run2_2018-05-24-14-08-46.kinect_color,         852,       890, default        ,    38
vp10/run1_2018-05-24-13-14-41.kinect_color,        4191,      4217, default        ,    26
vp14/run1_2018-05-30-10-11-09.kinect_color,       16299,     16349, default        ,    50
vp12/run1_2018-05-24-15-44-28.kinect_color,       17502,     17546, default        ,    44
vp11/run1_2018-05-24-13-44-01.kinect_color,       15378,     15424, default        ,    46
vp4/run1_2018-05-22-13-28-51.kinect_color ,       21787,     21821, default        ,    34
vp6/run2_2018-05-23-11-05-00.kinect_color ,       12351,     12397, default        ,    46
vp3/run2_2018-05-29-16-03-37.kinect_color ,       10773,     10817, default        ,    44
vp5/run2b_2018-05-22-15-50-07.kinect_color,        6790,      6839, default        ,    49
vp14/run1_2018-05-30-10-11-09.kinect_color,          16,        63, default        ,    47
vp8/run2_2018-05-23-15-30-27.kinect_color ,       14692,     14738, default        ,    46
vp13/run1_2018-05-29-15-21-10.kinect_color,        9670,      9715, default        ,    45
vp11/run1_2018-05-24-13-44-01.kinect_color,        5934,      5983, default        ,    49
vp10/run2_2018-05-24-14-08-46.kinect_color,        3927,      3967, default        ,    40
vp1/run2_2018-05-29-14-33-44.kinect_color ,       19296,     19316, default        ,    20
vp14/run1_2018-05-30-10-11-09.kinect_color,        6350,      6385, default        ,    35
vp2/run1_2018-05-03-14-08-31.kinect_color ,       21687,     21698, default        ,    11
vp4/run2_2018-05-22-14-25-04.kinect_color ,       27239,     27283, default        ,    44
vp13/run1_2018-05-29-15-21-10.kinect_color,          67,       112, default        ,    45
vp6/run1_2018-05-23-10-21-45.kinect_color ,       24161,     24205, default        ,    44
vp11/run2_2018-05-24-14-35-56.kinect_color,        9380,      9418, default        ,    38
vp11/run2_2018-05-24-14-35-56.kinect_color,        3637,      3682, default        ,    45
vp4/run2_2018-05-22-14-25-04.kinect_color ,       14022,     14050, default        ,    28
vp6/run2_2018-05-23-11-05-00.kinect_color ,       14414,     14459, default        ,    45
vp15/run1_2018-05-30-13-05-35.kinect_color,        6968,      6971, default        ,     3
vp5/run2b_2018-05-22-15-50-07.kinect_color,       15032,     15079, default        ,    47
vp5/run2b_2018-05-22-15-50-07.kinect_color,        4748,      4795, default        ,    47
vp5/run2b_2018-05-22-15-50-07.kinect_color,        3378,      3426, default        ,    48
vp1/run1b_2018-05-29-14-02-47.kinect_color,       11635,     11665, default        ,    30
vp3/run1b_2018-05-08-08-46-01.kinect_color,        7857,      7902, default        ,    45
vp6/run2_2018-05-23-11-05-00.kinect_color ,        5379,      5425, default        ,    46
vp4/run1_2018-05-22-13-28-51.kinect_color ,       19245,     19291, default        ,    46
vp11/run1_2018-05-24-13-44-01.kinect_color,       12208,     12234, default        ,    26
vp8/run2_2018-05-23-15-30-27.kinect_color ,       13195,     13237, default        ,    42
vp5/run1_2018-05-22-15-10-41.kinect_color ,        5485,      5532, default        ,    47
vp11/run2_2018-05-24-14-35-56.kinect_color,       11443,     11487, default        ,    44
vp3/run2_2018-05-29-16-03-37.kinect_color ,       13840,     13850, default        ,    10
vp3/run1b_2018-05-08-08-46-01.kinect_color,       20060,     20104, default        ,    44
vp13/run2_2018-05-30-11-34-54.kinect_color,        8730,      8776, default        ,    46
vp10/run1_2018-05-24-13-14-41.kinect_color,       18398,     18419, default        ,    21
vp3/run1b_2018-05-08-08-46-01.kinect_color,        7091,      7101, default        ,    10
vp3/run1b_2018-05-08-08-46-01.kinect_color,        7866,      7904, default        ,    38
vp2/run2_2018-05-24-17-22-26.kinect_color ,        5754,      5797, default        ,    43
vp7/run2b_2018-05-23-13-54-07.kinect_color,       10435,     10449, default        ,    14
vp10/run1_2018-05-24-13-14-41.kinect_color,       20868,     20913, default        ,    45
vp5/run2b_2018-05-22-15-50-07.kinect_color,        3381,      3429, default        ,    48
vp10/run1_2018-05-24-13-14-41.kinect_color,        9298,      9342, default        ,    44
vp11/run1_2018-05-24-13-44-01.kinect_color,       18364,     18411, default        ,    47
vp4/run2_2018-05-22-14-25-04.kinect_color ,       22674,     22697, default        ,    23
vp8/run2_2018-05-23-15-30-27.kinect_color ,       14419,     14429, default        ,    10
vp15/run2_2018-05-30-13-34-33.kinect_color,       14037,     14082, default        ,    45
vp14/run1_2018-05-30-10-11-09.kinect_color,       16105,     16149, default        ,    44
vp5/run2b_2018-05-22-15-50-07.kinect_color,        4927,      4974, default        ,    47
vp15/run1_2018-05-30-13-05-35.kinect_color,        4919,      4964, default        ,    45
vp1/run1b_2018-05-29-14-02-47.kinect_color,       13162,     13209, default        ,    47
vp10/run1_2018-05-24-13-14-41.kinect_color,       20866,     20910, default        ,    44
vp2/run2_2018-05-24-17-22-26.kinect_color ,        4928,      4974, default        ,    46
vp13/run2_2018-05-30-11-34-54.kinect_color,       19149,     19195, default        ,    46
vp3/run1b_2018-05-08-08-46-01.kinect_color,         259,       303, default        ,    44
vp4/run2_2018-05-22-14-25-04.kinect_color ,       12052,     12093, default        ,    41
vp3/run2_2018-05-29-16-03-37.kinect_color ,       15797,     15802, default        ,     5
vp6/run1_2018-05-23-10-21-45.kinect_color ,       20938,     20984, default        ,    46
vp4/run2_2018-05-22-14-25-04.kinect_color ,       24991,     24994, default        ,     3
vp4/run2_2018-05-22-14-25-04.kinect_color ,       14019,     14047, default        ,    28
vp8/run2_2018-05-23-15-30-27.kinect_color ,       14834,     14837, default        ,     3
vp2/run1_2018-05-03-14-08-31.kinect_color ,       12293,     12337, default        ,    44
vp14/run1_2018-05-30-10-11-09.kinect_color,       13507,     13554, default        ,    47
vp1/run1b_2018-05-29-14-02-47.kinect_color,       13319,     13364, default        ,    45
vp11/run2_2018-05-24-14-35-56.kinect_color,        6203,      6249, default        ,    46
vp2/run2_2018-05-24-17-22-26.kinect_color ,       17835,     17884, default        ,    49
vp3/run1b_2018-05-08-08-46-01.kinect_color,        5353,      5399, default        ,    46
vp9/run1b_2018-05-23-16-19-17.kinect_color,        3930,      3974, default        ,    44
vp11/run2_2018-05-24-14-35-56.kinect_color,       13585,     13635, default        ,    50
vp13/run1_2018-05-29-15-21-10.kinect_color,       13743,     13789, default        ,    46
vp6/run2_2018-05-23-11-05-00.kinect_color ,       13542,     13557, default        ,    15
vp1/run1b_2018-05-29-14-02-47.kinect_color,       13186,     13231, default        ,    45
vp10/run2_2018-05-24-14-08-46.kinect_color,       10964,     11012, default        ,    48
vp7/run2b_2018-05-23-13-54-07.kinect_color,       10073,     10079, default        ,     6
vp5/run2b_2018-05-22-15-50-07.kinect_color,       16032,     16077, default        ,    45
vp12/run1_2018-05-24-15-44-28.kinect_color,       10226,     10272, default        ,    46
vp12/run1_2018-05-24-15-44-28.kinect_color,       10914,     10922, default        ,     8
vp9/run1b_2018-05-23-16-19-17.kinect_color,       12365,     12411, default        ,    46
vp10/run2_2018-05-24-14-08-46.kinect_color,        5771,      5818, default        ,    47
vp1/run2_2018-05-29-14-33-44.kinect_color ,       12768,     12770, default        ,     2
vp2/run2_2018-05-24-17-22-26.kinect_color ,       19810,     19854, default        ,    44
vp14/run2_2018-05-30-10-42-33.kinect_color,       11822,     11834, default        ,    12
vp9/run1b_2018-05-23-16-19-17.kinect_color,        9758,      9769, default        ,    11
vp13/run2_2018-05-30-11-34-54.kinect_color,       14784,     14829, default        ,    45
vp1/run1b_2018-05-29-14-02-47.kinect_color,       15305,     15327, default        ,    22
vp15/run1_2018-05-30-13-05-35.kinect_color,        4939,      4969, default        ,    30
vp2/run1_2018-05-03-14-08-31.kinect_color ,       19365,     19409, default        ,    44
vp14/run1_2018-05-30-10-11-09.kinect_color,       16151,     16197, default        ,    46
vp15/run1_2018-05-30-13-05-35.kinect_color,        5676,      5724, default        ,    48
vp8/run1d_2018-05-23-14-54-38.kinect_color,       18603,     18645, default        ,    42
vp10/run1_2018-05-24-13-14-41.kinect_color,       17891,     17935, default        ,    44
vp3/run2_2018-05-29-16-03-37.kinect_color ,          76,        97, default        ,    21
vp5/run1_2018-05-22-15-10-41.kinect_color ,       13739,     13786, default        ,    47
vp15/run1_2018-05-30-13-05-35.kinect_color,       17309,     17315, default        ,     6
vp8/run2_2018-05-23-15-30-27.kinect_color ,       13512,     13558, default        ,    46
vp13/run2_2018-05-30-11-34-54.kinect_color,       10628,     10673, default        ,    45
vp4/run2_2018-05-22-14-25-04.kinect_color ,       10883,     10930, default        ,    47
vp6/run1_2018-05-23-10-21-45.kinect_color ,        8110,      8156, default        ,    46
vp4/run1_2018-05-22-13-28-51.kinect_color ,       28413,     28457, default        ,    44
vp2/run1_2018-05-03-14-08-31.kinect_color ,       20531,     20573, default        ,    42
vp13/run1_2018-05-29-15-21-10.kinect_color,       13652,     13661, default        ,     9
vp11/run1_2018-05-24-13-44-01.kinect_color,        3203,      3246, default        ,    43
vp14/run1_2018-05-30-10-11-09.kinect_color,       17047,     17080, default        ,    33
vp7/run1_2018-05-23-13-16-52.kinect_color ,       12282,     12320, default        ,    38
vp6/run2_2018-05-23-11-05-00.kinect_color ,       21026,     21072, default        ,    46
vp2/run2_2018-05-24-17-22-26.kinect_color ,        3638,      3684, default        ,    46
vp13/run1_2018-05-29-15-21-10.kinect_color,        3502,      3548, default        ,    46
vp10/run2_2018-05-24-14-08-46.kinect_color,        1422,      1471, default        ,    49
vp7/run1_2018-05-23-13-16-52.kinect_color ,       20277,     20322, default        ,    45
vp8/run2_2018-05-23-15-30-27.kinect_color ,       19605,     19620, default        ,    15
vp14/run2_2018-05-30-10-42-33.kinect_color,        7960,      8007, default        ,    47
vp11/run1_2018-05-24-13-44-01.kinect_color,        7046,      7091, default        ,    45
vp14/run1_2018-05-30-10-11-09.kinect_color,       12833,     12880, default        ,    47
vp10/run2_2018-05-24-14-08-46.kinect_color,       13316,     13360, default        ,    44
vp7/run1_2018-05-23-13-16-52.kinect_color ,       20402,     20446, default        ,    44
vp6/run2_2018-05-23-11-05-00.kinect_color ,         265,       308, default        ,    43
vp1/run2_2018-05-29-14-33-44.kinect_color ,       13247,     13291, default        ,    44
vp4/run1_2018-05-22-13-28-51.kinect_color ,        5787,      5832, default        ,    45
vp12/run1_2018-05-24-15-44-28.kinect_color,       15492,     15536, default        ,    44
vp6/run1_2018-05-23-10-21-45.kinect_color ,       15171,     15214, default        ,    43
vp11/run2_2018-05-24-14-35-56.kinect_color,        9373,      9419, default        ,    46
vp14/run1_2018-05-30-10-11-09.kinect_color,       13236,     13255, default        ,    19
vp7/run1_2018-05-23-13-16-52.kinect_color ,       15947,     15977, default        ,    30
vp1/run2_2018-05-29-14-33-44.kinect_color ,        5599,      5646, default        ,    47
vp12/run1_2018-05-24-15-44-28.kinect_color,       13313,     13357, default        ,    44
vp10/run1_2018-05-24-13-14-41.kinect_color,        5597,      5642, default        ,    45
vp5/run1_2018-05-22-15-10-41.kinect_color ,       14170,     14201, default        ,    31
vp5/run1_2018-05-22-15-10-41.kinect_color ,        5817,      5856, default        ,    39
vp12/run1_2018-05-24-15-44-28.kinect_color,        1792,      1836, default        ,    44
vp12/run2_2018-05-24-16-21-35.kinect_color,        6718,      6740, default        ,    22
vp9/run1b_2018-05-23-16-19-17.kinect_color,        7022,      7067, default        ,    45
vp8/run1d_2018-05-23-14-54-38.kinect_color,       20979,     21022, default        ,    43
vp6/run1_2018-05-23-10-21-45.kinect_color ,        5729,      5776, default        ,    47
vp11/run2_2018-05-24-14-35-56.kinect_color,        6745,      6791, default        ,    46
vp1/run1b_2018-05-29-14-02-47.kinect_color,        8673,      8679, default        ,     6
vp14/run2_2018-05-30-10-42-33.kinect_color,       19955,     19998, default        ,    43
vp5/run1_2018-05-22-15-10-41.kinect_color ,        8545,      8575, default        ,    30
vp8/run1d_2018-05-23-14-54-38.kinect_color,       11711,     11757, default        ,    46
vp3/run2_2018-05-29-16-03-37.kinect_color ,        6984,      7027, default        ,    43
vp13/run2_2018-05-30-11-34-54.kinect_color,       10626,     10670, default        ,    44
vp3/run2_2018-05-29-16-03-37.kinect_color ,         175,       220, default        ,    45
vp14/run2_2018-05-30-10-42-33.kinect_color,       12076,     12122, default        ,    46
vp1/run1b_2018-05-29-14-02-47.kinect_color,        8827,      8871, default        ,    44
vp14/run2_2018-05-30-10-42-33.kinect_color,       12392,     12397, default        ,     5
vp6/run1_2018-05-23-10-21-45.kinect_color ,        7695,      7741, default        ,    46
vp14/run1_2018-05-30-10-11-09.kinect_color,       18613,     18633, default        ,    20
vp4/run1_2018-05-22-13-28-51.kinect_color ,        7403,      7428, default        ,    25
vp6/run1_2018-05-23-10-21-45.kinect_color ,       13421,     13470, default        ,    49
vp5/run2b_2018-05-22-15-50-07.kinect_color,       15260,     15264, default        ,     4
vp3/run2_2018-05-29-16-03-37.kinect_color ,       11572,     11616, default        ,    44
vp1/run2_2018-05-29-14-33-44.kinect_color ,       11648,     11697, default        ,    49
vp7/run2b_2018-05-23-13-54-07.kinect_color,        4485,      4533, default        ,    48
vp2/run2_2018-05-24-17-22-26.kinect_color ,       14357,     14370, default        ,    13
vp5/run1_2018-05-22-15-10-41.kinect_color ,        7388,      7406, default        ,    18
vp4/run2_2018-05-22-14-25-04.kinect_color ,         149,       194, default        ,    45
vp1/run1b_2018-05-29-14-02-47.kinect_color,       18218,     18263, default        ,    45
vp4/run2_2018-05-22-14-25-04.kinect_color ,       17523,     17568, default        ,    45
vp9/run1b_2018-05-23-16-19-17.kinect_color,        7863,      7876, default        ,    13
vp1/run1b_2018-05-29-14-02-47.kinect_color,        8706,      8739, default        ,    33
vp1/run2_2018-05-29-14-33-44.kinect_color ,        7201,      7207, default        ,     6
vp7/run1_2018-05-23-13-16-52.kinect_color ,       19931,     19957, default        ,    26
vp14/run2_2018-05-30-10-42-33.kinect_color,       16964,     16984, default        ,    20
vp2/run1_2018-05-03-14-08-31.kinect_color ,       18224,     18236, default        ,    12
vp15/run2_2018-05-30-13-34-33.kinect_color,        7785,      7828, default        ,    43
vp7/run2b_2018-05-23-13-54-07.kinect_color,        4744,      4766, default        ,    22
vp6/run1_2018-05-23-10-21-45.kinect_color ,        8359,      8402, default        ,    43
vp14/run2_2018-05-30-10-42-33.kinect_color,        9310,      9311, default        ,     1
vp1/run2_2018-05-29-14-33-44.kinect_color ,          43,        58, default        ,    15
vp7/run2b_2018-05-23-13-54-07.kinect_color,        9778,      9821, default        ,    43
vp3/run2_2018-05-29-16-03-37.kinect_color ,        6587,      6629, default        ,    42
vp1/run1b_2018-05-29-14-02-47.kinect_color,       12378,     12404, default        ,    26
vp6/run2_2018-05-23-11-05-00.kinect_color ,        3564,      3589, default        ,    25
vp7/run1_2018-05-23-13-16-52.kinect_color ,       20647,     20662, default        ,    15
vp10/run2_2018-05-24-14-08-46.kinect_color,       11073,     11118, default        ,    45
vp8/run2_2018-05-23-15-30-27.kinect_color ,        8363,      8410, default        ,    47
vp5/run1_2018-05-22-15-10-41.kinect_color ,       24670,     24714, default        ,    44
vp12/run2_2018-05-24-16-21-35.kinect_color,        7401,      7410, default        ,     9
vp11/run2_2018-05-24-14-35-56.kinect_color,        5355,      5401, default        ,    46
vp5/run1_2018-05-22-15-10-41.kinect_color ,        4592,      4638, default        ,    46
vp13/run1_2018-05-29-15-21-10.kinect_color,        3477,      3522, default        ,    45
vp5/run1_2018-05-22-15-10-41.kinect_color ,       10013,     10029, default        ,    16
vp15/run2_2018-05-30-13-34-33.kinect_color,       13970,     14014, default        ,    44
vp3/run2_2018-05-29-16-03-37.kinect_color ,       10777,     10820, default        ,    43
vp2/run1_2018-05-03-14-08-31.kinect_color ,       11917,     11964, default        ,    47
vp6/run2_2018-05-23-11-05-00.kinect_color ,        6227,      6276, default        ,    49
vp15/run2_2018-05-30-13-34-33.kinect_color,       11686,     11731, default        ,    45
vp8/run1d_2018-05-23-14-54-38.kinect_color,       10707,     10715, default        ,     8
vp15/run1_2018-05-30-13-05-35.kinect_color,       17491,     17538, default        ,    47
vp12/run1_2018-05-24-15-44-28.kinect_color,       15438,     15483, default        ,    45
vp6/run2_2018-05-23-11-05-00.kinect_color ,       10093,     10138, default        ,    45
vp8/run2_2018-05-23-15-30-27.kinect_color ,       15131,     15173, default        ,    42
vp15/run2_2018-05-30-13-34-33.kinect_color,        5134,      5176, default        ,    42
vp14/run1_2018-05-30-10-11-09.kinect_color,       13177,     13221, default        ,    44
vp1/run2_2018-05-29-14-33-44.kinect_color ,        4803,      4832, default        ,    29
vp2/run1_2018-05-03-14-08-31.kinect_color ,       16114,     16145, default        ,    31
vp8/run1d_2018-05-23-14-54-38.kinect_color,       22339,     22382, default        ,    43
vp15/run1_2018-05-30-13-05-35.kinect_color,        7682,      7727, default        ,    45
vp7/run1_2018-05-23-13-16-52.kinect_color ,        9579,      9625, default        ,    46
vp1/run1b_2018-05-29-14-02-47.kinect_color,       18248,     18254, default        ,     6
vp9/run1b_2018-05-23-16-19-17.kinect_color,       14627,     14673, default        ,    46
vp15/run2_2018-05-30-13-34-33.kinect_color,       14094,     14140, default        ,    46
vp3/run1b_2018-05-08-08-46-01.kinect_color,       17708,     17753, default        ,    45
vp6/run2_2018-05-23-11-05-00.kinect_color ,       14732,     14745, default        ,    13
vp4/run2_2018-05-22-14-25-04.kinect_color ,        5515,      5561, default        ,    46
vp14/run2_2018-05-30-10-42-33.kinect_color,       12065,     12111, default        ,    46
vp4/run1_2018-05-22-13-28-51.kinect_color ,       10417,     10429, default        ,    12
vp1/run2_2018-05-29-14-33-44.kinect_color ,         342,       386, default        ,    44
vp8/run1d_2018-05-23-14-54-38.kinect_color,       13838,     13881, default        ,    43
vp7/run1_2018-05-23-13-16-52.kinect_color ,       15813,     15859, default        ,    46
vp15/run2_2018-05-30-13-34-33.kinect_color,       12455,     12480, default        ,    25
vp2/run1_2018-05-03-14-08-31.kinect_color ,        4876,      4919, default        ,    43
vp8/run2_2018-05-23-15-30-27.kinect_color ,       14832,     14842, default        ,    10
vp7/run2b_2018-05-23-13-54-07.kinect_color,       10475,     10523, default        ,    48
vp3/run1b_2018-05-08-08-46-01.kinect_color,         106,       154, default        ,    48
vp14/run1_2018-05-30-10-11-09.kinect_color,       12838,     12883, default        ,    45
vp4/run2_2018-05-22-14-25-04.kinect_color ,       13404,     13451, default        ,    47
vp5/run2b_2018-05-22-15-50-07.kinect_color,       11321,     11370, default        ,    49
vp8/run1d_2018-05-23-14-54-38.kinect_color,       16523,     16559, default        ,    36
vp1/run1b_2018-05-29-14-02-47.kinect_color,         125,       171, default        ,    46
vp15/run1_2018-05-30-13-05-35.kinect_color,        8002,      8021, default        ,    19
vp11/run2_2018-05-24-14-35-56.kinect_color,        5740,      5767, default        ,    27
vp3/run2_2018-05-29-16-03-37.kinect_color ,        9194,      9238, default        ,    44
vp10/run2_2018-05-24-14-08-46.kinect_color,       17124,     17136, default        ,    12
vp8/run1d_2018-05-23-14-54-38.kinect_color,       20445,     20494, default        ,    49
vp1/run2_2018-05-29-14-33-44.kinect_color ,        8423,      8454, default        ,    31
vp8/run1d_2018-05-23-14-54-38.kinect_color,       17513,     17560, default        ,    47
vp12/run1_2018-05-24-15-44-28.kinect_color,       13678,     13724, default        ,    46
vp12/run1_2018-05-24-15-44-28.kinect_color,       11818,     11864, default        ,    46
vp6/run2_2018-05-23-11-05-00.kinect_color ,       19478,     19497, default        ,    19
vp11/run2_2018-05-24-14-35-56.kinect_color,       12197,     12229, default        ,    32
vp6/run1_2018-05-23-10-21-45.kinect_color ,         911,       948, default        ,    37
vp15/run2_2018-05-30-13-34-33.kinect_color,       12371,     12416, default        ,    45
vp3/run2_2018-05-29-16-03-37.kinect_color ,        4515,      4562, default        ,    47
vp10/run2_2018-05-24-14-08-46.kinect_color,       12551,     12595, default        ,    44
vp3/run1b_2018-05-08-08-46-01.kinect_color,       19949,     19956, default        ,     7
vp14/run1_2018-05-30-10-11-09.kinect_color,       13245,     13249, default        ,     4
vp10/run2_2018-05-24-14-08-46.kinect_color,        7111,      7156, default        ,    45
vp7/run2b_2018-05-23-13-54-07.kinect_color,        3341,      3388, default        ,    47
vp13/run1_2018-05-29-15-21-10.kinect_color,       13641,     13652, default        ,    11
vp12/run2_2018-05-24-16-21-35.kinect_color,        3329,      3359, default        ,    30
vp6/run2_2018-05-23-11-05-00.kinect_color ,        5618,      5665, default        ,    47
vp8/run2_2018-05-23-15-30-27.kinect_color ,       18893,     18910, default        ,    17
vp1/run1b_2018-05-29-14-02-47.kinect_color,        8951,      8983, default        ,    32
vp15/run2_2018-05-30-13-34-33.kinect_color,       12378,     12417, default        ,    39
vp11/run1_2018-05-24-13-44-01.kinect_color,       16073,     16104, default        ,    31
vp2/run2_2018-05-24-17-22-26.kinect_color ,       11184,     11205, default        ,    21
vp14/run1_2018-05-30-10-11-09.kinect_color,       18609,     18654, default        ,    45
vp3/run1b_2018-05-08-08-46-01.kinect_color,       18539,     18550, default        ,    11
vp11/run1_2018-05-24-13-44-01.kinect_color,        5116,      5145, default        ,    29
vp2/run2_2018-05-24-17-22-26.kinect_color ,        8816,      8859, default        ,    43
vp14/run1_2018-05-30-10-11-09.kinect_color,        2079,      2123, default        ,    44
vp3/run1b_2018-05-08-08-46-01.kinect_color,       15664,     15692, default        ,    28
vp13/run2_2018-05-30-11-34-54.kinect_color,       10579,     10622, default        ,    43
vp2/run1_2018-05-03-14-08-31.kinect_color ,        7054,      7060, default        ,     6
vp9/run1b_2018-05-23-16-19-17.kinect_color,       14433,     14451, default        ,    18
vp3/run2_2018-05-29-16-03-37.kinect_color ,        7591,      7637, default        ,    46
vp2/run1_2018-05-03-14-08-31.kinect_color ,        7878,      7923, default        ,    45
vp11/run2_2018-05-24-14-35-56.kinect_color,         148,       194, default        ,    46
vp11/run1_2018-05-24-13-44-01.kinect_color,        9690,      9695, default        ,     5
vp5/run1_2018-05-22-15-10-41.kinect_color ,       13072,     13116, default        ,    44
vp15/run1_2018-05-30-13-05-35.kinect_color,        8201,      8233, default        ,    32
vp4/run2_2018-05-22-14-25-04.kinect_color ,       23852,     23899, default        ,    47
vp15/run2_2018-05-30-13-34-33.kinect_color,        9167,      9213, default        ,    46
vp9/run1b_2018-05-23-16-19-17.kinect_color,        9335,      9380, default        ,    45
vp14/run1_2018-05-30-10-11-09.kinect_color,        4878,      4911, default        ,    33
vp4/run2_2018-05-22-14-25-04.kinect_color ,        7083,      7131, default        ,    48
vp2/run2_2018-05-24-17-22-26.kinect_color ,       14008,     14053, default        ,    45
vp12/run1_2018-05-24-15-44-28.kinect_color,       11542,     11586, default        ,    44
vp11/run1_2018-05-24-13-44-01.kinect_color,       15719,     15723, default        ,     4
vp12/run2_2018-05-24-16-21-35.kinect_color,       20521,     20565, default        ,    44
vp11/run1_2018-05-24-13-44-01.kinect_color,        5465,      5485, default        ,    20
vp14/run2_2018-05-30-10-42-33.kinect_color,        8082,      8110, default        ,    28
vp3/run1b_2018-05-08-08-46-01.kinect_color,        4864,      4909, default        ,    45
vp3/run1b_2018-05-08-08-46-01.kinect_color,       18127,     18173, default        ,    46
vp6/run2_2018-05-23-11-05-00.kinect_color ,       19184,     19190, default        ,     6
vp11/run2_2018-05-24-14-35-56.kinect_color,        6911,      6956, default        ,    45
vp10/run2_2018-05-24-14-08-46.kinect_color,        3339,      3384, default        ,    45
vp2/run1_2018-05-03-14-08-31.kinect_color ,        4632,      4667, default        ,    35
vp12/run2_2018-05-24-16-21-35.kinect_color,       21024,     21070, default        ,    46
vp9/run1b_2018-05-23-16-19-17.kinect_color,       10333,     10380, default        ,    47
vp7/run1_2018-05-23-13-16-52.kinect_color ,       14038,     14046, default        ,     8
vp15/run1_2018-05-30-13-05-35.kinect_color,        5436,      5481, default        ,    45
vp13/run2_2018-05-30-11-34-54.kinect_color,        6321,      6368, default        ,    47
vp15/run2_2018-05-30-13-34-33.kinect_color,       12631,     12674, default        ,    43
vp6/run2_2018-05-23-11-05-00.kinect_color ,        2414,      2458, default        ,    44
vp4/run2_2018-05-22-14-25-04.kinect_color ,       17568,     17601, default        ,    33
vp2/run1_2018-05-03-14-08-31.kinect_color ,       10425,     10441, default        ,    16
vp14/run2_2018-05-30-10-42-33.kinect_color,       14071,     14118, default        ,    47
vp11/run2_2018-05-24-14-35-56.kinect_color,        5915,      5961, default        ,    46
vp8/run2_2018-05-23-15-30-27.kinect_color ,       18883,     18926, default        ,    43
vp5/run2b_2018-05-22-15-50-07.kinect_color,       10733,     10766, default        ,    33
vp4/run2_2018-05-22-14-25-04.kinect_color ,       26644,     26687, default        ,    43
vp10/run2_2018-05-24-14-08-46.kinect_color,       15729,     15775, default        ,    46
vp12/run2_2018-05-24-16-21-35.kinect_color,       21022,     21067, default        ,    45
vp7/run1_2018-05-23-13-16-52.kinect_color ,        8486,      8531, default        ,    45
vp7/run1_2018-05-23-13-16-52.kinect_color ,       18964,     18979, default        ,    15
vp11/run2_2018-05-24-14-35-56.kinect_color,        7926,      7939, default        ,    13
vp15/run1_2018-05-30-13-05-35.kinect_color,       12675,     12721, default        ,    46
vp3/run1b_2018-05-08-08-46-01.kinect_color,         212,       261, default        ,    49
vp7/run1_2018-05-23-13-16-52.kinect_color ,       15402,     15447, default        ,    45
vp8/run1d_2018-05-23-14-54-38.kinect_color,       21108,     21128, default        ,    20
vp2/run1_2018-05-03-14-08-31.kinect_color ,         463,       470, default        ,     7
vp8/run1d_2018-05-23-14-54-38.kinect_color,       16290,     16335, default        ,    45
vp11/run1_2018-05-24-13-44-01.kinect_color,        3277,      3300, default        ,    23
vp3/run2_2018-05-29-16-03-37.kinect_color ,        5323,      5367, default        ,    44
vp8/run1d_2018-05-23-14-54-38.kinect_color,       13869,     13916, default        ,    47
vp15/run1_2018-05-30-13-05-35.kinect_color,       15432,     15480, default        ,    48
vp8/run1d_2018-05-23-14-54-38.kinect_color,        4700,      4724, default        ,    24
vp5/run1_2018-05-22-15-10-41.kinect_color ,       19555,     19600, default        ,    45
vp14/run1_2018-05-30-10-11-09.kinect_color,        4826,      4872, default        ,    46
vp14/run2_2018-05-30-10-42-33.kinect_color,       13989,     14007, default        ,    18
vp10/run1_2018-05-24-13-14-41.kinect_color,       17057,     17067, default        ,    10
vp5/run2b_2018-05-22-15-50-07.kinect_color,       14535,     14557, default        ,    22
vp15/run2_2018-05-30-13-34-33.kinect_color,       11112,     11155, default        ,    43
vp11/run1_2018-05-24-13-44-01.kinect_color,       10546,     10593, default        ,    47
vp15/run1_2018-05-30-13-05-35.kinect_color,       14850,     14894, default        ,    44
vp4/run1_2018-05-22-13-28-51.kinect_color ,       23785,     23829, default        ,    44
vp15/run2_2018-05-30-13-34-33.kinect_color,       12645,     12661, default        ,    16
vp5/run1_2018-05-22-15-10-41.kinect_color ,       10011,     10023, default        ,    12
vp3/run2_2018-05-29-16-03-37.kinect_color ,        3361,      3363, default        ,     2
vp12/run2_2018-05-24-16-21-35.kinect_color,       19107,     19137, default        ,    30
vp6/run2_2018-05-23-11-05-00.kinect_color ,        5169,      5210, default        ,    41
vp12/run1_2018-05-24-15-44-28.kinect_color,       16826,     16829, default        ,     3
vp1/run2_2018-05-29-14-33-44.kinect_color ,       14720,     14723, default        ,     3
vp6/run2_2018-05-23-11-05-00.kinect_color ,       18185,     18190, default        ,     5
vp10/run1_2018-05-24-13-14-41.kinect_color,       18872,     18915, default        ,    43
vp10/run2_2018-05-24-14-08-46.kinect_color,       16592,     16639, default        ,    47
vp14/run2_2018-05-30-10-42-33.kinect_color,        8085,      8129, default        ,    44
vp14/run1_2018-05-30-10-11-09.kinect_color,        9752,      9798, default        ,    46
vp1/run2_2018-05-29-14-33-44.kinect_color ,       16418,     16424, default        ,     6
vp1/run1b_2018-05-29-14-02-47.kinect_color,       17331,     17352, default        ,    21
vp5/run2b_2018-05-22-15-50-07.kinect_color,        3993,      4041, default        ,    48
vp11/run1_2018-05-24-13-44-01.kinect_color,         238,       243, default        ,     5
vp10/run2_2018-05-24-14-08-46.kinect_color,       16901,     16916, default        ,    15
vp2/run1_2018-05-03-14-08-31.kinect_color ,       16489,     16532, default        ,    43
vp5/run2b_2018-05-22-15-50-07.kinect_color,       11721,     11765, default        ,    44
vp3/run1b_2018-05-08-08-46-01.kinect_color,       16778,     16821, default        ,    43
vp12/run1_2018-05-24-15-44-28.kinect_color,        4178,      4223, default        ,    45
vp8/run2_2018-05-23-15-30-27.kinect_color ,       13999,     14045, default        ,    46
vp8/run2_2018-05-23-15-30-27.kinect_color ,       14507,     14553, default        ,    46
vp5/run1_2018-05-22-15-10-41.kinect_color ,       17893,     17939, default        ,    46
vp6/run2_2018-05-23-11-05-00.kinect_color ,       17634,     17681, default        ,    47
vp9/run1b_2018-05-23-16-19-17.kinect_color,        6629,      6632, default        ,     3
vp15/run2_2018-05-30-13-34-33.kinect_color,       12246,     12255, default        ,     9
vp14/run2_2018-05-30-10-42-33.kinect_color,         770,       802, default        ,    32
vp3/run2_2018-05-29-16-03-37.kinect_color ,       10813,     10821, default        ,     8
vp14/run1_2018-05-30-10-11-09.kinect_color,         789,       836, default        ,    47
vp13/run2_2018-05-30-11-34-54.kinect_color,       13056,     13105, default        ,    49
vp2/run1_2018-05-03-14-08-31.kinect_color ,        6816,      6859, default        ,    43
vp15/run1_2018-05-30-13-05-35.kinect_color,        6823,      6868, default        ,    45
vp1/run2_2018-05-29-14-33-44.kinect_color ,       19232,     19277, default        ,    45
vp6/run1_2018-05-23-10-21-45.kinect_color ,       15371,     15383, default        ,    12
vp8/run1d_2018-05-23-14-54-38.kinect_color,       18573,     18598, default        ,    25
vp2/run2_2018-05-24-17-22-26.kinect_color ,        7935,      7951, default        ,    16
vp13/run2_2018-05-30-11-34-54.kinect_color,        4409,      4454, default        ,    45
vp4/run1_2018-05-22-13-28-51.kinect_color ,       11032,     11079, default        ,    47
vp7/run1_2018-05-23-13-16-52.kinect_color ,        6298,      6346, default        ,    48
vp5/run1_2018-05-22-15-10-41.kinect_color ,       17890,     17926, default        ,    36
vp5/run2b_2018-05-22-15-50-07.kinect_color,       10370,     10413, default        ,    43
vp14/run1_2018-05-30-10-11-09.kinect_color,        3553,      3596, default        ,    43
vp10/run2_2018-05-24-14-08-46.kinect_color,       16642,     16681, default        ,    39
vp8/run1d_2018-05-23-14-54-38.kinect_color,       17155,     17201, default        ,    46
vp4/run2_2018-05-22-14-25-04.kinect_color ,        7674,      7721, default        ,    47
vp2/run2_2018-05-24-17-22-26.kinect_color ,        5823,      5870, default        ,    47
vp2/run2_2018-05-24-17-22-26.kinect_color ,        2618,      2665, default        ,    47
vp11/run2_2018-05-24-14-35-56.kinect_color,          17,        17, default        ,     0
vp9/run1b_2018-05-23-16-19-17.kinect_color,        7880,      7924, default        ,    44
vp13/run1_2018-05-29-15-21-10.kinect_color,       12177,     12196, default        ,    19
vp14/run1_2018-05-30-10-11-09.kinect_color,        6636,      6686, default        ,    50
vp5/run2b_2018-05-22-15-50-07.kinect_color,         367,       413, default        ,    46
vp10/run2_2018-05-24-14-08-46.kinect_color,       14068,     14097, default        ,    29
vp15/run2_2018-05-30-13-34-33.kinect_color,       11148,     11195, default        ,    47
vp3/run1b_2018-05-08-08-46-01.kinect_color,        5085,      5134, default        ,    49
vp9/run1b_2018-05-23-16-19-17.kinect_color,       10279,     10320, default        ,    41
